<?xml version='1.0' encoding='utf-8'?>
<kml xmlns="http://www.opengis.net/kml/2.2">
  <Document>
    <name>品川区 町会・自治会区域</name>
    <description>品川区の公開データを基に、町会・自治会区域を淡い4色で塗り分けたGoogleマイマップ用データです。</description>
    <Style id="area-0">
      <LineStyle>
        <color>ff776a59</color>
        <width>1.5</width>
      </LineStyle>
      <PolyStyle>
        <color>b8ebdcc7</color>
        <fill>1</fill>
        <outline>1</outline>
      </PolyStyle>
    </Style>
    <Style id="area-1">
      <LineStyle>
        <color>ff776a59</color>
        <width>1.5</width>
      </LineStyle>
      <PolyStyle>
        <color>b8c5e5d8</color>
        <fill>1</fill>
        <outline>1</outline>
      </PolyStyle>
    </Style>
    <Style id="area-2">
      <LineStyle>
        <color>ff776a59</color>
        <width>1.5</width>
      </LineStyle>
      <PolyStyle>
        <color>b8c8d8ea</color>
        <fill>1</fill>
        <outline>1</outline>
      </PolyStyle>
    </Style>
    <Style id="area-3">
      <LineStyle>
        <color>ff776a59</color>
        <width>1.5</width>
      </LineStyle>
      <PolyStyle>
        <color>b8e8d3dd</color>
        <fill>1</fill>
        <outline>1</outline>
      </PolyStyle>
    </Style>
    <Style id="area-unassigned">
      <LineStyle>
        <color>ff776a59</color>
        <width>1.5</width>
      </LineStyle>
      <PolyStyle>
        <color>80a19991</color>
        <fill>1</fill>
        <outline>1</outline>
      </PolyStyle>
    </Style>
    <Placemark>
      <name>大井二丁目町会</name>
      <description>町会・自治会名: 大井二丁目町会
公式町会名: 大井二丁目町会
地域区分: 大井第二地域
住所区域: 大井2丁目 3番～6番 / 大井2丁目 16番～23番
町会の紹介: 「向こう三軒両隣」を合言葉に子ども達やお年寄りがお花見、お祭り、町内美化等の行事に参加し親睦を深めています。また、いざという時のために、日頃からお互いに助け合う＝共助＝和の精神で関係づくりに努めています。
出典: https://www2.wagmap.jp/shinagawa/OpenDataDetail?lid=2100&amp;mids=110
https://www.city.shinagawa.tokyo.jp/PC/chiiki/chiiki-tyokai/chiiki-tyokai-ooi2/index.html
https://www.shinagawa-choukaijichikai.jp/association/
https://pc.tamemap.net/1310901/activities?utf8=%E2%9C%93&amp;area=&amp;category=%E7%94%BA%E4%BC%9A%E3%83%BB%E8%87%AA%E6%B2%BB%E4%BC%9A&amp;word=
https://www.shinagawa-choukaijichikai.jp/oiarea/464/</description>
      <styleUrl>#area-0</styleUrl>
      <ExtendedData>
        <Data name="町会・自治会名">
          <value>大井二丁目町会</value>
        </Data>
        <Data name="公式町会名">
          <value>大井二丁目町会</value>
        </Data>
        <Data name="地域区分">
          <value>大井第二地域</value>
        </Data>
        <Data name="住所区域">
          <value>大井2丁目 3番～6番 / 大井2丁目 16番～23番</value>
        </Data>
        <Data name="町会長">
          <value />
        </Data>
        <Data name="代表者">
          <value />
        </Data>
        <Data name="連絡先">
          <value />
        </Data>
        <Data name="電話">
          <value />
        </Data>
        <Data name="メール">
          <value />
        </Data>
        <Data name="町会の紹介">
          <value>「向こう三軒両隣」を合言葉に子ども達やお年寄りがお花見、お祭り、町内美化等の行事に参加し親睦を深めています。また、いざという時のために、日頃からお互いに助け合う＝共助＝和の精神で関係づくりに努めています。</value>
        </Data>
        <Data name="活動実績">
          <value />
        </Data>
        <Data name="ホームページ">
          <value />
        </Data>
        <Data name="SNS">
          <value />
        </Data>
        <Data name="出典">
          <value>https://www2.wagmap.jp/shinagawa/OpenDataDetail?lid=2100&amp;mids=110
https://www.city.shinagawa.tokyo.jp/PC/chiiki/chiiki-tyokai/chiiki-tyokai-ooi2/index.html
https://www.shinagawa-choukaijichikai.jp/association/
https://pc.tamemap.net/1310901/activities?utf8=%E2%9C%93&amp;area=&amp;category=%E7%94%BA%E4%BC%9A%E3%83%BB%E8%87%AA%E6%B2%BB%E4%BC%9A&amp;word=
https://www.shinagawa-choukaijichikai.jp/oiarea/464/</value>
        </Data>
      </ExtendedData>
      <Polygon>
        <tessellate>1</tessellate>
        <altitudeMode>clampToGround</altitudeMode>
        <outerBoundaryIs>
          <LinearRing>
            <coordinates>139.727988,35.605351,0 139.728030,35.605346,0 139.728489,35.604872,0 139.728520,35.604839,0 139.728813,35.604533,0 139.728846,35.604506,0 139.729142,35.604267,0 139.729245,35.604180,0 139.729552,35.603905,0 139.729507,35.603866,0 139.729497,35.603850,0 139.729487,35.603827,0 139.729505,35.603714,0 139.729289,35.603622,0 139.728980,35.603466,0 139.728712,35.603341,0 139.728606,35.603306,0 139.728462,35.603248,0 139.728300,35.603203,0 139.728121,35.603171,0 139.727570,35.603097,0 139.727444,35.603077,0 139.727316,35.603052,0 139.727181,35.603023,0 139.727100,35.603006,0 139.727010,35.602986,0 139.726928,35.603162,0 139.726890,35.603231,0 139.726810,35.603322,0 139.726589,35.603565,0 139.726455,35.603805,0 139.726341,35.604001,0 139.726305,35.604049,0 139.726143,35.604227,0 139.726208,35.604287,0 139.726324,35.604370,0 139.726410,35.604418,0 139.726497,35.604451,0 139.726701,35.604514,0 139.726896,35.604619,0 139.726973,35.604662,0 139.727106,35.604754,0 139.727234,35.604874,0 139.727580,35.605231,0 139.727742,35.605402,0 139.727745,35.605405,0 139.727988,35.605351,0</coordinates>
          </LinearRing>
        </outerBoundaryIs>
      </Polygon>
    </Placemark>
    <Placemark>
      <name>二葉中央町会</name>
      <description>町会・自治会名: 二葉中央町会
公式町会名: 二葉中央町会
地域区分: 荏原第五地域
住所区域: 二葉2丁目 10番～26番 / 二葉3丁目 17番～21番
町会の紹介: 大正12年に相互扶助、町内融和を目的として町会結成。戦前の神輿や山車は今も祭礼で活躍しています。芝居小屋型の町会会館が完成した昭和28年頃には、区画整理により消防車も通れる安全なまちになりました。町会行事は、元旦初詣、成人の日の餅つき、初詣バス旅行に始まり9月の祭礼、防災訓練、歳末警戒等。また、有志による区民消火隊もあります。ぜひ町会にご参加を！
出典: https://www2.wagmap.jp/shinagawa/OpenDataDetail?lid=2100&amp;mids=110
https://www.city.shinagawa.tokyo.jp/PC/chiiki/chiiki-tyokai/hpg000011184.html
https://www.shinagawa-choukaijichikai.jp/association/
https://pc.tamemap.net/1310901/activities?utf8=%E2%9C%93&amp;area=&amp;category=%E7%94%BA%E4%BC%9A%E3%83%BB%E8%87%AA%E6%B2%BB%E4%BC%9A&amp;word=
https://www.shinagawa-choukaijichikai.jp/ebaraarea/560/</description>
      <styleUrl>#area-0</styleUrl>
      <ExtendedData>
        <Data name="町会・自治会名">
          <value>二葉中央町会</value>
        </Data>
        <Data name="公式町会名">
          <value>二葉中央町会</value>
        </Data>
        <Data name="地域区分">
          <value>荏原第五地域</value>
        </Data>
        <Data name="住所区域">
          <value>二葉2丁目 10番～26番 / 二葉3丁目 17番～21番</value>
        </Data>
        <Data name="町会長">
          <value />
        </Data>
        <Data name="代表者">
          <value />
        </Data>
        <Data name="連絡先">
          <value />
        </Data>
        <Data name="電話">
          <value />
        </Data>
        <Data name="メール">
          <value />
        </Data>
        <Data name="町会の紹介">
          <value>大正12年に相互扶助、町内融和を目的として町会結成。戦前の神輿や山車は今も祭礼で活躍しています。芝居小屋型の町会会館が完成した昭和28年頃には、区画整理により消防車も通れる安全なまちになりました。町会行事は、元旦初詣、成人の日の餅つき、初詣バス旅行に始まり9月の祭礼、防災訓練、歳末警戒等。また、有志による区民消火隊もあります。ぜひ町会にご参加を！</value>
        </Data>
        <Data name="活動実績">
          <value />
        </Data>
        <Data name="ホームページ">
          <value />
        </Data>
        <Data name="SNS">
          <value />
        </Data>
        <Data name="出典">
          <value>https://www2.wagmap.jp/shinagawa/OpenDataDetail?lid=2100&amp;mids=110
https://www.city.shinagawa.tokyo.jp/PC/chiiki/chiiki-tyokai/hpg000011184.html
https://www.shinagawa-choukaijichikai.jp/association/
https://pc.tamemap.net/1310901/activities?utf8=%E2%9C%93&amp;area=&amp;category=%E7%94%BA%E4%BC%9A%E3%83%BB%E8%87%AA%E6%B2%BB%E4%BC%9A&amp;word=
https://www.shinagawa-choukaijichikai.jp/ebaraarea/560/</value>
        </Data>
      </ExtendedData>
      <Polygon>
        <tessellate>1</tessellate>
        <altitudeMode>clampToGround</altitudeMode>
        <outerBoundaryIs>
          <LinearRing>
            <coordinates>139.723357,35.605490,0 139.723438,35.605472,0 139.723922,35.604804,0 139.724464,35.603980,0 139.724952,35.603277,0 139.724629,35.603073,0 139.724425,35.602958,0 139.724249,35.602873,0 139.723817,35.602693,0 139.723747,35.602815,0 139.723520,35.602807,0 139.723455,35.602767,0 139.723399,35.602746,0 139.723330,35.602741,0 139.723174,35.602722,0 139.723102,35.602867,0 139.722964,35.602830,0 139.722389,35.602660,0 139.722447,35.602515,0 139.722242,35.602455,0 139.722230,35.602247,0 139.722197,35.602209,0 139.722173,35.602198,0 139.721895,35.602155,0 139.721726,35.602130,0 139.722000,35.602748,0 139.721884,35.602778,0 139.721912,35.602858,0 139.721735,35.603152,0 139.721656,35.603629,0 139.721610,35.603734,0 139.721279,35.604157,0 139.721493,35.604276,0 139.721716,35.604362,0 139.721782,35.604385,0 139.721882,35.604406,0 139.722002,35.604423,0 139.722087,35.604441,0 139.722132,35.604457,0 139.722175,35.604477,0 139.722224,35.604515,0 139.722303,35.604592,0 139.722371,35.604675,0 139.722452,35.604801,0 139.722639,35.605156,0 139.722749,35.605323,0 139.722931,35.605430,0 139.723119,35.605526,0 139.723153,35.605534,0 139.723357,35.605490,0</coordinates>
          </LinearRing>
        </outerBoundaryIs>
      </Polygon>
    </Placemark>
    <Placemark>
      <name>旗の台南町会</name>
      <description>町会・自治会名: 旗の台南町会
公式町会名: 旗の台南町会
地域区分: 荏原第二地域
住所区域: 旗の台5丁目 1番～5番 / 旗の台5丁目 13番～20番 / 旗の台6丁目 26番～33番
出典: https://www2.wagmap.jp/shinagawa/OpenDataDetail?lid=2100&amp;mids=110
https://www.city.shinagawa.tokyo.jp/PC/chiiki/chiiki-tyokai/hpg000011181.html
https://www.shinagawa-choukaijichikai.jp/association/
https://pc.tamemap.net/1310901/activities?utf8=%E2%9C%93&amp;area=&amp;category=%E7%94%BA%E4%BC%9A%E3%83%BB%E8%87%AA%E6%B2%BB%E4%BC%9A&amp;word=
https://www.shinagawa-choukaijichikai.jp/ebaraarea/519/</description>
      <styleUrl>#area-1</styleUrl>
      <ExtendedData>
        <Data name="町会・自治会名">
          <value>旗の台南町会</value>
        </Data>
        <Data name="公式町会名">
          <value>旗の台南町会</value>
        </Data>
        <Data name="地域区分">
          <value>荏原第二地域</value>
        </Data>
        <Data name="住所区域">
          <value>旗の台5丁目 1番～5番 / 旗の台5丁目 13番～20番 / 旗の台6丁目 26番～33番</value>
        </Data>
        <Data name="町会長">
          <value />
        </Data>
        <Data name="代表者">
          <value />
        </Data>
        <Data name="連絡先">
          <value />
        </Data>
        <Data name="電話">
          <value />
        </Data>
        <Data name="メール">
          <value />
        </Data>
        <Data name="町会の紹介">
          <value />
        </Data>
        <Data name="活動実績">
          <value />
        </Data>
        <Data name="ホームページ">
          <value />
        </Data>
        <Data name="SNS">
          <value />
        </Data>
        <Data name="出典">
          <value>https://www2.wagmap.jp/shinagawa/OpenDataDetail?lid=2100&amp;mids=110
https://www.city.shinagawa.tokyo.jp/PC/chiiki/chiiki-tyokai/hpg000011181.html
https://www.shinagawa-choukaijichikai.jp/association/
https://pc.tamemap.net/1310901/activities?utf8=%E2%9C%93&amp;area=&amp;category=%E7%94%BA%E4%BC%9A%E3%83%BB%E8%87%AA%E6%B2%BB%E4%BC%9A&amp;word=
https://www.shinagawa-choukaijichikai.jp/ebaraarea/519/</value>
        </Data>
      </ExtendedData>
      <Polygon>
        <tessellate>1</tessellate>
        <altitudeMode>clampToGround</altitudeMode>
        <outerBoundaryIs>
          <LinearRing>
            <coordinates>139.699426,35.605766,0 139.699599,35.605622,0 139.699853,35.605417,0 139.699661,35.605300,0 139.699801,35.605288,0 139.699837,35.605286,0 139.700103,35.605284,0 139.700336,35.605291,0 139.700828,35.605282,0 139.701185,35.605222,0 139.701699,35.605131,0 139.702311,35.605011,0 139.702840,35.604909,0 139.702573,35.604762,0 139.702551,35.604748,0 139.702051,35.604479,0 139.701947,35.604426,0 139.701621,35.604248,0 139.701019,35.603921,0 139.700882,35.603846,0 139.700851,35.603831,0 139.700712,35.603754,0 139.700563,35.603674,0 139.700442,35.603608,0 139.700127,35.603438,0 139.700108,35.603428,0 139.699979,35.603357,0 139.699791,35.603256,0 139.699513,35.603109,0 139.699367,35.603027,0 139.699236,35.602957,0 139.699122,35.603023,0 139.699041,35.603077,0 139.698932,35.603168,0 139.698868,35.603227,0 139.698744,35.603350,0 139.698538,35.603540,0 139.698174,35.603864,0 139.697953,35.604080,0 139.697996,35.604118,0 139.697856,35.604266,0 139.697742,35.604376,0 139.697686,35.604422,0 139.697667,35.604433,0 139.697657,35.604436,0 139.697651,35.604442,0 139.697630,35.604465,0 139.697608,35.604486,0 139.697546,35.604517,0 139.697430,35.604571,0 139.697381,35.604613,0 139.697278,35.604731,0 139.697171,35.604924,0 139.697147,35.604957,0 139.697113,35.604981,0 139.697085,35.605007,0 139.697041,35.605055,0 139.696813,35.605333,0 139.696799,35.605350,0 139.696652,35.605541,0 139.696643,35.605552,0 139.697941,35.606169,0 139.698190,35.606288,0 139.699179,35.606484,0 139.699426,35.605766,0</coordinates>
          </LinearRing>
        </outerBoundaryIs>
      </Polygon>
    </Placemark>
    <Placemark>
      <name>豊町六丁目町会</name>
      <description>町会・自治会名: 豊町六丁目町会
公式町会名: 豊町六丁目町会
地域区分: 荏原第四地域
住所区域: 豊町6丁目 4番～21番 / 豊町6丁目 27番～31番
町会の紹介: 豊町6丁目町会は、大原通りを境に戸越6丁目町会に隣接し、南は二葉4丁目町会、東に豊町5丁目町会、西に東中三町会と接しています。木造建築が多く、災害に弱い街と都から指定されていますが、交通の便は良く、住み良い街です。町内のほぼ中央に町会会館があります。築60年になろうかという古い二階建てですが、70人規模の集会ができます。ゆたか防災広場もでき街もさらに住み良くなりました。
出典: https://www2.wagmap.jp/shinagawa/OpenDataDetail?lid=2100&amp;mids=110
https://www.city.shinagawa.tokyo.jp/PC/chiiki/chiiki-tyokai/hpg000011183.html
https://www.shinagawa-choukaijichikai.jp/association/
https://pc.tamemap.net/1310901/activities?utf8=%E2%9C%93&amp;area=&amp;category=%E7%94%BA%E4%BC%9A%E3%83%BB%E8%87%AA%E6%B2%BB%E4%BC%9A&amp;word=
https://www.shinagawa-choukaijichikai.jp/ebaraarea/550/</description>
      <styleUrl>#area-3</styleUrl>
      <ExtendedData>
        <Data name="町会・自治会名">
          <value>豊町六丁目町会</value>
        </Data>
        <Data name="公式町会名">
          <value>豊町六丁目町会</value>
        </Data>
        <Data name="地域区分">
          <value>荏原第四地域</value>
        </Data>
        <Data name="住所区域">
          <value>豊町6丁目 4番～21番 / 豊町6丁目 27番～31番</value>
        </Data>
        <Data name="町会長">
          <value />
        </Data>
        <Data name="代表者">
          <value />
        </Data>
        <Data name="連絡先">
          <value />
        </Data>
        <Data name="電話">
          <value />
        </Data>
        <Data name="メール">
          <value />
        </Data>
        <Data name="町会の紹介">
          <value>豊町6丁目町会は、大原通りを境に戸越6丁目町会に隣接し、南は二葉4丁目町会、東に豊町5丁目町会、西に東中三町会と接しています。木造建築が多く、災害に弱い街と都から指定されていますが、交通の便は良く、住み良い街です。町内のほぼ中央に町会会館があります。築60年になろうかという古い二階建てですが、70人規模の集会ができます。ゆたか防災広場もでき街もさらに住み良くなりました。</value>
        </Data>
        <Data name="活動実績">
          <value />
        </Data>
        <Data name="ホームページ">
          <value />
        </Data>
        <Data name="SNS">
          <value />
        </Data>
        <Data name="出典">
          <value>https://www2.wagmap.jp/shinagawa/OpenDataDetail?lid=2100&amp;mids=110
https://www.city.shinagawa.tokyo.jp/PC/chiiki/chiiki-tyokai/hpg000011183.html
https://www.shinagawa-choukaijichikai.jp/association/
https://pc.tamemap.net/1310901/activities?utf8=%E2%9C%93&amp;area=&amp;category=%E7%94%BA%E4%BC%9A%E3%83%BB%E8%87%AA%E6%B2%BB%E4%BC%9A&amp;word=
https://www.shinagawa-choukaijichikai.jp/ebaraarea/550/</value>
        </Data>
      </ExtendedData>
      <Polygon>
        <tessellate>1</tessellate>
        <altitudeMode>clampToGround</altitudeMode>
        <outerBoundaryIs>
          <LinearRing>
            <coordinates>139.718029,35.606449,0 139.718176,35.605914,0 139.718322,35.605436,0 139.718357,35.605210,0 139.718422,35.604815,0 139.718468,35.604510,0 139.718544,35.603949,0 139.718094,35.603803,0 139.717875,35.603729,0 139.717796,35.603707,0 139.717461,35.603619,0 139.717297,35.603570,0 139.716959,35.603462,0 139.716746,35.603384,0 139.716677,35.603356,0 139.716659,35.603353,0 139.716516,35.603351,0 139.716372,35.603367,0 139.716123,35.603398,0 139.716052,35.603405,0 139.716007,35.603403,0 139.715767,35.603380,0 139.715674,35.603373,0 139.715580,35.603375,0 139.715461,35.603384,0 139.715277,35.603406,0 139.714991,35.603444,0 139.714515,35.603510,0 139.714478,35.603513,0 139.714561,35.603866,0 139.714666,35.604260,0 139.714670,35.604300,0 139.714761,35.604689,0 139.714769,35.604728,0 139.714879,35.605226,0 139.714884,35.605268,0 139.714981,35.605784,0 139.715642,35.605952,0 139.716563,35.606204,0 139.717580,35.606477,0 139.717991,35.606590,0 139.718029,35.606449,0</coordinates>
          </LinearRing>
        </outerBoundaryIs>
      </Polygon>
    </Placemark>
    <Placemark>
      <name>大井森下町会</name>
      <description>町会・自治会名: 大井森下町会
公式町会名: 大井森下町会
地域区分: 大井第二地域
住所区域: 大井2丁目 1番（3～25号）・2番 / 大井2丁目 7番～15番 / 大井2丁目 24番～27番 / 二葉1丁目 21番（2、15、16号） / 二葉1丁目 22番（12～13号）
町会の紹介: 春のさくらまつり、夏のドジョウつかみ・金魚すくい、秋の敬老の日の集い・祭礼・レクリエーション、冬の餅つき大会などの行事で会員の親睦を図っています。その他、毎月の防犯パトロール、町内清掃、年末の夜警を行っております。
出典: https://www2.wagmap.jp/shinagawa/OpenDataDetail?lid=2100&amp;mids=110
https://www.city.shinagawa.tokyo.jp/PC/chiiki/chiiki-tyokai/chiiki-tyokai-ooi2/index.html
https://www.shinagawa-choukaijichikai.jp/association/
https://pc.tamemap.net/1310901/activities?utf8=%E2%9C%93&amp;area=&amp;category=%E7%94%BA%E4%BC%9A%E3%83%BB%E8%87%AA%E6%B2%BB%E4%BC%9A&amp;word=
https://www.shinagawa-choukaijichikai.jp/oiarea/463/</description>
      <styleUrl>#area-1</styleUrl>
      <ExtendedData>
        <Data name="町会・自治会名">
          <value>大井森下町会</value>
        </Data>
        <Data name="公式町会名">
          <value>大井森下町会</value>
        </Data>
        <Data name="地域区分">
          <value>大井第二地域</value>
        </Data>
        <Data name="住所区域">
          <value>大井2丁目 1番（3～25号）・2番 / 大井2丁目 7番～15番 / 大井2丁目 24番～27番 / 二葉1丁目 21番（2、15、16号） / 二葉1丁目 22番（12～13号）</value>
        </Data>
        <Data name="町会長">
          <value />
        </Data>
        <Data name="代表者">
          <value />
        </Data>
        <Data name="連絡先">
          <value />
        </Data>
        <Data name="電話">
          <value />
        </Data>
        <Data name="メール">
          <value />
        </Data>
        <Data name="町会の紹介">
          <value>春のさくらまつり、夏のドジョウつかみ・金魚すくい、秋の敬老の日の集い・祭礼・レクリエーション、冬の餅つき大会などの行事で会員の親睦を図っています。その他、毎月の防犯パトロール、町内清掃、年末の夜警を行っております。</value>
        </Data>
        <Data name="活動実績">
          <value />
        </Data>
        <Data name="ホームページ">
          <value />
        </Data>
        <Data name="SNS">
          <value />
        </Data>
        <Data name="出典">
          <value>https://www2.wagmap.jp/shinagawa/OpenDataDetail?lid=2100&amp;mids=110
https://www.city.shinagawa.tokyo.jp/PC/chiiki/chiiki-tyokai/chiiki-tyokai-ooi2/index.html
https://www.shinagawa-choukaijichikai.jp/association/
https://pc.tamemap.net/1310901/activities?utf8=%E2%9C%93&amp;area=&amp;category=%E7%94%BA%E4%BC%9A%E3%83%BB%E8%87%AA%E6%B2%BB%E4%BC%9A&amp;word=
https://www.shinagawa-choukaijichikai.jp/oiarea/463/</value>
        </Data>
      </ExtendedData>
      <Polygon>
        <tessellate>1</tessellate>
        <altitudeMode>clampToGround</altitudeMode>
        <outerBoundaryIs>
          <LinearRing>
            <coordinates>139.730069,35.606466,0 139.730135,35.606250,0 139.730135,35.606249,0 139.730336,35.605807,0 139.730458,35.605545,0 139.730661,35.604927,0 139.730871,35.604180,0 139.730986,35.603860,0 139.730755,35.603862,0 139.729881,35.603789,0 139.729505,35.603714,0 139.729487,35.603827,0 139.729497,35.603850,0 139.729507,35.603866,0 139.729552,35.603905,0 139.729245,35.604180,0 139.729142,35.604267,0 139.728846,35.604506,0 139.728813,35.604533,0 139.728520,35.604839,0 139.728489,35.604872,0 139.728030,35.605346,0 139.727988,35.605351,0 139.727745,35.605405,0 139.728072,35.605740,0 139.727936,35.605878,0 139.727896,35.605774,0 139.727788,35.605810,0 139.727748,35.605901,0 139.727871,35.605958,0 139.727930,35.605994,0 139.728009,35.606043,0 139.728091,35.606081,0 139.728109,35.606090,0 139.728133,35.606051,0 139.728226,35.606102,0 139.728102,35.606263,0 139.728141,35.606280,0 139.728204,35.606313,0 139.728214,35.606314,0 139.728245,35.606276,0 139.728268,35.606265,0 139.728325,35.606293,0 139.728335,35.606297,0 139.728412,35.606334,0 139.728452,35.606277,0 139.728530,35.606185,0 139.728606,35.606261,0 139.728729,35.606363,0 139.728785,35.606407,0 139.728863,35.606469,0 139.729049,35.606616,0 139.729170,35.606539,0 139.729285,35.606429,0 139.729373,35.606476,0 139.729498,35.606513,0 139.729529,35.606520,0 139.729629,35.606546,0 139.729664,35.606499,0 139.729788,35.606509,0 139.729801,35.606577,0 139.729801,35.606609,0 139.730037,35.606621,0 139.730069,35.606466,0</coordinates>
          </LinearRing>
        </outerBoundaryIs>
      </Polygon>
    </Placemark>
    <Placemark>
      <name>旗の台三丁目町会</name>
      <description>町会・自治会名: 旗の台三丁目町会
公式町会名: 旗の台三丁目町会
地域区分: 荏原第四地域
住所区域: 旗の台3丁目 全域
代表者: 土屋 博
電話: 090-9831-1006
メール: hatanodai3@gmail.com
町会の紹介: 旗の台三丁目町会: 我が町旗の台3丁目町会は、年間を通して防犯、防災、交通等の運動に力を入れております。特に、町内の防犯・防火では、春・秋の10日間昼と夜の二部に分かれ、町内パトロールを実施しています。この二十年余りに渡り、暮から新年20日まで火の用心と夜警パトロールをしています。 / 旗の台三丁目町会: 歴史・変革等 / 1965年(昭和40年）9月1日に西中延3〜5、小山8、平塚6、平塚7・8の地域から旗の台一～六丁目町会へと住居表示変更 /  世帯数と人口 約970世帯、約1500人 /  交通 東急大井町線と東急池上線の旗の台駅及び東急大井町線の荏原町駅の利用が可能 /  施設 旗岡八幡神社 法蓮寺 文教大学附属幼稚園・中学校・高等学校など / 活動内容 / 1.防災や災害発生時、隣近所の町会員が助け合います / 防災訓練の実施、防災・災害対応の町会防災物資の配置と防災倉庫の管理、防災共助・災害時役員緊急連絡網の活用、荏原５中避難所運営など / 2.子どもたちを町会員みんなが見守ります / 町会から荏原第四地区青少年地区委員を選出し、夏まつりや小学生マラソン大会などの健全育成支援活動を行っています / 3.一人で暮らしているお年寄りの見守りを行っています / 民生委員も含め、高齢者見守りと災害時避難行動要援護者の支援体制を整えています / 4.まちの安全を守るため防犯・防災パトロールをしています / 不審者情報を共有し、安全・安心防犯パトロール、年末・年始夜警を実施しています / 5.地域の交通安全をすすめています / 春・秋の全国交通安全運動では、交通安全のぼり旗を設置し、まちかど交通安全テントで小中高生の登下校を見守ります / 6.資源の有効活用を促進しています / 町内の資源ごみ回収日を設け、収入を町会の皆様へ還元しています / 7.公園の美化に取り組んでいます / カエル公園の花壇に、季節のお花を植えて手入れをしています / 8.いろいろなイベント・ 懇親親睦会・日帰り旅行などを開催しています / 旗岡八幡神社例大祭に伴う大人神輿・子ども神輿・山車（曳き綱太鼓）の祭典、バス旅行、新年会、他団体の各種行事（夏まつりの盆踊り大会など）に参加しています / 9.思いやりのある、快適な街を目指しています / 荏原地区第四連合町会・日本赤十字社・近隣町会・商店会などの地域諸団体との参画・連携・協力を進めています
活動実績: 上記、活動内容のほか2020年度（令和2年）から新たに「楽しく学ぼう！防災力」を実施し大好評。 / 2021年度（令和３年）、品川区「町会・自治会トップランナー事業」の決定がおり、11月に「楽しく学ぼう！防災力」を実施予定。
出典: https://www2.wagmap.jp/shinagawa/OpenDataDetail?lid=2100&amp;mids=110
https://www.city.shinagawa.tokyo.jp/PC/chiiki/chiiki-tyokai/hpg000011183.html
https://www.shinagawa-choukaijichikai.jp/association/
https://pc.tamemap.net/1310901/activities?utf8=%E2%9C%93&amp;area=&amp;category=%E7%94%BA%E4%BC%9A%E3%83%BB%E8%87%AA%E6%B2%BB%E4%BC%9A&amp;word=
https://www.shinagawa-choukaijichikai.jp/ebaraarea/545/
https://pc.tamemap.net/1310901/activities/13109010050</description>
      <styleUrl>#area-1</styleUrl>
      <ExtendedData>
        <Data name="町会・自治会名">
          <value>旗の台三丁目町会</value>
        </Data>
        <Data name="公式町会名">
          <value>旗の台三丁目町会</value>
        </Data>
        <Data name="地域区分">
          <value>荏原第四地域</value>
        </Data>
        <Data name="住所区域">
          <value>旗の台3丁目 全域</value>
        </Data>
        <Data name="町会長">
          <value />
        </Data>
        <Data name="代表者">
          <value>土屋 博</value>
        </Data>
        <Data name="連絡先">
          <value />
        </Data>
        <Data name="電話">
          <value>090-9831-1006</value>
        </Data>
        <Data name="メール">
          <value>hatanodai3@gmail.com</value>
        </Data>
        <Data name="町会の紹介">
          <value>旗の台三丁目町会: 我が町旗の台3丁目町会は、年間を通して防犯、防災、交通等の運動に力を入れております。特に、町内の防犯・防火では、春・秋の10日間昼と夜の二部に分かれ、町内パトロールを実施しています。この二十年余りに渡り、暮から新年20日まで火の用心と夜警パトロールをしています。 / 旗の台三丁目町会: 歴史・変革等 / 1965年(昭和40年）9月1日に西中延3〜5、小山8、平塚6、平塚7・8の地域から旗の台一～六丁目町会へと住居表示変更 /  世帯数と人口 約970世帯、約1500人 /  交通 東急大井町線と東急池上線の旗の台駅及び東急大井町線の荏原町駅の利用が可能 /  施設 旗岡八幡神社 法蓮寺 文教大学附属幼稚園・中学校・高等学校など / 活動内容 / 1.防災や災害発生時、隣近所の町会員が助け合います / 防災訓練の実施、防災・災害対応の町会防災物資の配置と防災倉庫の管理、防災共助・災害時役員緊急連絡網の活用、荏原５中避難所運営など / 2.子どもたちを町会員みんなが見守ります / 町会から荏原第四地区青少年地区委員を選出し、夏まつりや小学生マラソン大会などの健全育成支援活動を行っています / 3.一人で暮らしているお年寄りの見守りを行っています / 民生委員も含め、高齢者見守りと災害時避難行動要援護者の支援体制を整えています / 4.まちの安全を守るため防犯・防災パトロールをしています / 不審者情報を共有し、安全・安心防犯パトロール、年末・年始夜警を実施しています / 5.地域の交通安全をすすめています / 春・秋の全国交通安全運動では、交通安全のぼり旗を設置し、まちかど交通安全テントで小中高生の登下校を見守ります / 6.資源の有効活用を促進しています / 町内の資源ごみ回収日を設け、収入を町会の皆様へ還元しています / 7.公園の美化に取り組んでいます / カエル公園の花壇に、季節のお花を植えて手入れをしています / 8.いろいろなイベント・ 懇親親睦会・日帰り旅行などを開催しています / 旗岡八幡神社例大祭に伴う大人神輿・子ども神輿・山車（曳き綱太鼓）の祭典、バス旅行、新年会、他団体の各種行事（夏まつりの盆踊り大会など）に参加しています / 9.思いやりのある、快適な街を目指しています / 荏原地区第四連合町会・日本赤十字社・近隣町会・商店会などの地域諸団体との参画・連携・協力を進めています</value>
        </Data>
        <Data name="活動実績">
          <value>上記、活動内容のほか2020年度（令和2年）から新たに「楽しく学ぼう！防災力」を実施し大好評。 / 2021年度（令和３年）、品川区「町会・自治会トップランナー事業」の決定がおり、11月に「楽しく学ぼう！防災力」を実施予定。</value>
        </Data>
        <Data name="ホームページ">
          <value />
        </Data>
        <Data name="SNS">
          <value />
        </Data>
        <Data name="出典">
          <value>https://www2.wagmap.jp/shinagawa/OpenDataDetail?lid=2100&amp;mids=110
https://www.city.shinagawa.tokyo.jp/PC/chiiki/chiiki-tyokai/hpg000011183.html
https://www.shinagawa-choukaijichikai.jp/association/
https://pc.tamemap.net/1310901/activities?utf8=%E2%9C%93&amp;area=&amp;category=%E7%94%BA%E4%BC%9A%E3%83%BB%E8%87%AA%E6%B2%BB%E4%BC%9A&amp;word=
https://www.shinagawa-choukaijichikai.jp/ebaraarea/545/
https://pc.tamemap.net/1310901/activities/13109010050</value>
        </Data>
      </ExtendedData>
      <Polygon>
        <tessellate>1</tessellate>
        <altitudeMode>clampToGround</altitudeMode>
        <outerBoundaryIs>
          <LinearRing>
            <coordinates>139.706133,35.606615,0 139.706141,35.606599,0 139.706139,35.606584,0 139.706115,35.606566,0 139.705945,35.606476,0 139.706294,35.606076,0 139.706565,35.606160,0 139.706998,35.606284,0 139.707032,35.606287,0 139.707083,35.606284,0 139.707400,35.606220,0 139.707670,35.606174,0 139.707799,35.606169,0 139.708006,35.606169,0 139.708204,35.606182,0 139.708604,35.606230,0 139.708632,35.605713,0 139.708645,35.605507,0 139.708649,35.604931,0 139.708608,35.604598,0 139.708557,35.604338,0 139.708339,35.603994,0 139.708294,35.603921,0 139.708139,35.603909,0 139.707961,35.603898,0 139.707839,35.603898,0 139.707516,35.603901,0 139.707216,35.603930,0 139.706874,35.603970,0 139.706714,35.603997,0 139.706693,35.603915,0 139.706281,35.604010,0 139.705969,35.604084,0 139.705930,35.604079,0 139.705513,35.604174,0 139.704947,35.604285,0 139.704975,35.604420,0 139.704478,35.604547,0 139.704070,35.604648,0 139.703781,35.604717,0 139.703513,35.604782,0 139.703147,35.604875,0 139.703020,35.604900,0 139.702926,35.604893,0 139.702840,35.604909,0 139.702951,35.604964,0 139.703228,35.605115,0 139.703645,35.605340,0 139.703976,35.605519,0 139.704448,35.605775,0 139.704849,35.605991,0 139.705151,35.606155,0 139.705286,35.606228,0 139.705657,35.606430,0 139.706099,35.606663,0 139.706133,35.606615,0</coordinates>
          </LinearRing>
        </outerBoundaryIs>
      </Polygon>
    </Placemark>
    <Placemark>
      <name>旗の台西二丁目町会</name>
      <description>町会・自治会名: 旗の台西二丁目町会
公式町会名: 旗の台西二丁目町会
地域区分: 荏原第二地域
住所区域: 旗の台2丁目 9番（1～5、28～34号） / 旗の台2丁目 10番～12番 / 旗の台2丁目 13番（1～10号、11号一部）
町会の紹介: 1966年の住居表示制度開始に伴い、旧・平塚７丁目の住所が旗の台２丁目と変わったが、町会としては旗の台西二丁目町会として発足した。この地区は田園都市線「東洗足駅」の開業に伴い宅地開発が始まった住宅地であり、現在も中原街道沿いの高層マンションと、戸建住宅から構成される住宅地である。当町会は「住宅地を基盤とする小さな町会」としての特性を生かし、防犯・防火（防犯カメラの設置）、防災（共助＆自助の推進）、町内美化（花のある町）、住環境の改善（清掃・ポイ捨て防止、廃棄物処理の適正化）に注力した活動を推進している。
出典: https://www2.wagmap.jp/shinagawa/OpenDataDetail?lid=2100&amp;mids=110
https://www.city.shinagawa.tokyo.jp/PC/chiiki/chiiki-tyokai/hpg000011181.html
https://www.shinagawa-choukaijichikai.jp/association/
https://pc.tamemap.net/1310901/activities?utf8=%E2%9C%93&amp;area=&amp;category=%E7%94%BA%E4%BC%9A%E3%83%BB%E8%87%AA%E6%B2%BB%E4%BC%9A&amp;word=
https://www.shinagawa-choukaijichikai.jp/ebaraarea/516/</description>
      <styleUrl>#area-2</styleUrl>
      <ExtendedData>
        <Data name="町会・自治会名">
          <value>旗の台西二丁目町会</value>
        </Data>
        <Data name="公式町会名">
          <value>旗の台西二丁目町会</value>
        </Data>
        <Data name="地域区分">
          <value>荏原第二地域</value>
        </Data>
        <Data name="住所区域">
          <value>旗の台2丁目 9番（1～5、28～34号） / 旗の台2丁目 10番～12番 / 旗の台2丁目 13番（1～10号、11号一部）</value>
        </Data>
        <Data name="町会長">
          <value />
        </Data>
        <Data name="代表者">
          <value />
        </Data>
        <Data name="連絡先">
          <value />
        </Data>
        <Data name="電話">
          <value />
        </Data>
        <Data name="メール">
          <value />
        </Data>
        <Data name="町会の紹介">
          <value>1966年の住居表示制度開始に伴い、旧・平塚７丁目の住所が旗の台２丁目と変わったが、町会としては旗の台西二丁目町会として発足した。この地区は田園都市線「東洗足駅」の開業に伴い宅地開発が始まった住宅地であり、現在も中原街道沿いの高層マンションと、戸建住宅から構成される住宅地である。当町会は「住宅地を基盤とする小さな町会」としての特性を生かし、防犯・防火（防犯カメラの設置）、防災（共助＆自助の推進）、町内美化（花のある町）、住環境の改善（清掃・ポイ捨て防止、廃棄物処理の適正化）に注力した活動を推進している。</value>
        </Data>
        <Data name="活動実績">
          <value />
        </Data>
        <Data name="ホームページ">
          <value />
        </Data>
        <Data name="SNS">
          <value />
        </Data>
        <Data name="出典">
          <value>https://www2.wagmap.jp/shinagawa/OpenDataDetail?lid=2100&amp;mids=110
https://www.city.shinagawa.tokyo.jp/PC/chiiki/chiiki-tyokai/hpg000011181.html
https://www.shinagawa-choukaijichikai.jp/association/
https://pc.tamemap.net/1310901/activities?utf8=%E2%9C%93&amp;area=&amp;category=%E7%94%BA%E4%BC%9A%E3%83%BB%E8%87%AA%E6%B2%BB%E4%BC%9A&amp;word=
https://www.shinagawa-choukaijichikai.jp/ebaraarea/516/</value>
        </Data>
      </ExtendedData>
      <Polygon>
        <tessellate>1</tessellate>
        <altitudeMode>clampToGround</altitudeMode>
        <outerBoundaryIs>
          <LinearRing>
            <coordinates>139.702362,35.606668,0 139.702386,35.606601,0 139.702384,35.606385,0 139.702375,35.606090,0 139.702357,35.606073,0 139.702350,35.605676,0 139.702984,35.605678,0 139.702964,35.605330,0 139.702951,35.604964,0 139.702840,35.604909,0 139.702311,35.605011,0 139.701699,35.605131,0 139.701185,35.605222,0 139.700828,35.605282,0 139.700336,35.605291,0 139.700103,35.605284,0 139.699837,35.605286,0 139.699801,35.605288,0 139.699661,35.605300,0 139.699853,35.605417,0 139.700361,35.605739,0 139.700732,35.605958,0 139.700920,35.606068,0 139.701219,35.606252,0 139.701393,35.606361,0 139.701470,35.606401,0 139.701706,35.606505,0 139.701994,35.606631,0 139.702110,35.606682,0 139.702264,35.606728,0 139.702336,35.606748,0 139.702362,35.606668,0</coordinates>
          </LinearRing>
        </outerBoundaryIs>
      </Polygon>
    </Placemark>
    <Placemark>
      <name>中延四丁目町会</name>
      <description>町会・自治会名: 中延四丁目町会
公式町会名: 中延四丁目町会
地域区分: 荏原第四地域
住所区域: 中延4丁目 1番～4番 / 中延4丁目 10番～18番
町会の紹介: 我が町会は昭和37年に設立した町会です。組織として総務部、会計部、青少年部、防犯交通部、防火防災部、厚生部、婦人環境部があり、各部役割分担で行事を行う一方、荏原第四地区の区民まつりや、防災訓練等地区活動に積極的に参加し皆様の親睦を深めています。ぜひ奮ってご参加下さい。
出典: https://www2.wagmap.jp/shinagawa/OpenDataDetail?lid=2100&amp;mids=110
https://www.city.shinagawa.tokyo.jp/PC/chiiki/chiiki-tyokai/hpg000011183.html
https://www.shinagawa-choukaijichikai.jp/association/
https://pc.tamemap.net/1310901/activities?utf8=%E2%9C%93&amp;area=&amp;category=%E7%94%BA%E4%BC%9A%E3%83%BB%E8%87%AA%E6%B2%BB%E4%BC%9A&amp;word=
https://www.shinagawa-choukaijichikai.jp/ebaraarea/538/</description>
      <styleUrl>#area-0</styleUrl>
      <ExtendedData>
        <Data name="町会・自治会名">
          <value>中延四丁目町会</value>
        </Data>
        <Data name="公式町会名">
          <value>中延四丁目町会</value>
        </Data>
        <Data name="地域区分">
          <value>荏原第四地域</value>
        </Data>
        <Data name="住所区域">
          <value>中延4丁目 1番～4番 / 中延4丁目 10番～18番</value>
        </Data>
        <Data name="町会長">
          <value />
        </Data>
        <Data name="代表者">
          <value />
        </Data>
        <Data name="連絡先">
          <value />
        </Data>
        <Data name="電話">
          <value />
        </Data>
        <Data name="メール">
          <value />
        </Data>
        <Data name="町会の紹介">
          <value>我が町会は昭和37年に設立した町会です。組織として総務部、会計部、青少年部、防犯交通部、防火防災部、厚生部、婦人環境部があり、各部役割分担で行事を行う一方、荏原第四地区の区民まつりや、防災訓練等地区活動に積極的に参加し皆様の親睦を深めています。ぜひ奮ってご参加下さい。</value>
        </Data>
        <Data name="活動実績">
          <value />
        </Data>
        <Data name="ホームページ">
          <value />
        </Data>
        <Data name="SNS">
          <value />
        </Data>
        <Data name="出典">
          <value>https://www2.wagmap.jp/shinagawa/OpenDataDetail?lid=2100&amp;mids=110
https://www.city.shinagawa.tokyo.jp/PC/chiiki/chiiki-tyokai/hpg000011183.html
https://www.shinagawa-choukaijichikai.jp/association/
https://pc.tamemap.net/1310901/activities?utf8=%E2%9C%93&amp;area=&amp;category=%E7%94%BA%E4%BC%9A%E3%83%BB%E8%87%AA%E6%B2%BB%E4%BC%9A&amp;word=
https://www.shinagawa-choukaijichikai.jp/ebaraarea/538/</value>
        </Data>
      </ExtendedData>
      <Polygon>
        <tessellate>1</tessellate>
        <altitudeMode>clampToGround</altitudeMode>
        <outerBoundaryIs>
          <LinearRing>
            <coordinates>139.709666,35.606611,0 139.710382,35.606500,0 139.711283,35.606360,0 139.712317,35.606193,0 139.712315,35.606165,0 139.712192,35.605523,0 139.712233,35.605471,0 139.711938,35.605266,0 139.711695,35.605108,0 139.711393,35.604927,0 139.711124,35.604778,0 139.710887,35.604657,0 139.710791,35.604614,0 139.710556,35.604509,0 139.710323,35.604414,0 139.709850,35.604244,0 139.709850,35.604327,0 139.709529,35.604219,0 139.709283,35.604147,0 139.709275,35.604111,0 139.709158,35.604079,0 139.709009,35.604044,0 139.708711,35.603980,0 139.708586,35.603960,0 139.708450,35.603940,0 139.708294,35.603921,0 139.708339,35.603994,0 139.708557,35.604338,0 139.708608,35.604598,0 139.708649,35.604931,0 139.708645,35.605507,0 139.708632,35.605713,0 139.708604,35.606230,0 139.708625,35.606774,0 139.709666,35.606611,0</coordinates>
          </LinearRing>
        </outerBoundaryIs>
      </Polygon>
    </Placemark>
    <Placemark>
      <name>二葉二丁目町会</name>
      <description>町会・自治会名: 二葉二丁目町会
公式町会名: 二葉二丁目町会
地域区分: 荏原第五地域
住所区域: 二葉2丁目 1番～9番
出典: https://www2.wagmap.jp/shinagawa/OpenDataDetail?lid=2100&amp;mids=110
https://www.city.shinagawa.tokyo.jp/PC/chiiki/chiiki-tyokai/hpg000011184.html
https://www.shinagawa-choukaijichikai.jp/association/
https://pc.tamemap.net/1310901/activities?utf8=%E2%9C%93&amp;area=&amp;category=%E7%94%BA%E4%BC%9A%E3%83%BB%E8%87%AA%E6%B2%BB%E4%BC%9A&amp;word=
https://www.shinagawa-choukaijichikai.jp/ebaraarea/559/</description>
      <styleUrl>#area-3</styleUrl>
      <ExtendedData>
        <Data name="町会・自治会名">
          <value>二葉二丁目町会</value>
        </Data>
        <Data name="公式町会名">
          <value>二葉二丁目町会</value>
        </Data>
        <Data name="地域区分">
          <value>荏原第五地域</value>
        </Data>
        <Data name="住所区域">
          <value>二葉2丁目 1番～9番</value>
        </Data>
        <Data name="町会長">
          <value />
        </Data>
        <Data name="代表者">
          <value />
        </Data>
        <Data name="連絡先">
          <value />
        </Data>
        <Data name="電話">
          <value />
        </Data>
        <Data name="メール">
          <value />
        </Data>
        <Data name="町会の紹介">
          <value />
        </Data>
        <Data name="活動実績">
          <value />
        </Data>
        <Data name="ホームページ">
          <value />
        </Data>
        <Data name="SNS">
          <value />
        </Data>
        <Data name="出典">
          <value>https://www2.wagmap.jp/shinagawa/OpenDataDetail?lid=2100&amp;mids=110
https://www.city.shinagawa.tokyo.jp/PC/chiiki/chiiki-tyokai/hpg000011184.html
https://www.shinagawa-choukaijichikai.jp/association/
https://pc.tamemap.net/1310901/activities?utf8=%E2%9C%93&amp;area=&amp;category=%E7%94%BA%E4%BC%9A%E3%83%BB%E8%87%AA%E6%B2%BB%E4%BC%9A&amp;word=
https://www.shinagawa-choukaijichikai.jp/ebaraarea/559/</value>
        </Data>
      </ExtendedData>
      <Polygon>
        <tessellate>1</tessellate>
        <altitudeMode>clampToGround</altitudeMode>
        <outerBoundaryIs>
          <LinearRing>
            <coordinates>139.724470,35.606657,0 139.724764,35.606480,0 139.724898,35.606374,0 139.725050,35.606212,0 139.725362,35.605842,0 139.725879,35.605262,0 139.726152,35.605010,0 139.726287,35.604911,0 139.726680,35.604733,0 139.726538,35.604533,0 139.726497,35.604451,0 139.726410,35.604418,0 139.726324,35.604370,0 139.726208,35.604287,0 139.726143,35.604227,0 139.726034,35.604128,0 139.725841,35.603926,0 139.725628,35.603745,0 139.725289,35.603491,0 139.724952,35.603277,0 139.724464,35.603980,0 139.723922,35.604804,0 139.723438,35.605472,0 139.723357,35.605490,0 139.723447,35.605684,0 139.723812,35.606358,0 139.724078,35.606813,0 139.724470,35.606657,0</coordinates>
          </LinearRing>
        </outerBoundaryIs>
      </Polygon>
    </Placemark>
    <Placemark>
      <name>豊町五丁目町会</name>
      <description>町会・自治会名: 豊町五丁目町会
公式町会名: 豊町五丁目町会
地域区分: 荏原第五地域
住所区域: 豊町4丁目 1番 / 豊町5丁目 1番～18番
連絡先: 03（3785）2000（事務局・荏原第五地域センター)
町会の紹介: 当町会では、各種町会行事への参加を通じて会員相互の交流、親睦を図り、住みよい地域づくりを目指しています。防犯、防火、交通安全パトロールや餅つき、クリスマス会、日帰りバス旅行等のほか、区民まつりや運動会等を通じて、他地域の方々とも交流を図り親睦を深めています。当町会の区域内にお住まいの方ならどなたでも会員になれます。ぜひ、町会活動にご参加、ご協力ください。
出典: https://www2.wagmap.jp/shinagawa/OpenDataDetail?lid=2100&amp;mids=110
https://www.city.shinagawa.tokyo.jp/PC/chiiki/chiiki-tyokai/hpg000011184.html
https://www.shinagawa-choukaijichikai.jp/association/
https://pc.tamemap.net/1310901/activities?utf8=%E2%9C%93&amp;area=&amp;category=%E7%94%BA%E4%BC%9A%E3%83%BB%E8%87%AA%E6%B2%BB%E4%BC%9A&amp;word=
https://www.shinagawa-choukaijichikai.jp/ebaraarea/556/</description>
      <styleUrl>#area-2</styleUrl>
      <ExtendedData>
        <Data name="町会・自治会名">
          <value>豊町五丁目町会</value>
        </Data>
        <Data name="公式町会名">
          <value>豊町五丁目町会</value>
        </Data>
        <Data name="地域区分">
          <value>荏原第五地域</value>
        </Data>
        <Data name="住所区域">
          <value>豊町4丁目 1番 / 豊町5丁目 1番～18番</value>
        </Data>
        <Data name="町会長">
          <value />
        </Data>
        <Data name="代表者">
          <value />
        </Data>
        <Data name="連絡先">
          <value>03（3785）2000（事務局・荏原第五地域センター)</value>
        </Data>
        <Data name="電話">
          <value />
        </Data>
        <Data name="メール">
          <value />
        </Data>
        <Data name="町会の紹介">
          <value>当町会では、各種町会行事への参加を通じて会員相互の交流、親睦を図り、住みよい地域づくりを目指しています。防犯、防火、交通安全パトロールや餅つき、クリスマス会、日帰りバス旅行等のほか、区民まつりや運動会等を通じて、他地域の方々とも交流を図り親睦を深めています。当町会の区域内にお住まいの方ならどなたでも会員になれます。ぜひ、町会活動にご参加、ご協力ください。</value>
        </Data>
        <Data name="活動実績">
          <value />
        </Data>
        <Data name="ホームページ">
          <value />
        </Data>
        <Data name="SNS">
          <value />
        </Data>
        <Data name="出典">
          <value>https://www2.wagmap.jp/shinagawa/OpenDataDetail?lid=2100&amp;mids=110
https://www.city.shinagawa.tokyo.jp/PC/chiiki/chiiki-tyokai/hpg000011184.html
https://www.shinagawa-choukaijichikai.jp/association/
https://pc.tamemap.net/1310901/activities?utf8=%E2%9C%93&amp;area=&amp;category=%E7%94%BA%E4%BC%9A%E3%83%BB%E8%87%AA%E6%B2%BB%E4%BC%9A&amp;word=
https://www.shinagawa-choukaijichikai.jp/ebaraarea/556/</value>
        </Data>
      </ExtendedData>
      <Polygon>
        <tessellate>1</tessellate>
        <altitudeMode>clampToGround</altitudeMode>
        <outerBoundaryIs>
          <LinearRing>
            <coordinates>139.718988,35.607475,0 139.719053,35.607464,0 139.719157,35.607437,0 139.719185,35.607419,0 139.719307,35.607280,0 139.719330,35.607235,0 139.719456,35.607093,0 139.719627,35.606820,0 139.719660,35.606780,0 139.720596,35.605282,0 139.720832,35.604906,0 139.721072,35.604517,0 139.721277,35.604157,0 139.721051,35.604127,0 139.720803,35.604147,0 139.719993,35.604172,0 139.719726,35.604148,0 139.719279,35.604069,0 139.718571,35.603958,0 139.718544,35.603949,0 139.718468,35.604510,0 139.718422,35.604815,0 139.718357,35.605210,0 139.718322,35.605436,0 139.718176,35.605914,0 139.718029,35.606449,0 139.717991,35.606590,0 139.718185,35.606643,0 139.718639,35.607125,0 139.718809,35.607309,0 139.718821,35.607323,0 139.718917,35.607480,0 139.718988,35.607475,0</coordinates>
          </LinearRing>
        </outerBoundaryIs>
      </Polygon>
    </Placemark>
    <Placemark>
      <name>東中三町会</name>
      <description>町会・自治会名: 東中三町会
公式町会名: 東中三町会
地域区分: 荏原第四地域
住所区域: 戸越6丁目 15番 / 戸越6丁目 23番 / 中延4丁目 5番（5～17号、23号～）～9番 / 中延4丁目 20番～21番 / 東中延2丁目 9番（11～15号） / 豊町6丁目 1番～3番 / 豊町6丁目 22番～26番
連絡先: 03-3781-9203
町会の紹介: 昭和40年頃、東中延３丁目の住居表示は無くなりましたが、地域の皆さまの想いと結束で「東中三町会」が結成され、第二京浜国道を挟んで東西にまたがる位置にあります。防災・防犯活動やお祭り行事などにも力を注ぎ、安全で明るく楽しい町会を目指しています。皆さま、是非ご参加下さい。
出典: https://www2.wagmap.jp/shinagawa/OpenDataDetail?lid=2100&amp;mids=110
https://www.city.shinagawa.tokyo.jp/PC/chiiki/chiiki-tyokai/hpg000011183.html
https://www.shinagawa-choukaijichikai.jp/association/
https://pc.tamemap.net/1310901/activities?utf8=%E2%9C%93&amp;area=&amp;category=%E7%94%BA%E4%BC%9A%E3%83%BB%E8%87%AA%E6%B2%BB%E4%BC%9A&amp;word=
https://www.shinagawa-choukaijichikai.jp/ebaraarea/542/</description>
      <styleUrl>#area-1</styleUrl>
      <ExtendedData>
        <Data name="町会・自治会名">
          <value>東中三町会</value>
        </Data>
        <Data name="公式町会名">
          <value>東中三町会</value>
        </Data>
        <Data name="地域区分">
          <value>荏原第四地域</value>
        </Data>
        <Data name="住所区域">
          <value>戸越6丁目 15番 / 戸越6丁目 23番 / 中延4丁目 5番（5～17号、23号～）～9番 / 中延4丁目 20番～21番 / 東中延2丁目 9番（11～15号） / 豊町6丁目 1番～3番 / 豊町6丁目 22番～26番</value>
        </Data>
        <Data name="町会長">
          <value />
        </Data>
        <Data name="代表者">
          <value />
        </Data>
        <Data name="連絡先">
          <value>03-3781-9203</value>
        </Data>
        <Data name="電話">
          <value />
        </Data>
        <Data name="メール">
          <value />
        </Data>
        <Data name="町会の紹介">
          <value>昭和40年頃、東中延３丁目の住居表示は無くなりましたが、地域の皆さまの想いと結束で「東中三町会」が結成され、第二京浜国道を挟んで東西にまたがる位置にあります。防災・防犯活動やお祭り行事などにも力を注ぎ、安全で明るく楽しい町会を目指しています。皆さま、是非ご参加下さい。</value>
        </Data>
        <Data name="活動実績">
          <value />
        </Data>
        <Data name="ホームページ">
          <value />
        </Data>
        <Data name="SNS">
          <value />
        </Data>
        <Data name="出典">
          <value>https://www2.wagmap.jp/shinagawa/OpenDataDetail?lid=2100&amp;mids=110
https://www.city.shinagawa.tokyo.jp/PC/chiiki/chiiki-tyokai/hpg000011183.html
https://www.shinagawa-choukaijichikai.jp/association/
https://pc.tamemap.net/1310901/activities?utf8=%E2%9C%93&amp;area=&amp;category=%E7%94%BA%E4%BC%9A%E3%83%BB%E8%87%AA%E6%B2%BB%E4%BC%9A&amp;word=
https://www.shinagawa-choukaijichikai.jp/ebaraarea/542/</value>
        </Data>
      </ExtendedData>
      <Polygon>
        <tessellate>1</tessellate>
        <altitudeMode>clampToGround</altitudeMode>
        <outerBoundaryIs>
          <LinearRing>
            <coordinates>139.715272,35.607508,0 139.715272,35.607248,0 139.715196,35.606955,0 139.715182,35.606852,0 139.715177,35.606810,0 139.715166,35.606619,0 139.715136,35.606503,0 139.715128,35.606334,0 139.715125,35.606312,0 139.715109,35.606232,0 139.714981,35.605784,0 139.714884,35.605268,0 139.714879,35.605226,0 139.714769,35.604728,0 139.714761,35.604689,0 139.714670,35.604300,0 139.714666,35.604260,0 139.714561,35.603866,0 139.714478,35.603513,0 139.714433,35.603518,0 139.714009,35.603574,0 139.713209,35.603680,0 139.712745,35.603738,0 139.711871,35.603850,0 139.711192,35.603943,0 139.710956,35.603973,0 139.710956,35.603997,0 139.710885,35.604323,0 139.710863,35.604490,0 139.710791,35.604614,0 139.710887,35.604657,0 139.711124,35.604778,0 139.711393,35.604927,0 139.711695,35.605108,0 139.711938,35.605266,0 139.712233,35.605471,0 139.713079,35.606072,0 139.713805,35.606585,0 139.715206,35.607577,0 139.715272,35.607508,0</coordinates>
          </LinearRing>
        </outerBoundaryIs>
      </Polygon>
    </Placemark>
    <Placemark>
      <name>豊町四丁目町会</name>
      <description>町会・自治会名: 豊町四丁目町会
公式町会名: 豊町四丁目町会
地域区分: 荏原第五地域
住所区域: 豊町4丁目 2番～25番
町会の紹介: 当町会では、楽しいイベント・星空映画会・いも煮会・餅つき大会・日帰り旅行などの行事に多くの方々の参加があります。春秋の交通安全運動では、辻立ちで通学の安全を見守っています。また「明日も元気に」と言う高齢者見守りサロンを高齢者クラブと共催で開催しています。掲示板・町会ホームページ等でお知らせしています。ぜひご覧ください。
出典: https://www2.wagmap.jp/shinagawa/OpenDataDetail?lid=2100&amp;mids=110
https://www.city.shinagawa.tokyo.jp/PC/chiiki/chiiki-tyokai/hpg000011184.html
https://www.shinagawa-choukaijichikai.jp/association/
https://pc.tamemap.net/1310901/activities?utf8=%E2%9C%93&amp;area=&amp;category=%E7%94%BA%E4%BC%9A%E3%83%BB%E8%87%AA%E6%B2%BB%E4%BC%9A&amp;word=
https://www.shinagawa-choukaijichikai.jp/ebaraarea/555/</description>
      <styleUrl>#area-1</styleUrl>
      <ExtendedData>
        <Data name="町会・自治会名">
          <value>豊町四丁目町会</value>
        </Data>
        <Data name="公式町会名">
          <value>豊町四丁目町会</value>
        </Data>
        <Data name="地域区分">
          <value>荏原第五地域</value>
        </Data>
        <Data name="住所区域">
          <value>豊町4丁目 2番～25番</value>
        </Data>
        <Data name="町会長">
          <value />
        </Data>
        <Data name="代表者">
          <value />
        </Data>
        <Data name="連絡先">
          <value />
        </Data>
        <Data name="電話">
          <value />
        </Data>
        <Data name="メール">
          <value />
        </Data>
        <Data name="町会の紹介">
          <value>当町会では、楽しいイベント・星空映画会・いも煮会・餅つき大会・日帰り旅行などの行事に多くの方々の参加があります。春秋の交通安全運動では、辻立ちで通学の安全を見守っています。また「明日も元気に」と言う高齢者見守りサロンを高齢者クラブと共催で開催しています。掲示板・町会ホームページ等でお知らせしています。ぜひご覧ください。</value>
        </Data>
        <Data name="活動実績">
          <value />
        </Data>
        <Data name="ホームページ">
          <value />
        </Data>
        <Data name="SNS">
          <value />
        </Data>
        <Data name="出典">
          <value>https://www2.wagmap.jp/shinagawa/OpenDataDetail?lid=2100&amp;mids=110
https://www.city.shinagawa.tokyo.jp/PC/chiiki/chiiki-tyokai/hpg000011184.html
https://www.shinagawa-choukaijichikai.jp/association/
https://pc.tamemap.net/1310901/activities?utf8=%E2%9C%93&amp;area=&amp;category=%E7%94%BA%E4%BC%9A%E3%83%BB%E8%87%AA%E6%B2%BB%E4%BC%9A&amp;word=
https://www.shinagawa-choukaijichikai.jp/ebaraarea/555/</value>
        </Data>
      </ExtendedData>
      <Polygon>
        <tessellate>1</tessellate>
        <altitudeMode>clampToGround</altitudeMode>
        <outerBoundaryIs>
          <LinearRing>
            <coordinates>139.720526,35.607702,0 139.720557,35.607696,0 139.720599,35.607693,0 139.720803,35.607711,0 139.722164,35.607798,0 139.723540,35.607006,0 139.724078,35.606813,0 139.723812,35.606358,0 139.723447,35.605684,0 139.723357,35.605490,0 139.723153,35.605534,0 139.723119,35.605526,0 139.722931,35.605430,0 139.722749,35.605323,0 139.722639,35.605156,0 139.722452,35.604801,0 139.722371,35.604675,0 139.722303,35.604592,0 139.722224,35.604515,0 139.722175,35.604477,0 139.722132,35.604457,0 139.722087,35.604441,0 139.722002,35.604423,0 139.721882,35.604406,0 139.721782,35.604385,0 139.721716,35.604362,0 139.721493,35.604276,0 139.721279,35.604157,0 139.721277,35.604157,0 139.721072,35.604517,0 139.720832,35.604906,0 139.720596,35.605282,0 139.719660,35.606780,0 139.719627,35.606820,0 139.719456,35.607093,0 139.719330,35.607235,0 139.719307,35.607280,0 139.719185,35.607419,0 139.719157,35.607437,0 139.719053,35.607464,0 139.718988,35.607475,0 139.718917,35.607480,0 139.719046,35.607692,0 139.719137,35.607861,0 139.719233,35.608037,0 139.720526,35.607702,0</coordinates>
          </LinearRing>
        </outerBoundaryIs>
      </Polygon>
    </Placemark>
    <Placemark>
      <name>西中延三丁目町会</name>
      <description>町会・自治会名: 西中延三丁目町会
公式町会名: 西中延三丁目町会
地域区分: 荏原第四地域
住所区域: 西中延3丁目 全域
連絡先: 03-3782-6845
町会の紹介: 西中延三丁目は、火災危険度５の木密地帯です。地域の方々の命と生活を守る防災の要となれる町会をめざして、地域の方々が明るく楽しくお付き合いでき、高齢者や子どもたちが安心して安全に暮らせる町づくりを進めていきます。
出典: https://www2.wagmap.jp/shinagawa/OpenDataDetail?lid=2100&amp;mids=110
https://www.city.shinagawa.tokyo.jp/PC/chiiki/chiiki-tyokai/hpg000011183.html
https://www.shinagawa-choukaijichikai.jp/association/
https://pc.tamemap.net/1310901/activities?utf8=%E2%9C%93&amp;area=&amp;category=%E7%94%BA%E4%BC%9A%E3%83%BB%E8%87%AA%E6%B2%BB%E4%BC%9A&amp;word=
https://www.shinagawa-choukaijichikai.jp/ebaraarea/544/</description>
      <styleUrl>#area-2</styleUrl>
      <ExtendedData>
        <Data name="町会・自治会名">
          <value>西中延三丁目町会</value>
        </Data>
        <Data name="公式町会名">
          <value>西中延三丁目町会</value>
        </Data>
        <Data name="地域区分">
          <value>荏原第四地域</value>
        </Data>
        <Data name="住所区域">
          <value>西中延3丁目 全域</value>
        </Data>
        <Data name="町会長">
          <value />
        </Data>
        <Data name="代表者">
          <value />
        </Data>
        <Data name="連絡先">
          <value>03-3782-6845</value>
        </Data>
        <Data name="電話">
          <value />
        </Data>
        <Data name="メール">
          <value />
        </Data>
        <Data name="町会の紹介">
          <value>西中延三丁目は、火災危険度５の木密地帯です。地域の方々の命と生活を守る防災の要となれる町会をめざして、地域の方々が明るく楽しくお付き合いでき、高齢者や子どもたちが安心して安全に暮らせる町づくりを進めていきます。</value>
        </Data>
        <Data name="活動実績">
          <value />
        </Data>
        <Data name="ホームページ">
          <value />
        </Data>
        <Data name="SNS">
          <value />
        </Data>
        <Data name="出典">
          <value>https://www2.wagmap.jp/shinagawa/OpenDataDetail?lid=2100&amp;mids=110
https://www.city.shinagawa.tokyo.jp/PC/chiiki/chiiki-tyokai/hpg000011183.html
https://www.shinagawa-choukaijichikai.jp/association/
https://pc.tamemap.net/1310901/activities?utf8=%E2%9C%93&amp;area=&amp;category=%E7%94%BA%E4%BC%9A%E3%83%BB%E8%87%AA%E6%B2%BB%E4%BC%9A&amp;word=
https://www.shinagawa-choukaijichikai.jp/ebaraarea/544/</value>
        </Data>
      </ExtendedData>
      <Polygon>
        <tessellate>1</tessellate>
        <altitudeMode>clampToGround</altitudeMode>
        <outerBoundaryIs>
          <LinearRing>
            <coordinates>139.709442,35.608518,0 139.709520,35.607866,0 139.709590,35.607273,0 139.709666,35.606611,0 139.708625,35.606774,0 139.708604,35.606230,0 139.708204,35.606182,0 139.708006,35.606169,0 139.707799,35.606169,0 139.707670,35.606174,0 139.707400,35.606220,0 139.707083,35.606284,0 139.707032,35.606287,0 139.706998,35.606284,0 139.706565,35.606160,0 139.706294,35.606076,0 139.705945,35.606476,0 139.706115,35.606566,0 139.706139,35.606584,0 139.706141,35.606599,0 139.706133,35.606615,0 139.706099,35.606663,0 139.705975,35.606838,0 139.705951,35.607364,0 139.706005,35.607848,0 139.706016,35.607945,0 139.706078,35.608457,0 139.707327,35.608409,0 139.708572,35.608362,0 139.709162,35.608384,0 139.709441,35.608530,0 139.709442,35.608518,0</coordinates>
          </LinearRing>
        </outerBoundaryIs>
      </Polygon>
    </Placemark>
    <Placemark>
      <name>二葉神明町会</name>
      <description>町会・自治会名: 二葉神明町会
公式町会名: 二葉神明町会
地域区分: 荏原第五地域
住所区域: 二葉1丁目 1番～3番 / 二葉1丁目 12番～15番 / 二葉1丁目 22番（1～11号） / 二葉1丁目 23番
町会の紹介: 当町会には、諸教育機関が存在し、町内の神社では雅楽の雅な音色が響き、文教芸術の心豊かな地域です。町会活動も、各部独自の行事、町会の行事等々活発に行われています。「元気でイルカ隊」により高齢者の見守り活動が定期的に行われているほか、「神明落語会」は毎回立見の出るほどの盛況です。下町の雰囲気を残し住みやすく安全な町会として、会員心一つに頑張っています。
出典: https://www2.wagmap.jp/shinagawa/OpenDataDetail?lid=2100&amp;mids=110
https://www.city.shinagawa.tokyo.jp/PC/chiiki/chiiki-tyokai/hpg000011184.html
https://www.shinagawa-choukaijichikai.jp/association/
https://pc.tamemap.net/1310901/activities?utf8=%E2%9C%93&amp;area=&amp;category=%E7%94%BA%E4%BC%9A%E3%83%BB%E8%87%AA%E6%B2%BB%E4%BC%9A&amp;word=
https://www.shinagawa-choukaijichikai.jp/ebaraarea/558/</description>
      <styleUrl>#area-2</styleUrl>
      <ExtendedData>
        <Data name="町会・自治会名">
          <value>二葉神明町会</value>
        </Data>
        <Data name="公式町会名">
          <value>二葉神明町会</value>
        </Data>
        <Data name="地域区分">
          <value>荏原第五地域</value>
        </Data>
        <Data name="住所区域">
          <value>二葉1丁目 1番～3番 / 二葉1丁目 12番～15番 / 二葉1丁目 22番（1～11号） / 二葉1丁目 23番</value>
        </Data>
        <Data name="町会長">
          <value />
        </Data>
        <Data name="代表者">
          <value />
        </Data>
        <Data name="連絡先">
          <value />
        </Data>
        <Data name="電話">
          <value />
        </Data>
        <Data name="メール">
          <value />
        </Data>
        <Data name="町会の紹介">
          <value>当町会には、諸教育機関が存在し、町内の神社では雅楽の雅な音色が響き、文教芸術の心豊かな地域です。町会活動も、各部独自の行事、町会の行事等々活発に行われています。「元気でイルカ隊」により高齢者の見守り活動が定期的に行われているほか、「神明落語会」は毎回立見の出るほどの盛況です。下町の雰囲気を残し住みやすく安全な町会として、会員心一つに頑張っています。</value>
        </Data>
        <Data name="活動実績">
          <value />
        </Data>
        <Data name="ホームページ">
          <value />
        </Data>
        <Data name="SNS">
          <value />
        </Data>
        <Data name="出典">
          <value>https://www2.wagmap.jp/shinagawa/OpenDataDetail?lid=2100&amp;mids=110
https://www.city.shinagawa.tokyo.jp/PC/chiiki/chiiki-tyokai/hpg000011184.html
https://www.shinagawa-choukaijichikai.jp/association/
https://pc.tamemap.net/1310901/activities?utf8=%E2%9C%93&amp;area=&amp;category=%E7%94%BA%E4%BC%9A%E3%83%BB%E8%87%AA%E6%B2%BB%E4%BC%9A&amp;word=
https://www.shinagawa-choukaijichikai.jp/ebaraarea/558/</value>
        </Data>
      </ExtendedData>
      <Polygon>
        <tessellate>1</tessellate>
        <altitudeMode>clampToGround</altitudeMode>
        <outerBoundaryIs>
          <LinearRing>
            <coordinates>139.725547,35.608388,0 139.725845,35.608331,0 139.725927,35.608061,0 139.725809,35.607956,0 139.726217,35.607655,0 139.726871,35.607204,0 139.727562,35.606724,0 139.727646,35.606666,0 139.728044,35.606337,0 139.728102,35.606263,0 139.728226,35.606102,0 139.728133,35.606051,0 139.728109,35.606090,0 139.728091,35.606081,0 139.728009,35.606043,0 139.727930,35.605994,0 139.727871,35.605958,0 139.727748,35.605901,0 139.727788,35.605810,0 139.727896,35.605774,0 139.727936,35.605878,0 139.728072,35.605740,0 139.727745,35.605405,0 139.727742,35.605402,0 139.727580,35.605231,0 139.727234,35.604874,0 139.727106,35.604754,0 139.726973,35.604662,0 139.726896,35.604619,0 139.726701,35.604514,0 139.726497,35.604451,0 139.726538,35.604533,0 139.726680,35.604733,0 139.726287,35.604911,0 139.726152,35.605010,0 139.725879,35.605262,0 139.725362,35.605842,0 139.725050,35.606212,0 139.724898,35.606374,0 139.724764,35.606480,0 139.724470,35.606657,0 139.724078,35.606813,0 139.724217,35.607053,0 139.724442,35.607421,0 139.724631,35.607697,0 139.724722,35.607824,0 139.724823,35.607953,0 139.725315,35.608534,0 139.725549,35.608550,0 139.725547,35.608388,0</coordinates>
          </LinearRing>
        </outerBoundaryIs>
      </Polygon>
    </Placemark>
    <Placemark>
      <name>小山洗足町会</name>
      <description>町会・自治会名: 小山洗足町会
公式町会名: 小山洗足町会
地域区分: 荏原第二地域
住所区域: 旗の台6丁目 1番～4番 / 旗の台6丁目 5番（1～10号、44号～） / 旗の台6丁目 13番～19番
町会の紹介: 大正時代以来の住宅専用地域で、緑豊かで閑静かつ安全な住環境を協力して守ることを町会の目的としています。防災意識も高く、ミニポンプ隊を組織している他、老若併せて楽しめる納涼大会を開催し、地域住民の親睦を図っています。
出典: https://www2.wagmap.jp/shinagawa/OpenDataDetail?lid=2100&amp;mids=110
https://www.city.shinagawa.tokyo.jp/PC/chiiki/chiiki-tyokai/hpg000011181.html
https://www.shinagawa-choukaijichikai.jp/association/
https://pc.tamemap.net/1310901/activities?utf8=%E2%9C%93&amp;area=&amp;category=%E7%94%BA%E4%BC%9A%E3%83%BB%E8%87%AA%E6%B2%BB%E4%BC%9A&amp;word=
https://www.shinagawa-choukaijichikai.jp/ebaraarea/517/</description>
      <styleUrl>#area-2</styleUrl>
      <ExtendedData>
        <Data name="町会・自治会名">
          <value>小山洗足町会</value>
        </Data>
        <Data name="公式町会名">
          <value>小山洗足町会</value>
        </Data>
        <Data name="地域区分">
          <value>荏原第二地域</value>
        </Data>
        <Data name="住所区域">
          <value>旗の台6丁目 1番～4番 / 旗の台6丁目 5番（1～10号、44号～） / 旗の台6丁目 13番～19番</value>
        </Data>
        <Data name="町会長">
          <value />
        </Data>
        <Data name="代表者">
          <value />
        </Data>
        <Data name="連絡先">
          <value />
        </Data>
        <Data name="電話">
          <value />
        </Data>
        <Data name="メール">
          <value />
        </Data>
        <Data name="町会の紹介">
          <value>大正時代以来の住宅専用地域で、緑豊かで閑静かつ安全な住環境を協力して守ることを町会の目的としています。防災意識も高く、ミニポンプ隊を組織している他、老若併せて楽しめる納涼大会を開催し、地域住民の親睦を図っています。</value>
        </Data>
        <Data name="活動実績">
          <value />
        </Data>
        <Data name="ホームページ">
          <value />
        </Data>
        <Data name="SNS">
          <value />
        </Data>
        <Data name="出典">
          <value>https://www2.wagmap.jp/shinagawa/OpenDataDetail?lid=2100&amp;mids=110
https://www.city.shinagawa.tokyo.jp/PC/chiiki/chiiki-tyokai/hpg000011181.html
https://www.shinagawa-choukaijichikai.jp/association/
https://pc.tamemap.net/1310901/activities?utf8=%E2%9C%93&amp;area=&amp;category=%E7%94%BA%E4%BC%9A%E3%83%BB%E8%87%AA%E6%B2%BB%E4%BC%9A&amp;word=
https://www.shinagawa-choukaijichikai.jp/ebaraarea/517/</value>
        </Data>
      </ExtendedData>
      <Polygon>
        <tessellate>1</tessellate>
        <altitudeMode>clampToGround</altitudeMode>
        <outerBoundaryIs>
          <LinearRing>
            <coordinates>139.698373,35.608911,0 139.698460,35.608607,0 139.698526,35.608376,0 139.698530,35.608363,0 139.698550,35.608367,0 139.698627,35.608147,0 139.698649,35.608079,0 139.698879,35.607397,0 139.698897,35.607345,0 139.699088,35.606768,0 139.699179,35.606484,0 139.698190,35.606288,0 139.697941,35.606169,0 139.696643,35.605552,0 139.696444,35.605809,0 139.696286,35.606031,0 139.696119,35.606298,0 139.695964,35.606566,0 139.695828,35.606758,0 139.695787,35.606820,0 139.695762,35.606869,0 139.695660,35.607075,0 139.695516,35.607322,0 139.695408,35.607522,0 139.695361,35.607671,0 139.695299,35.607836,0 139.695238,35.608016,0 139.695216,35.608077,0 139.695208,35.608091,0 139.695201,35.608101,0 139.695600,35.608142,0 139.695557,35.608502,0 139.695676,35.608512,0 139.696557,35.608571,0 139.697635,35.608787,0 139.698366,35.608935,0 139.698373,35.608911,0</coordinates>
          </LinearRing>
        </outerBoundaryIs>
      </Polygon>
    </Placemark>
    <Placemark>
      <name>旗の台二丁目町会</name>
      <description>町会・自治会名: 旗の台二丁目町会
公式町会名: 旗の台二丁目町会
地域区分: 荏原第二地域
住所区域: 旗の台2丁目 1番～8番 / 旗の台2丁目 9番（6～27号） / 旗の台2丁目 13番（11号一部、12号～16号）
出典: https://www2.wagmap.jp/shinagawa/OpenDataDetail?lid=2100&amp;mids=110
https://www.city.shinagawa.tokyo.jp/PC/chiiki/chiiki-tyokai/hpg000011181.html
https://www.shinagawa-choukaijichikai.jp/association/
https://pc.tamemap.net/1310901/activities?utf8=%E2%9C%93&amp;area=&amp;category=%E7%94%BA%E4%BC%9A%E3%83%BB%E8%87%AA%E6%B2%BB%E4%BC%9A&amp;word=
https://www.shinagawa-choukaijichikai.jp/ebaraarea/515/</description>
      <styleUrl>#area-0</styleUrl>
      <ExtendedData>
        <Data name="町会・自治会名">
          <value>旗の台二丁目町会</value>
        </Data>
        <Data name="公式町会名">
          <value>旗の台二丁目町会</value>
        </Data>
        <Data name="地域区分">
          <value>荏原第二地域</value>
        </Data>
        <Data name="住所区域">
          <value>旗の台2丁目 1番～8番 / 旗の台2丁目 9番（6～27号） / 旗の台2丁目 13番（11号一部、12号～16号）</value>
        </Data>
        <Data name="町会長">
          <value />
        </Data>
        <Data name="代表者">
          <value />
        </Data>
        <Data name="連絡先">
          <value />
        </Data>
        <Data name="電話">
          <value />
        </Data>
        <Data name="メール">
          <value />
        </Data>
        <Data name="町会の紹介">
          <value />
        </Data>
        <Data name="活動実績">
          <value />
        </Data>
        <Data name="ホームページ">
          <value />
        </Data>
        <Data name="SNS">
          <value />
        </Data>
        <Data name="出典">
          <value>https://www2.wagmap.jp/shinagawa/OpenDataDetail?lid=2100&amp;mids=110
https://www.city.shinagawa.tokyo.jp/PC/chiiki/chiiki-tyokai/hpg000011181.html
https://www.shinagawa-choukaijichikai.jp/association/
https://pc.tamemap.net/1310901/activities?utf8=%E2%9C%93&amp;area=&amp;category=%E7%94%BA%E4%BC%9A%E3%83%BB%E8%87%AA%E6%B2%BB%E4%BC%9A&amp;word=
https://www.shinagawa-choukaijichikai.jp/ebaraarea/515/</value>
        </Data>
      </ExtendedData>
      <Polygon>
        <tessellate>1</tessellate>
        <altitudeMode>clampToGround</altitudeMode>
        <outerBoundaryIs>
          <LinearRing>
            <coordinates>139.705108,35.608954,0 139.705030,35.608503,0 139.705552,35.608481,0 139.706078,35.608457,0 139.706016,35.607945,0 139.706005,35.607848,0 139.705951,35.607364,0 139.705975,35.606838,0 139.706099,35.606663,0 139.705657,35.606430,0 139.705286,35.606228,0 139.705151,35.606155,0 139.704849,35.605991,0 139.704448,35.605775,0 139.703976,35.605519,0 139.703645,35.605340,0 139.703228,35.605115,0 139.702951,35.604964,0 139.702964,35.605330,0 139.702984,35.605678,0 139.702350,35.605676,0 139.702357,35.606073,0 139.702375,35.606090,0 139.702384,35.606385,0 139.702386,35.606601,0 139.702362,35.606668,0 139.702336,35.606748,0 139.703356,35.606985,0 139.703533,35.607028,0 139.703672,35.607078,0 139.703813,35.607145,0 139.703918,35.607198,0 139.703993,35.607247,0 139.704076,35.607309,0 139.704177,35.607401,0 139.704232,35.607460,0 139.704287,35.607530,0 139.704335,35.607596,0 139.704375,35.607663,0 139.704401,35.607714,0 139.704476,35.607892,0 139.704715,35.608505,0 139.704930,35.608992,0 139.705108,35.608954,0</coordinates>
          </LinearRing>
        </outerBoundaryIs>
      </Polygon>
    </Placemark>
    <Placemark>
      <name>二葉一丁目町会</name>
      <description>町会・自治会名: 二葉一丁目町会
公式町会名: 二葉一丁目町会
地域区分: 荏原第五地域
住所区域: 大井2丁目 1番（1、2、26～30号） / 二葉1丁目 4番～11番 / 二葉1丁目 16番～20番 / 二葉1丁目 21番（5～15号）
町会の紹介: わが町会は区役所に一番近い、約800世帯の町会です。町会会館には「以和為貴」の額があります。この言葉のとおり町会花見大会、防災餅つき大会、祭礼の模擬店、盆踊りなどの様々な行事を、町会員一丸となり、和を大切にして楽しむまとまりのよい町会です。ぜひ一緒に楽しみましょう。
出典: https://www2.wagmap.jp/shinagawa/OpenDataDetail?lid=2100&amp;mids=110
https://www.city.shinagawa.tokyo.jp/PC/chiiki/chiiki-tyokai/hpg000011184.html
https://www.shinagawa-choukaijichikai.jp/association/
https://pc.tamemap.net/1310901/activities?utf8=%E2%9C%93&amp;area=&amp;category=%E7%94%BA%E4%BC%9A%E3%83%BB%E8%87%AA%E6%B2%BB%E4%BC%9A&amp;word=
https://www.shinagawa-choukaijichikai.jp/ebaraarea/557/</description>
      <styleUrl>#area-3</styleUrl>
      <ExtendedData>
        <Data name="町会・自治会名">
          <value>二葉一丁目町会</value>
        </Data>
        <Data name="公式町会名">
          <value>二葉一丁目町会</value>
        </Data>
        <Data name="地域区分">
          <value>荏原第五地域</value>
        </Data>
        <Data name="住所区域">
          <value>大井2丁目 1番（1、2、26～30号） / 二葉1丁目 4番～11番 / 二葉1丁目 16番～20番 / 二葉1丁目 21番（5～15号）</value>
        </Data>
        <Data name="町会長">
          <value />
        </Data>
        <Data name="代表者">
          <value />
        </Data>
        <Data name="連絡先">
          <value />
        </Data>
        <Data name="電話">
          <value />
        </Data>
        <Data name="メール">
          <value />
        </Data>
        <Data name="町会の紹介">
          <value>わが町会は区役所に一番近い、約800世帯の町会です。町会会館には「以和為貴」の額があります。この言葉のとおり町会花見大会、防災餅つき大会、祭礼の模擬店、盆踊りなどの様々な行事を、町会員一丸となり、和を大切にして楽しむまとまりのよい町会です。ぜひ一緒に楽しみましょう。</value>
        </Data>
        <Data name="活動実績">
          <value />
        </Data>
        <Data name="ホームページ">
          <value />
        </Data>
        <Data name="SNS">
          <value />
        </Data>
        <Data name="出典">
          <value>https://www2.wagmap.jp/shinagawa/OpenDataDetail?lid=2100&amp;mids=110
https://www.city.shinagawa.tokyo.jp/PC/chiiki/chiiki-tyokai/hpg000011184.html
https://www.shinagawa-choukaijichikai.jp/association/
https://pc.tamemap.net/1310901/activities?utf8=%E2%9C%93&amp;area=&amp;category=%E7%94%BA%E4%BC%9A%E3%83%BB%E8%87%AA%E6%B2%BB%E4%BC%9A&amp;word=
https://www.shinagawa-choukaijichikai.jp/ebaraarea/557/</value>
        </Data>
      </ExtendedData>
      <Polygon>
        <tessellate>1</tessellate>
        <altitudeMode>clampToGround</altitudeMode>
        <outerBoundaryIs>
          <LinearRing>
            <coordinates>139.729597,35.608506,0 139.729733,35.608180,0 139.729797,35.607862,0 139.729884,35.607353,0 139.729943,35.607096,0 139.729983,35.606893,0 139.730037,35.606621,0 139.729801,35.606609,0 139.729801,35.606577,0 139.729788,35.606509,0 139.729664,35.606499,0 139.729629,35.606546,0 139.729529,35.606520,0 139.729498,35.606513,0 139.729373,35.606476,0 139.729285,35.606429,0 139.729170,35.606539,0 139.729049,35.606616,0 139.728863,35.606469,0 139.728785,35.606407,0 139.728729,35.606363,0 139.728606,35.606261,0 139.728530,35.606185,0 139.728452,35.606277,0 139.728412,35.606334,0 139.728335,35.606297,0 139.728325,35.606293,0 139.728268,35.606265,0 139.728245,35.606276,0 139.728214,35.606314,0 139.728204,35.606313,0 139.728141,35.606280,0 139.728102,35.606263,0 139.728044,35.606337,0 139.727646,35.606666,0 139.727562,35.606724,0 139.726871,35.607204,0 139.726217,35.607655,0 139.725809,35.607956,0 139.725927,35.608061,0 139.725845,35.608331,0 139.725547,35.608388,0 139.725549,35.608550,0 139.725584,35.608553,0 139.726465,35.608595,0 139.726562,35.608604,0 139.726709,35.608625,0 139.727101,35.608768,0 139.727189,35.608796,0 139.727463,35.608860,0 139.728132,35.609028,0 139.728228,35.609052,0 139.728290,35.609031,0 139.728502,35.609053,0 139.728811,35.609092,0 139.729100,35.609124,0 139.729428,35.609148,0 139.729664,35.609207,0 139.729757,35.609233,0 139.729597,35.608506,0</coordinates>
          </LinearRing>
        </outerBoundaryIs>
      </Polygon>
    </Placemark>
    <Placemark>
      <name>豊町三丁目町会</name>
      <description>町会・自治会名: 豊町三丁目町会
公式町会名: 豊町三丁目町会
地域区分: 荏原第五地域
住所区域: 豊町3丁目 1番～13番
出典: https://www2.wagmap.jp/shinagawa/OpenDataDetail?lid=2100&amp;mids=110
https://www.city.shinagawa.tokyo.jp/PC/chiiki/chiiki-tyokai/hpg000011184.html
https://www.shinagawa-choukaijichikai.jp/association/
https://pc.tamemap.net/1310901/activities?utf8=%E2%9C%93&amp;area=&amp;category=%E7%94%BA%E4%BC%9A%E3%83%BB%E8%87%AA%E6%B2%BB%E4%BC%9A&amp;word=
https://www.shinagawa-choukaijichikai.jp/ebaraarea/554/</description>
      <styleUrl>#area-3</styleUrl>
      <ExtendedData>
        <Data name="町会・自治会名">
          <value>豊町三丁目町会</value>
        </Data>
        <Data name="公式町会名">
          <value>豊町三丁目町会</value>
        </Data>
        <Data name="地域区分">
          <value>荏原第五地域</value>
        </Data>
        <Data name="住所区域">
          <value>豊町3丁目 1番～13番</value>
        </Data>
        <Data name="町会長">
          <value />
        </Data>
        <Data name="代表者">
          <value />
        </Data>
        <Data name="連絡先">
          <value />
        </Data>
        <Data name="電話">
          <value />
        </Data>
        <Data name="メール">
          <value />
        </Data>
        <Data name="町会の紹介">
          <value />
        </Data>
        <Data name="活動実績">
          <value />
        </Data>
        <Data name="ホームページ">
          <value />
        </Data>
        <Data name="SNS">
          <value />
        </Data>
        <Data name="出典">
          <value>https://www2.wagmap.jp/shinagawa/OpenDataDetail?lid=2100&amp;mids=110
https://www.city.shinagawa.tokyo.jp/PC/chiiki/chiiki-tyokai/hpg000011184.html
https://www.shinagawa-choukaijichikai.jp/association/
https://pc.tamemap.net/1310901/activities?utf8=%E2%9C%93&amp;area=&amp;category=%E7%94%BA%E4%BC%9A%E3%83%BB%E8%87%AA%E6%B2%BB%E4%BC%9A&amp;word=
https://www.shinagawa-choukaijichikai.jp/ebaraarea/554/</value>
        </Data>
      </ExtendedData>
      <Polygon>
        <tessellate>1</tessellate>
        <altitudeMode>clampToGround</altitudeMode>
        <outerBoundaryIs>
          <LinearRing>
            <coordinates>139.722898,35.609029,0 139.723568,35.608701,0 139.723644,35.608650,0 139.723824,35.608486,0 139.723939,35.608464,0 139.724051,35.608456,0 139.725315,35.608534,0 139.724823,35.607953,0 139.724722,35.607824,0 139.724631,35.607697,0 139.724442,35.607421,0 139.724217,35.607053,0 139.724078,35.606813,0 139.723540,35.607006,0 139.722164,35.607798,0 139.720803,35.607711,0 139.720599,35.607693,0 139.720557,35.607696,0 139.720526,35.607702,0 139.719233,35.608037,0 139.719359,35.608271,0 139.719719,35.608884,0 139.719905,35.609204,0 139.722805,35.609317,0 139.722898,35.609029,0</coordinates>
          </LinearRing>
        </outerBoundaryIs>
      </Polygon>
    </Placemark>
    <Placemark>
      <name>東中延二丁目町会</name>
      <description>町会・自治会名: 東中延二丁目町会
公式町会名: 東中延二丁目町会
地域区分: 荏原第四地域
住所区域: 戸越6丁目 1番～3番 / 戸越6丁目 13番～14番 / 中延4丁目 5番（1～4号、18～22号） / 東中延2丁目 1番～10番（9番11～15号除く）
連絡先: 03-3785-2734
町会の紹介: 東中延2丁目と国道一号線をはさんだ戸越6丁目の一部分が町会です。安全で安心して住める町会をめざしております。また、人の和ということを大事にしてなごやかな町会運営をめざしております。子ども達のために2月にはひな祭りをし、5月の子どもの日には公園に於いて、毎年楽しいイベントを行っております。春秋の交通安全週間又暮の11日間にわたる防犯防火の夜警にも沢山の方々に協力していただいております。
出典: https://www2.wagmap.jp/shinagawa/OpenDataDetail?lid=2100&amp;mids=110
https://www.city.shinagawa.tokyo.jp/PC/chiiki/chiiki-tyokai/hpg000011183.html
https://www.shinagawa-choukaijichikai.jp/association/
https://pc.tamemap.net/1310901/activities?utf8=%E2%9C%93&amp;area=&amp;category=%E7%94%BA%E4%BC%9A%E3%83%BB%E8%87%AA%E6%B2%BB%E4%BC%9A&amp;word=
https://www.shinagawa-choukaijichikai.jp/ebaraarea/541/</description>
      <styleUrl>#area-3</styleUrl>
      <ExtendedData>
        <Data name="町会・自治会名">
          <value>東中延二丁目町会</value>
        </Data>
        <Data name="公式町会名">
          <value>東中延二丁目町会</value>
        </Data>
        <Data name="地域区分">
          <value>荏原第四地域</value>
        </Data>
        <Data name="住所区域">
          <value>戸越6丁目 1番～3番 / 戸越6丁目 13番～14番 / 中延4丁目 5番（1～4号、18～22号） / 東中延2丁目 1番～10番（9番11～15号除く）</value>
        </Data>
        <Data name="町会長">
          <value />
        </Data>
        <Data name="代表者">
          <value />
        </Data>
        <Data name="連絡先">
          <value>03-3785-2734</value>
        </Data>
        <Data name="電話">
          <value />
        </Data>
        <Data name="メール">
          <value />
        </Data>
        <Data name="町会の紹介">
          <value>東中延2丁目と国道一号線をはさんだ戸越6丁目の一部分が町会です。安全で安心して住める町会をめざしております。また、人の和ということを大事にしてなごやかな町会運営をめざしております。子ども達のために2月にはひな祭りをし、5月の子どもの日には公園に於いて、毎年楽しいイベントを行っております。春秋の交通安全週間又暮の11日間にわたる防犯防火の夜警にも沢山の方々に協力していただいております。</value>
        </Data>
        <Data name="活動実績">
          <value />
        </Data>
        <Data name="ホームページ">
          <value />
        </Data>
        <Data name="SNS">
          <value />
        </Data>
        <Data name="出典">
          <value>https://www2.wagmap.jp/shinagawa/OpenDataDetail?lid=2100&amp;mids=110
https://www.city.shinagawa.tokyo.jp/PC/chiiki/chiiki-tyokai/hpg000011183.html
https://www.shinagawa-choukaijichikai.jp/association/
https://pc.tamemap.net/1310901/activities?utf8=%E2%9C%93&amp;area=&amp;category=%E7%94%BA%E4%BC%9A%E3%83%BB%E8%87%AA%E6%B2%BB%E4%BC%9A&amp;word=
https://www.shinagawa-choukaijichikai.jp/ebaraarea/541/</value>
        </Data>
      </ExtendedData>
      <Polygon>
        <tessellate>1</tessellate>
        <altitudeMode>clampToGround</altitudeMode>
        <outerBoundaryIs>
          <LinearRing>
            <coordinates>139.715528,35.608979,0 139.715523,35.608947,0 139.715488,35.608779,0 139.715472,35.608757,0 139.715423,35.608601,0 139.715412,35.608567,0 139.715383,35.608452,0 139.715329,35.608205,0 139.715320,35.608166,0 139.715318,35.608027,0 139.715321,35.607996,0 139.715317,35.607762,0 139.715304,35.607741,0 139.715153,35.607633,0 139.715206,35.607577,0 139.713805,35.606585,0 139.713079,35.606072,0 139.712233,35.605471,0 139.712192,35.605523,0 139.712315,35.606165,0 139.712317,35.606193,0 139.712296,35.606573,0 139.712260,35.607186,0 139.712241,35.607807,0 139.712209,35.608116,0 139.712169,35.608415,0 139.712160,35.608506,0 139.712132,35.608583,0 139.712079,35.608768,0 139.711883,35.609362,0 139.713980,35.609366,0 139.714374,35.609368,0 139.715603,35.609376,0 139.715528,35.608979,0</coordinates>
          </LinearRing>
        </outerBoundaryIs>
      </Polygon>
    </Placemark>
    <Placemark>
      <name>戸越六丁目町会</name>
      <description>町会・自治会名: 戸越六丁目町会
公式町会名: 戸越六丁目町会
地域区分: 荏原第四地域
住所区域: 戸越6丁目 4番～12番 / 戸越6丁目 16番～22番
連絡先: 03-3784-2913
町会の紹介: 戸越6丁目には、三つの自治会が存在する。一つは、勿論戸越6丁目町会、二つ目は、東中延2丁目町会の一部であり、そして三つ目は、東中三町会の一部である。大人達は何となく、理解をしているが、子供達には、なかなか理解が得られないでいるのが現状である。そこが、戸越6丁目という所である。
出典: https://www2.wagmap.jp/shinagawa/OpenDataDetail?lid=2100&amp;mids=110
https://www.city.shinagawa.tokyo.jp/PC/chiiki/chiiki-tyokai/hpg000011183.html
https://www.shinagawa-choukaijichikai.jp/association/
https://pc.tamemap.net/1310901/activities?utf8=%E2%9C%93&amp;area=&amp;category=%E7%94%BA%E4%BC%9A%E3%83%BB%E8%87%AA%E6%B2%BB%E4%BC%9A&amp;word=
https://www.shinagawa-choukaijichikai.jp/ebaraarea/549/</description>
      <styleUrl>#area-0</styleUrl>
      <ExtendedData>
        <Data name="町会・自治会名">
          <value>戸越六丁目町会</value>
        </Data>
        <Data name="公式町会名">
          <value>戸越六丁目町会</value>
        </Data>
        <Data name="地域区分">
          <value>荏原第四地域</value>
        </Data>
        <Data name="住所区域">
          <value>戸越6丁目 4番～12番 / 戸越6丁目 16番～22番</value>
        </Data>
        <Data name="町会長">
          <value />
        </Data>
        <Data name="代表者">
          <value />
        </Data>
        <Data name="連絡先">
          <value>03-3784-2913</value>
        </Data>
        <Data name="電話">
          <value />
        </Data>
        <Data name="メール">
          <value />
        </Data>
        <Data name="町会の紹介">
          <value>戸越6丁目には、三つの自治会が存在する。一つは、勿論戸越6丁目町会、二つ目は、東中延2丁目町会の一部であり、そして三つ目は、東中三町会の一部である。大人達は何となく、理解をしているが、子供達には、なかなか理解が得られないでいるのが現状である。そこが、戸越6丁目という所である。</value>
        </Data>
        <Data name="活動実績">
          <value />
        </Data>
        <Data name="ホームページ">
          <value />
        </Data>
        <Data name="SNS">
          <value />
        </Data>
        <Data name="出典">
          <value>https://www2.wagmap.jp/shinagawa/OpenDataDetail?lid=2100&amp;mids=110
https://www.city.shinagawa.tokyo.jp/PC/chiiki/chiiki-tyokai/hpg000011183.html
https://www.shinagawa-choukaijichikai.jp/association/
https://pc.tamemap.net/1310901/activities?utf8=%E2%9C%93&amp;area=&amp;category=%E7%94%BA%E4%BC%9A%E3%83%BB%E8%87%AA%E6%B2%BB%E4%BC%9A&amp;word=
https://www.shinagawa-choukaijichikai.jp/ebaraarea/549/</value>
        </Data>
      </ExtendedData>
      <Polygon>
        <tessellate>1</tessellate>
        <altitudeMode>clampToGround</altitudeMode>
        <outerBoundaryIs>
          <LinearRing>
            <coordinates>139.716773,35.608945,0 139.717364,35.608730,0 139.717802,35.608563,0 139.718468,35.608320,0 139.718909,35.608158,0 139.719233,35.608037,0 139.719137,35.607861,0 139.719046,35.607692,0 139.718917,35.607480,0 139.718821,35.607323,0 139.718809,35.607309,0 139.718639,35.607125,0 139.718185,35.606643,0 139.717991,35.606590,0 139.717580,35.606477,0 139.716563,35.606204,0 139.715642,35.605952,0 139.714981,35.605784,0 139.715109,35.606232,0 139.715125,35.606312,0 139.715128,35.606334,0 139.715136,35.606503,0 139.715166,35.606619,0 139.715177,35.606810,0 139.715182,35.606852,0 139.715196,35.606955,0 139.715272,35.607248,0 139.715272,35.607508,0 139.715206,35.607577,0 139.715153,35.607633,0 139.715304,35.607741,0 139.715317,35.607762,0 139.715321,35.607996,0 139.715318,35.608027,0 139.715320,35.608166,0 139.715329,35.608205,0 139.715383,35.608452,0 139.715412,35.608567,0 139.715423,35.608601,0 139.715472,35.608757,0 139.715488,35.608779,0 139.715523,35.608947,0 139.715528,35.608979,0 139.715603,35.609376,0 139.716773,35.608945,0</coordinates>
          </LinearRing>
        </outerBoundaryIs>
      </Polygon>
    </Placemark>
    <Placemark>
      <name>旗の台六丁目町会</name>
      <description>町会・自治会名: 旗の台六丁目町会
公式町会名: 旗の台六丁目町会
地域区分: 荏原第二地域
住所区域: 旗の台6丁目 5番（11～43号） / 旗の台6丁目 6番～12番 / 旗の台6丁目 20番～25番
出典: https://www2.wagmap.jp/shinagawa/OpenDataDetail?lid=2100&amp;mids=110
https://www.city.shinagawa.tokyo.jp/PC/chiiki/chiiki-tyokai/hpg000011181.html
https://www.shinagawa-choukaijichikai.jp/association/
https://pc.tamemap.net/1310901/activities?utf8=%E2%9C%93&amp;area=&amp;category=%E7%94%BA%E4%BC%9A%E3%83%BB%E8%87%AA%E6%B2%BB%E4%BC%9A&amp;word=
https://www.shinagawa-choukaijichikai.jp/ebaraarea/518/</description>
      <styleUrl>#area-0</styleUrl>
      <ExtendedData>
        <Data name="町会・自治会名">
          <value>旗の台六丁目町会</value>
        </Data>
        <Data name="公式町会名">
          <value>旗の台六丁目町会</value>
        </Data>
        <Data name="地域区分">
          <value>荏原第二地域</value>
        </Data>
        <Data name="住所区域">
          <value>旗の台6丁目 5番（11～43号） / 旗の台6丁目 6番～12番 / 旗の台6丁目 20番～25番</value>
        </Data>
        <Data name="町会長">
          <value />
        </Data>
        <Data name="代表者">
          <value />
        </Data>
        <Data name="連絡先">
          <value />
        </Data>
        <Data name="電話">
          <value />
        </Data>
        <Data name="メール">
          <value />
        </Data>
        <Data name="町会の紹介">
          <value />
        </Data>
        <Data name="活動実績">
          <value />
        </Data>
        <Data name="ホームページ">
          <value />
        </Data>
        <Data name="SNS">
          <value />
        </Data>
        <Data name="出典">
          <value>https://www2.wagmap.jp/shinagawa/OpenDataDetail?lid=2100&amp;mids=110
https://www.city.shinagawa.tokyo.jp/PC/chiiki/chiiki-tyokai/hpg000011181.html
https://www.shinagawa-choukaijichikai.jp/association/
https://pc.tamemap.net/1310901/activities?utf8=%E2%9C%93&amp;area=&amp;category=%E7%94%BA%E4%BC%9A%E3%83%BB%E8%87%AA%E6%B2%BB%E4%BC%9A&amp;word=
https://www.shinagawa-choukaijichikai.jp/ebaraarea/518/</value>
        </Data>
      </ExtendedData>
      <Polygon>
        <tessellate>1</tessellate>
        <altitudeMode>clampToGround</altitudeMode>
        <outerBoundaryIs>
          <LinearRing>
            <coordinates>139.701620,35.609273,0 139.701830,35.608764,0 139.701969,35.608489,0 139.702187,35.608042,0 139.702229,35.607830,0 139.702183,35.607805,0 139.702219,35.607357,0 139.702264,35.606728,0 139.702110,35.606682,0 139.701994,35.606631,0 139.701706,35.606505,0 139.701470,35.606401,0 139.701393,35.606361,0 139.701219,35.606252,0 139.700920,35.606068,0 139.700732,35.605958,0 139.700361,35.605739,0 139.699853,35.605417,0 139.699599,35.605622,0 139.699426,35.605766,0 139.699179,35.606484,0 139.699088,35.606768,0 139.698897,35.607345,0 139.698879,35.607397,0 139.698649,35.608079,0 139.698627,35.608147,0 139.698550,35.608367,0 139.698530,35.608363,0 139.698526,35.608376,0 139.698460,35.608607,0 139.698373,35.608911,0 139.698366,35.608935,0 139.698663,35.608994,0 139.699094,35.609082,0 139.699362,35.609136,0 139.699521,35.609173,0 139.699766,35.609239,0 139.700073,35.609323,0 139.700466,35.609432,0 139.700879,35.609544,0 139.701455,35.609701,0 139.701620,35.609273,0</coordinates>
          </LinearRing>
        </outerBoundaryIs>
      </Polygon>
    </Placemark>
    <Placemark>
      <name>中延三丁目町会</name>
      <description>町会・自治会名: 中延三丁目町会
公式町会名: 中延三丁目町会
地域区分: 荏原第四地域
住所区域: 中延3丁目 全域
町会の紹介: そよ風が吹き、明るく美しい住みよい町づくりに取り組んでいます。新しい住民が増えるとともに、町会活動を円滑に運営できるよう努めています。櫻まつり、祭礼、年末パトロール、交通安全運動、特に災害に対しての対応訓練には力を入れています。皆様、是非ご参加下さい。
出典: https://www2.wagmap.jp/shinagawa/OpenDataDetail?lid=2100&amp;mids=110
https://www.city.shinagawa.tokyo.jp/PC/chiiki/chiiki-tyokai/hpg000011183.html
https://www.shinagawa-choukaijichikai.jp/association/
https://pc.tamemap.net/1310901/activities?utf8=%E2%9C%93&amp;area=&amp;category=%E7%94%BA%E4%BC%9A%E3%83%BB%E8%87%AA%E6%B2%BB%E4%BC%9A&amp;word=
https://www.shinagawa-choukaijichikai.jp/ebaraarea/537/</description>
      <styleUrl>#area-1</styleUrl>
      <ExtendedData>
        <Data name="町会・自治会名">
          <value>中延三丁目町会</value>
        </Data>
        <Data name="公式町会名">
          <value>中延三丁目町会</value>
        </Data>
        <Data name="地域区分">
          <value>荏原第四地域</value>
        </Data>
        <Data name="住所区域">
          <value>中延3丁目 全域</value>
        </Data>
        <Data name="町会長">
          <value />
        </Data>
        <Data name="代表者">
          <value />
        </Data>
        <Data name="連絡先">
          <value />
        </Data>
        <Data name="電話">
          <value />
        </Data>
        <Data name="メール">
          <value />
        </Data>
        <Data name="町会の紹介">
          <value>そよ風が吹き、明るく美しい住みよい町づくりに取り組んでいます。新しい住民が増えるとともに、町会活動を円滑に運営できるよう努めています。櫻まつり、祭礼、年末パトロール、交通安全運動、特に災害に対しての対応訓練には力を入れています。皆様、是非ご参加下さい。</value>
        </Data>
        <Data name="活動実績">
          <value />
        </Data>
        <Data name="ホームページ">
          <value />
        </Data>
        <Data name="SNS">
          <value />
        </Data>
        <Data name="出典">
          <value>https://www2.wagmap.jp/shinagawa/OpenDataDetail?lid=2100&amp;mids=110
https://www.city.shinagawa.tokyo.jp/PC/chiiki/chiiki-tyokai/hpg000011183.html
https://www.shinagawa-choukaijichikai.jp/association/
https://pc.tamemap.net/1310901/activities?utf8=%E2%9C%93&amp;area=&amp;category=%E7%94%BA%E4%BC%9A%E3%83%BB%E8%87%AA%E6%B2%BB%E4%BC%9A&amp;word=
https://www.shinagawa-choukaijichikai.jp/ebaraarea/537/</value>
        </Data>
      </ExtendedData>
      <Polygon>
        <tessellate>1</tessellate>
        <altitudeMode>clampToGround</altitudeMode>
        <outerBoundaryIs>
          <LinearRing>
            <coordinates>139.711883,35.609362,0 139.712079,35.608768,0 139.712132,35.608583,0 139.712160,35.608506,0 139.712169,35.608415,0 139.712209,35.608116,0 139.712241,35.607807,0 139.712260,35.607186,0 139.712296,35.606573,0 139.712317,35.606193,0 139.711283,35.606360,0 139.710382,35.606500,0 139.709666,35.606611,0 139.709590,35.607273,0 139.709520,35.607866,0 139.709442,35.608518,0 139.709826,35.608728,0 139.710522,35.609106,0 139.710883,35.609300,0 139.711130,35.609399,0 139.711369,35.609537,0 139.711648,35.609714,0 139.711741,35.609783,0 139.711883,35.609362,0</coordinates>
          </LinearRing>
        </outerBoundaryIs>
      </Polygon>
    </Placemark>
    <Placemark>
      <name>戸越五丁目町会</name>
      <description>町会・自治会名: 戸越五丁目町会
公式町会名: 戸越五丁目町会
地域区分: 荏原第三地域
住所区域: 戸越5丁目 3番～13番 / 戸越5丁目 16番～20番
連絡先: 090-1447-5685
出典: https://www2.wagmap.jp/shinagawa/OpenDataDetail?lid=2100&amp;mids=110
https://www.city.shinagawa.tokyo.jp/PC/chiiki/chiiki-tyokai/hpg000011182.html
https://www.shinagawa-choukaijichikai.jp/association/
https://pc.tamemap.net/1310901/activities?utf8=%E2%9C%93&amp;area=&amp;category=%E7%94%BA%E4%BC%9A%E3%83%BB%E8%87%AA%E6%B2%BB%E4%BC%9A&amp;word=
https://www.shinagawa-choukaijichikai.jp/ebaraarea/535/</description>
      <styleUrl>#area-1</styleUrl>
      <ExtendedData>
        <Data name="町会・自治会名">
          <value>戸越五丁目町会</value>
        </Data>
        <Data name="公式町会名">
          <value>戸越五丁目町会</value>
        </Data>
        <Data name="地域区分">
          <value>荏原第三地域</value>
        </Data>
        <Data name="住所区域">
          <value>戸越5丁目 3番～13番 / 戸越5丁目 16番～20番</value>
        </Data>
        <Data name="町会長">
          <value />
        </Data>
        <Data name="代表者">
          <value />
        </Data>
        <Data name="連絡先">
          <value>090-1447-5685</value>
        </Data>
        <Data name="電話">
          <value />
        </Data>
        <Data name="メール">
          <value />
        </Data>
        <Data name="町会の紹介">
          <value />
        </Data>
        <Data name="活動実績">
          <value />
        </Data>
        <Data name="ホームページ">
          <value />
        </Data>
        <Data name="SNS">
          <value />
        </Data>
        <Data name="出典">
          <value>https://www2.wagmap.jp/shinagawa/OpenDataDetail?lid=2100&amp;mids=110
https://www.city.shinagawa.tokyo.jp/PC/chiiki/chiiki-tyokai/hpg000011182.html
https://www.shinagawa-choukaijichikai.jp/association/
https://pc.tamemap.net/1310901/activities?utf8=%E2%9C%93&amp;area=&amp;category=%E7%94%BA%E4%BC%9A%E3%83%BB%E8%87%AA%E6%B2%BB%E4%BC%9A&amp;word=
https://www.shinagawa-choukaijichikai.jp/ebaraarea/535/</value>
        </Data>
      </ExtendedData>
      <Polygon>
        <tessellate>1</tessellate>
        <altitudeMode>clampToGround</altitudeMode>
        <outerBoundaryIs>
          <LinearRing>
            <coordinates>139.717111,35.611003,0 139.717877,35.610744,0 139.718425,35.610562,0 139.718774,35.610444,0 139.718934,35.610403,0 139.719411,35.610299,0 139.719551,35.610269,0 139.720382,35.610082,0 139.720343,35.610011,0 139.719905,35.609204,0 139.719719,35.608884,0 139.719359,35.608271,0 139.719233,35.608037,0 139.718909,35.608158,0 139.718468,35.608320,0 139.717802,35.608563,0 139.717364,35.608730,0 139.716773,35.608945,0 139.715603,35.609376,0 139.715767,35.609664,0 139.715757,35.609667,0 139.715794,35.609749,0 139.715819,35.609779,0 139.716581,35.611179,0 139.717111,35.611003,0</coordinates>
          </LinearRing>
        </outerBoundaryIs>
      </Polygon>
    </Placemark>
    <Placemark>
      <name>旗の台一丁目町会</name>
      <description>町会・自治会名: 旗の台一丁目町会
公式町会名: 旗の台一丁目町会
地域区分: 荏原第二地域
住所区域: 旗の台1丁目 全域
出典: https://www2.wagmap.jp/shinagawa/OpenDataDetail?lid=2100&amp;mids=110
https://www.city.shinagawa.tokyo.jp/PC/chiiki/chiiki-tyokai/hpg000011181.html
https://www.shinagawa-choukaijichikai.jp/association/
https://pc.tamemap.net/1310901/activities?utf8=%E2%9C%93&amp;area=&amp;category=%E7%94%BA%E4%BC%9A%E3%83%BB%E8%87%AA%E6%B2%BB%E4%BC%9A&amp;word=
https://www.shinagawa-choukaijichikai.jp/ebaraarea/514/</description>
      <styleUrl>#area-1</styleUrl>
      <ExtendedData>
        <Data name="町会・自治会名">
          <value>旗の台一丁目町会</value>
        </Data>
        <Data name="公式町会名">
          <value>旗の台一丁目町会</value>
        </Data>
        <Data name="地域区分">
          <value>荏原第二地域</value>
        </Data>
        <Data name="住所区域">
          <value>旗の台1丁目 全域</value>
        </Data>
        <Data name="町会長">
          <value />
        </Data>
        <Data name="代表者">
          <value />
        </Data>
        <Data name="連絡先">
          <value />
        </Data>
        <Data name="電話">
          <value />
        </Data>
        <Data name="メール">
          <value />
        </Data>
        <Data name="町会の紹介">
          <value />
        </Data>
        <Data name="活動実績">
          <value />
        </Data>
        <Data name="ホームページ">
          <value />
        </Data>
        <Data name="SNS">
          <value />
        </Data>
        <Data name="出典">
          <value>https://www2.wagmap.jp/shinagawa/OpenDataDetail?lid=2100&amp;mids=110
https://www.city.shinagawa.tokyo.jp/PC/chiiki/chiiki-tyokai/hpg000011181.html
https://www.shinagawa-choukaijichikai.jp/association/
https://pc.tamemap.net/1310901/activities?utf8=%E2%9C%93&amp;area=&amp;category=%E7%94%BA%E4%BC%9A%E3%83%BB%E8%87%AA%E6%B2%BB%E4%BC%9A&amp;word=
https://www.shinagawa-choukaijichikai.jp/ebaraarea/514/</value>
        </Data>
      </ExtendedData>
      <Polygon>
        <tessellate>1</tessellate>
        <altitudeMode>clampToGround</altitudeMode>
        <outerBoundaryIs>
          <LinearRing>
            <coordinates>139.705963,35.611242,0 139.705307,35.609943,0 139.705095,35.609434,0 139.704930,35.608992,0 139.704715,35.608505,0 139.704476,35.607892,0 139.704401,35.607714,0 139.704375,35.607663,0 139.704335,35.607596,0 139.704287,35.607530,0 139.704232,35.607460,0 139.704177,35.607401,0 139.704076,35.607309,0 139.703993,35.607247,0 139.703918,35.607198,0 139.703813,35.607145,0 139.703672,35.607078,0 139.703533,35.607028,0 139.703356,35.606985,0 139.702336,35.606748,0 139.702264,35.606728,0 139.702219,35.607357,0 139.702183,35.607805,0 139.702229,35.607830,0 139.702187,35.608042,0 139.701969,35.608489,0 139.701830,35.608764,0 139.701620,35.609273,0 139.701455,35.609701,0 139.701279,35.610230,0 139.702278,35.610454,0 139.703152,35.610648,0 139.703662,35.610768,0 139.704219,35.610885,0 139.704614,35.610980,0 139.704929,35.611052,0 139.705212,35.611115,0 139.705830,35.611250,0 139.705963,35.611242,0</coordinates>
          </LinearRing>
        </outerBoundaryIs>
      </Polygon>
    </Placemark>
    <Placemark>
      <name>西中延二丁目町会</name>
      <description>町会・自治会名: 西中延二丁目町会
公式町会名: 西中延二丁目町会
地域区分: 荏原第三地域
住所区域: 西中延2丁目 全域
町会長: 渡部 茂
連絡先: 090-6948-6219
町会の紹介: 心のふれあいを大切にと、見守隊が子供達の安全を見守って「おはよう!いってらっしゃい」の声かけを実施しています。平成29年から要支援者体制の取組みも実施しています。よろしくお願いいたします。
出典: https://www2.wagmap.jp/shinagawa/OpenDataDetail?lid=2100&amp;mids=110
https://www.city.shinagawa.tokyo.jp/PC/chiiki/chiiki-tyokai/hpg000011182.html
https://www.shinagawa-choukaijichikai.jp/association/
https://pc.tamemap.net/1310901/activities?utf8=%E2%9C%93&amp;area=&amp;category=%E7%94%BA%E4%BC%9A%E3%83%BB%E8%87%AA%E6%B2%BB%E4%BC%9A&amp;word=
https://www.shinagawa-choukaijichikai.jp/ebaraarea/529/</description>
      <styleUrl>#area-3</styleUrl>
      <ExtendedData>
        <Data name="町会・自治会名">
          <value>西中延二丁目町会</value>
        </Data>
        <Data name="公式町会名">
          <value>西中延二丁目町会</value>
        </Data>
        <Data name="地域区分">
          <value>荏原第三地域</value>
        </Data>
        <Data name="住所区域">
          <value>西中延2丁目 全域</value>
        </Data>
        <Data name="町会長">
          <value>渡部 茂</value>
        </Data>
        <Data name="代表者">
          <value />
        </Data>
        <Data name="連絡先">
          <value>090-6948-6219</value>
        </Data>
        <Data name="電話">
          <value />
        </Data>
        <Data name="メール">
          <value />
        </Data>
        <Data name="町会の紹介">
          <value>心のふれあいを大切にと、見守隊が子供達の安全を見守って「おはよう!いってらっしゃい」の声かけを実施しています。平成29年から要支援者体制の取組みも実施しています。よろしくお願いいたします。</value>
        </Data>
        <Data name="活動実績">
          <value />
        </Data>
        <Data name="ホームページ">
          <value />
        </Data>
        <Data name="SNS">
          <value />
        </Data>
        <Data name="出典">
          <value>https://www2.wagmap.jp/shinagawa/OpenDataDetail?lid=2100&amp;mids=110
https://www.city.shinagawa.tokyo.jp/PC/chiiki/chiiki-tyokai/hpg000011182.html
https://www.shinagawa-choukaijichikai.jp/association/
https://pc.tamemap.net/1310901/activities?utf8=%E2%9C%93&amp;area=&amp;category=%E7%94%BA%E4%BC%9A%E3%83%BB%E8%87%AA%E6%B2%BB%E4%BC%9A&amp;word=
https://www.shinagawa-choukaijichikai.jp/ebaraarea/529/</value>
        </Data>
      </ExtendedData>
      <Polygon>
        <tessellate>1</tessellate>
        <altitudeMode>clampToGround</altitudeMode>
        <outerBoundaryIs>
          <LinearRing>
            <coordinates>139.707022,35.611173,0 139.708020,35.611125,0 139.708883,35.611087,0 139.709180,35.611064,0 139.709206,35.610890,0 139.709279,35.610109,0 139.709355,35.609298,0 139.709441,35.608530,0 139.709162,35.608384,0 139.708572,35.608362,0 139.707327,35.608409,0 139.706078,35.608457,0 139.705552,35.608481,0 139.705030,35.608503,0 139.705108,35.608954,0 139.704930,35.608992,0 139.705095,35.609434,0 139.705307,35.609943,0 139.705963,35.611242,0 139.705830,35.611250,0 139.707022,35.611173,0</coordinates>
          </LinearRing>
        </outerBoundaryIs>
      </Polygon>
    </Placemark>
    <Placemark>
      <name>中延二丁目町会</name>
      <description>町会・自治会名: 中延二丁目町会
公式町会名: 中延二丁目町会
地域区分: 荏原第三地域
住所区域: 中延2丁目 2番 / 中延2丁目 5番（9～20号） / 中延2丁目 6番～17番
町会の紹介: 町会会員の方々と、防災、防犯、福祉、子供の健全育成、祭礼に取組み、明るく安全で住みよい町づくりに努めています。例年５月の防災訓練は、炊き出しとそうめん流しを行い、子供達が大勢参加し大盛況です。
出典: https://www2.wagmap.jp/shinagawa/OpenDataDetail?lid=2100&amp;mids=110
https://www.city.shinagawa.tokyo.jp/PC/chiiki/chiiki-tyokai/hpg000011182.html
https://www.shinagawa-choukaijichikai.jp/association/
https://pc.tamemap.net/1310901/activities?utf8=%E2%9C%93&amp;area=&amp;category=%E7%94%BA%E4%BC%9A%E3%83%BB%E8%87%AA%E6%B2%BB%E4%BC%9A&amp;word=
https://www.shinagawa-choukaijichikai.jp/ebaraarea/526/</description>
      <styleUrl>#area-0</styleUrl>
      <ExtendedData>
        <Data name="町会・自治会名">
          <value>中延二丁目町会</value>
        </Data>
        <Data name="公式町会名">
          <value>中延二丁目町会</value>
        </Data>
        <Data name="地域区分">
          <value>荏原第三地域</value>
        </Data>
        <Data name="住所区域">
          <value>中延2丁目 2番 / 中延2丁目 5番（9～20号） / 中延2丁目 6番～17番</value>
        </Data>
        <Data name="町会長">
          <value />
        </Data>
        <Data name="代表者">
          <value />
        </Data>
        <Data name="連絡先">
          <value />
        </Data>
        <Data name="電話">
          <value />
        </Data>
        <Data name="メール">
          <value />
        </Data>
        <Data name="町会の紹介">
          <value>町会会員の方々と、防災、防犯、福祉、子供の健全育成、祭礼に取組み、明るく安全で住みよい町づくりに努めています。例年５月の防災訓練は、炊き出しとそうめん流しを行い、子供達が大勢参加し大盛況です。</value>
        </Data>
        <Data name="活動実績">
          <value />
        </Data>
        <Data name="ホームページ">
          <value />
        </Data>
        <Data name="SNS">
          <value />
        </Data>
        <Data name="出典">
          <value>https://www2.wagmap.jp/shinagawa/OpenDataDetail?lid=2100&amp;mids=110
https://www.city.shinagawa.tokyo.jp/PC/chiiki/chiiki-tyokai/hpg000011182.html
https://www.shinagawa-choukaijichikai.jp/association/
https://pc.tamemap.net/1310901/activities?utf8=%E2%9C%93&amp;area=&amp;category=%E7%94%BA%E4%BC%9A%E3%83%BB%E8%87%AA%E6%B2%BB%E4%BC%9A&amp;word=
https://www.shinagawa-choukaijichikai.jp/ebaraarea/526/</value>
        </Data>
      </ExtendedData>
      <Polygon>
        <tessellate>1</tessellate>
        <altitudeMode>clampToGround</altitudeMode>
        <outerBoundaryIs>
          <LinearRing>
            <coordinates>139.711540,35.611951,0 139.712837,35.611531,0 139.712633,35.611082,0 139.712622,35.611054,0 139.712629,35.611050,0 139.712452,35.610636,0 139.712402,35.610561,0 139.712302,35.610400,0 139.712270,35.610361,0 139.712241,35.610368,0 139.712195,35.610307,0 139.712143,35.610234,0 139.712073,35.610161,0 139.711722,35.609839,0 139.711741,35.609783,0 139.711648,35.609714,0 139.711369,35.609537,0 139.711130,35.609399,0 139.710883,35.609300,0 139.710522,35.609106,0 139.709826,35.608728,0 139.709442,35.608518,0 139.709441,35.608530,0 139.709355,35.609298,0 139.709279,35.610109,0 139.709206,35.610890,0 139.709180,35.611064,0 139.709665,35.611031,0 139.709639,35.611285,0 139.709510,35.611281,0 139.709479,35.611410,0 139.710298,35.611502,0 139.710311,35.611420,0 139.710340,35.611426,0 139.710494,35.611451,0 139.710607,35.611470,0 139.710983,35.611505,0 139.711446,35.611550,0 139.711518,35.611953,0 139.711540,35.611951,0</coordinates>
          </LinearRing>
        </outerBoundaryIs>
      </Polygon>
    </Placemark>
    <Placemark>
      <name>豊町二丁目親和会</name>
      <description>町会・自治会名: 豊町二丁目親和会
公式町会名: 豊町二丁目親和会
地域区分: 荏原第五地域
住所区域: 西品川1丁目 25番～26番 / 西品川1丁目 28番～30番 / 豊町2丁目 1番～23番
町会の紹介: 当町会は、豊町2丁目と西品川の一部を含み約900世帯の会員が参加している町会です。町内には戸越公園としながわ中央公園の一部が含まれており、住民の憩いの場になっています。毎年、年末から2月末までの長期に亘り夜警を実施したり、バスハイクや祭礼を通じ会員間の親睦を図っています。皆様の参加をお待ちしています。
出典: https://www2.wagmap.jp/shinagawa/OpenDataDetail?lid=2100&amp;mids=110
https://www.city.shinagawa.tokyo.jp/PC/chiiki/chiiki-tyokai/hpg000011184.html
https://www.shinagawa-choukaijichikai.jp/association/
https://pc.tamemap.net/1310901/activities?utf8=%E2%9C%93&amp;area=&amp;category=%E7%94%BA%E4%BC%9A%E3%83%BB%E8%87%AA%E6%B2%BB%E4%BC%9A&amp;word=
https://www.shinagawa-choukaijichikai.jp/ebaraarea/553/</description>
      <styleUrl>#area-0</styleUrl>
      <ExtendedData>
        <Data name="町会・自治会名">
          <value>豊町二丁目親和会</value>
        </Data>
        <Data name="公式町会名">
          <value>豊町二丁目親和会</value>
        </Data>
        <Data name="地域区分">
          <value>荏原第五地域</value>
        </Data>
        <Data name="住所区域">
          <value>西品川1丁目 25番～26番 / 西品川1丁目 28番～30番 / 豊町2丁目 1番～23番</value>
        </Data>
        <Data name="町会長">
          <value />
        </Data>
        <Data name="代表者">
          <value />
        </Data>
        <Data name="連絡先">
          <value />
        </Data>
        <Data name="電話">
          <value />
        </Data>
        <Data name="メール">
          <value />
        </Data>
        <Data name="町会の紹介">
          <value>当町会は、豊町2丁目と西品川の一部を含み約900世帯の会員が参加している町会です。町内には戸越公園としながわ中央公園の一部が含まれており、住民の憩いの場になっています。毎年、年末から2月末までの長期に亘り夜警を実施したり、バスハイクや祭礼を通じ会員間の親睦を図っています。皆様の参加をお待ちしています。</value>
        </Data>
        <Data name="活動実績">
          <value />
        </Data>
        <Data name="ホームページ">
          <value />
        </Data>
        <Data name="SNS">
          <value />
        </Data>
        <Data name="出典">
          <value>https://www2.wagmap.jp/shinagawa/OpenDataDetail?lid=2100&amp;mids=110
https://www.city.shinagawa.tokyo.jp/PC/chiiki/chiiki-tyokai/hpg000011184.html
https://www.shinagawa-choukaijichikai.jp/association/
https://pc.tamemap.net/1310901/activities?utf8=%E2%9C%93&amp;area=&amp;category=%E7%94%BA%E4%BC%9A%E3%83%BB%E8%87%AA%E6%B2%BB%E4%BC%9A&amp;word=
https://www.shinagawa-choukaijichikai.jp/ebaraarea/553/</value>
        </Data>
      </ExtendedData>
      <Polygon>
        <tessellate>1</tessellate>
        <altitudeMode>clampToGround</altitudeMode>
        <outerBoundaryIs>
          <LinearRing>
            <coordinates>139.724104,35.612027,0 139.724319,35.611998,0 139.724557,35.611974,0 139.724600,35.611965,0 139.724724,35.611948,0 139.724871,35.611931,0 139.724924,35.611920,0 139.725000,35.611894,0 139.725039,35.611879,0 139.725125,35.611838,0 139.725308,35.611740,0 139.725447,35.611684,0 139.725782,35.611560,0 139.727065,35.611074,0 139.727106,35.611059,0 139.727094,35.611039,0 139.727277,35.610971,0 139.727322,35.610951,0 139.727688,35.610748,0 139.727721,35.610728,0 139.727986,35.610572,0 139.727996,35.610575,0 139.728087,35.610512,0 139.727927,35.610474,0 139.727811,35.610437,0 139.727880,35.610030,0 139.727915,35.610030,0 139.727962,35.610014,0 139.728029,35.609817,0 139.728037,35.609665,0 139.728020,35.609461,0 139.728028,35.609375,0 139.728070,35.609298,0 139.728114,35.609238,0 139.728159,35.609208,0 139.728106,35.609146,0 139.728106,35.609120,0 139.728132,35.609028,0 139.727463,35.608860,0 139.727189,35.608796,0 139.727101,35.608768,0 139.726709,35.608625,0 139.726562,35.608604,0 139.726465,35.608595,0 139.725584,35.608553,0 139.725549,35.608550,0 139.725315,35.608534,0 139.724051,35.608456,0 139.723939,35.608464,0 139.723824,35.608486,0 139.723644,35.608650,0 139.723568,35.608701,0 139.722898,35.609029,0 139.722805,35.609317,0 139.719905,35.609204,0 139.720343,35.610011,0 139.720382,35.610082,0 139.720436,35.610181,0 139.720429,35.610356,0 139.720383,35.611068,0 139.720371,35.611172,0 139.721862,35.611231,0 139.722356,35.611245,0 139.723713,35.611315,0 139.723663,35.612026,0 139.724033,35.612032,0 139.724104,35.612027,0</coordinates>
          </LinearRing>
        </outerBoundaryIs>
      </Polygon>
    </Placemark>
    <Placemark>
      <name>小山七丁目町会</name>
      <description>町会・自治会名: 小山七丁目町会
公式町会名: 小山七丁目町会
地域区分: 荏原第二地域
住所区域: 小山7丁目 全域
出典: https://www2.wagmap.jp/shinagawa/OpenDataDetail?lid=2100&amp;mids=110
https://www.city.shinagawa.tokyo.jp/PC/chiiki/chiiki-tyokai/hpg000011181.html
https://www.shinagawa-choukaijichikai.jp/association/
https://pc.tamemap.net/1310901/activities?utf8=%E2%9C%93&amp;area=&amp;category=%E7%94%BA%E4%BC%9A%E3%83%BB%E8%87%AA%E6%B2%BB%E4%BC%9A&amp;word=
https://www.shinagawa-choukaijichikai.jp/ebaraarea/477/</description>
      <styleUrl>#area-1</styleUrl>
      <ExtendedData>
        <Data name="町会・自治会名">
          <value>小山七丁目町会</value>
        </Data>
        <Data name="公式町会名">
          <value>小山七丁目町会</value>
        </Data>
        <Data name="地域区分">
          <value>荏原第二地域</value>
        </Data>
        <Data name="住所区域">
          <value>小山7丁目 全域</value>
        </Data>
        <Data name="町会長">
          <value />
        </Data>
        <Data name="代表者">
          <value />
        </Data>
        <Data name="連絡先">
          <value />
        </Data>
        <Data name="電話">
          <value />
        </Data>
        <Data name="メール">
          <value />
        </Data>
        <Data name="町会の紹介">
          <value />
        </Data>
        <Data name="活動実績">
          <value />
        </Data>
        <Data name="ホームページ">
          <value />
        </Data>
        <Data name="SNS">
          <value />
        </Data>
        <Data name="出典">
          <value>https://www2.wagmap.jp/shinagawa/OpenDataDetail?lid=2100&amp;mids=110
https://www.city.shinagawa.tokyo.jp/PC/chiiki/chiiki-tyokai/hpg000011181.html
https://www.shinagawa-choukaijichikai.jp/association/
https://pc.tamemap.net/1310901/activities?utf8=%E2%9C%93&amp;area=&amp;category=%E7%94%BA%E4%BC%9A%E3%83%BB%E8%87%AA%E6%B2%BB%E4%BC%9A&amp;word=
https://www.shinagawa-choukaijichikai.jp/ebaraarea/477/</value>
        </Data>
      </ExtendedData>
      <Polygon>
        <tessellate>1</tessellate>
        <altitudeMode>clampToGround</altitudeMode>
        <outerBoundaryIs>
          <LinearRing>
            <coordinates>139.696065,35.612359,0 139.696212,35.612325,0 139.696378,35.612284,0 139.696666,35.612208,0 139.696813,35.612181,0 139.696984,35.612153,0 139.697107,35.612137,0 139.697350,35.612120,0 139.697523,35.612103,0 139.697980,35.612090,0 139.698317,35.612098,0 139.698442,35.610837,0 139.698463,35.610823,0 139.698494,35.610231,0 139.698476,35.609784,0 139.698454,35.609718,0 139.698663,35.608994,0 139.698366,35.608935,0 139.697635,35.608787,0 139.696557,35.608571,0 139.695676,35.608512,0 139.695660,35.608685,0 139.695651,35.608771,0 139.695614,35.609054,0 139.695695,35.609060,0 139.695667,35.609338,0 139.695655,35.609374,0 139.695633,35.609576,0 139.695867,35.609663,0 139.695887,35.609919,0 139.695963,35.610743,0 139.695958,35.610801,0 139.695757,35.611808,0 139.695750,35.611822,0 139.695710,35.611871,0 139.695616,35.611921,0 139.695573,35.611952,0 139.695552,35.611979,0 139.695562,35.612058,0 139.695569,35.612161,0 139.695603,35.612457,0 139.696065,35.612359,0</coordinates>
          </LinearRing>
        </outerBoundaryIs>
      </Polygon>
    </Placemark>
    <Placemark>
      <name>東中延一丁目町会</name>
      <description>町会・自治会名: 東中延一丁目町会
公式町会名: 東中延一丁目町会
地域区分: 荏原第三地域
住所区域: 戸越5丁目 1番～2番 / 戸越5丁目 14番～15番 / 東中延1丁目 全域
町会の紹介: 私達は餅つき大会や春のフェス、夏のお祭りと、誰でも気軽に参加できる楽しいイベントで交流を深めています。年々集まる子供達も増え盛り上がっています。町会HPでも紹介しています。
出典: https://www2.wagmap.jp/shinagawa/OpenDataDetail?lid=2100&amp;mids=110
https://www.city.shinagawa.tokyo.jp/PC/chiiki/chiiki-tyokai/hpg000011182.html
https://www.shinagawa-choukaijichikai.jp/association/
https://pc.tamemap.net/1310901/activities?utf8=%E2%9C%93&amp;area=&amp;category=%E7%94%BA%E4%BC%9A%E3%83%BB%E8%87%AA%E6%B2%BB%E4%BC%9A&amp;word=
https://www.shinagawa-choukaijichikai.jp/ebaraarea/527/</description>
      <styleUrl>#area-2</styleUrl>
      <ExtendedData>
        <Data name="町会・自治会名">
          <value>東中延一丁目町会</value>
        </Data>
        <Data name="公式町会名">
          <value>東中延一丁目町会</value>
        </Data>
        <Data name="地域区分">
          <value>荏原第三地域</value>
        </Data>
        <Data name="住所区域">
          <value>戸越5丁目 1番～2番 / 戸越5丁目 14番～15番 / 東中延1丁目 全域</value>
        </Data>
        <Data name="町会長">
          <value />
        </Data>
        <Data name="代表者">
          <value />
        </Data>
        <Data name="連絡先">
          <value />
        </Data>
        <Data name="電話">
          <value />
        </Data>
        <Data name="メール">
          <value />
        </Data>
        <Data name="町会の紹介">
          <value>私達は餅つき大会や春のフェス、夏のお祭りと、誰でも気軽に参加できる楽しいイベントで交流を深めています。年々集まる子供達も増え盛り上がっています。町会HPでも紹介しています。</value>
        </Data>
        <Data name="活動実績">
          <value />
        </Data>
        <Data name="ホームページ">
          <value />
        </Data>
        <Data name="SNS">
          <value />
        </Data>
        <Data name="出典">
          <value>https://www2.wagmap.jp/shinagawa/OpenDataDetail?lid=2100&amp;mids=110
https://www.city.shinagawa.tokyo.jp/PC/chiiki/chiiki-tyokai/hpg000011182.html
https://www.shinagawa-choukaijichikai.jp/association/
https://pc.tamemap.net/1310901/activities?utf8=%E2%9C%93&amp;area=&amp;category=%E7%94%BA%E4%BC%9A%E3%83%BB%E8%87%AA%E6%B2%BB%E4%BC%9A&amp;word=
https://www.shinagawa-choukaijichikai.jp/ebaraarea/527/</value>
        </Data>
      </ExtendedData>
      <Polygon>
        <tessellate>1</tessellate>
        <altitudeMode>clampToGround</altitudeMode>
        <outerBoundaryIs>
          <LinearRing>
            <coordinates>139.713543,35.612553,0 139.713851,35.612389,0 139.714001,35.612287,0 139.714410,35.611994,0 139.714712,35.611808,0 139.715039,35.611669,0 139.715290,35.611588,0 139.715677,35.611467,0 139.716133,35.611325,0 139.716581,35.611179,0 139.715819,35.609779,0 139.715794,35.609749,0 139.715757,35.609667,0 139.715767,35.609664,0 139.715603,35.609376,0 139.714374,35.609368,0 139.713980,35.609366,0 139.711883,35.609362,0 139.711741,35.609783,0 139.711722,35.609839,0 139.712073,35.610161,0 139.712143,35.610234,0 139.712195,35.610307,0 139.712241,35.610368,0 139.712270,35.610361,0 139.712302,35.610400,0 139.712402,35.610561,0 139.712452,35.610636,0 139.712629,35.611050,0 139.712622,35.611054,0 139.712633,35.611082,0 139.712837,35.611531,0 139.713365,35.612622,0 139.713543,35.612553,0</coordinates>
          </LinearRing>
        </outerBoundaryIs>
      </Polygon>
    </Placemark>
    <Placemark>
      <name>荏原七丁目町会</name>
      <description>町会・自治会名: 荏原七丁目町会
公式町会名: 荏原七丁目町会
地域区分: 荏原第二地域
住所区域: 荏原7丁目 全域
連絡先: 03-3787-2218
町会の紹介: 1,350余の世帯数を有し「安心、安全で住みよい町」を目指して、一年を通して様々な活動を行っております。各種の行事とふれあいの輪を広げ、より身近な環境を良くするために努力しています。同じ地域に住んでいる人々が協力して、潤いのある住んで心地のよい町づくりを行っています。
出典: https://www2.wagmap.jp/shinagawa/OpenDataDetail?lid=2100&amp;mids=110
https://www.city.shinagawa.tokyo.jp/PC/chiiki/chiiki-tyokai/hpg000011181.html
https://www.shinagawa-choukaijichikai.jp/association/
https://pc.tamemap.net/1310901/activities?utf8=%E2%9C%93&amp;area=&amp;category=%E7%94%BA%E4%BC%9A%E3%83%BB%E8%87%AA%E6%B2%BB%E4%BC%9A&amp;word=
https://www.shinagawa-choukaijichikai.jp/ebaraarea/513/</description>
      <styleUrl>#area-2</styleUrl>
      <ExtendedData>
        <Data name="町会・自治会名">
          <value>荏原七丁目町会</value>
        </Data>
        <Data name="公式町会名">
          <value>荏原七丁目町会</value>
        </Data>
        <Data name="地域区分">
          <value>荏原第二地域</value>
        </Data>
        <Data name="住所区域">
          <value>荏原7丁目 全域</value>
        </Data>
        <Data name="町会長">
          <value />
        </Data>
        <Data name="代表者">
          <value />
        </Data>
        <Data name="連絡先">
          <value>03-3787-2218</value>
        </Data>
        <Data name="電話">
          <value />
        </Data>
        <Data name="メール">
          <value />
        </Data>
        <Data name="町会の紹介">
          <value>1,350余の世帯数を有し「安心、安全で住みよい町」を目指して、一年を通して様々な活動を行っております。各種の行事とふれあいの輪を広げ、より身近な環境を良くするために努力しています。同じ地域に住んでいる人々が協力して、潤いのある住んで心地のよい町づくりを行っています。</value>
        </Data>
        <Data name="活動実績">
          <value />
        </Data>
        <Data name="ホームページ">
          <value />
        </Data>
        <Data name="SNS">
          <value />
        </Data>
        <Data name="出典">
          <value>https://www2.wagmap.jp/shinagawa/OpenDataDetail?lid=2100&amp;mids=110
https://www.city.shinagawa.tokyo.jp/PC/chiiki/chiiki-tyokai/hpg000011181.html
https://www.shinagawa-choukaijichikai.jp/association/
https://pc.tamemap.net/1310901/activities?utf8=%E2%9C%93&amp;area=&amp;category=%E7%94%BA%E4%BC%9A%E3%83%BB%E8%87%AA%E6%B2%BB%E4%BC%9A&amp;word=
https://www.shinagawa-choukaijichikai.jp/ebaraarea/513/</value>
        </Data>
      </ExtendedData>
      <Polygon>
        <tessellate>1</tessellate>
        <altitudeMode>clampToGround</altitudeMode>
        <outerBoundaryIs>
          <LinearRing>
            <coordinates>139.701014,35.612633,0 139.701234,35.612422,0 139.701360,35.612322,0 139.702463,35.611581,0 139.702585,35.611497,0 139.703241,35.611051,0 139.703408,35.610945,0 139.703581,35.610827,0 139.703662,35.610768,0 139.703152,35.610648,0 139.702278,35.610454,0 139.701279,35.610230,0 139.701455,35.609701,0 139.700879,35.609544,0 139.700466,35.609432,0 139.700073,35.609323,0 139.699766,35.609239,0 139.699521,35.609173,0 139.699362,35.609136,0 139.699094,35.609082,0 139.698663,35.608994,0 139.698454,35.609718,0 139.698476,35.609784,0 139.698494,35.610231,0 139.698463,35.610823,0 139.698442,35.610837,0 139.698317,35.612098,0 139.698289,35.612404,0 139.699670,35.612584,0 139.700380,35.612676,0 139.700873,35.612770,0 139.700891,35.612773,0 139.701014,35.612633,0</coordinates>
          </LinearRing>
        </outerBoundaryIs>
      </Polygon>
    </Placemark>
    <Placemark>
      <name>西品川三栄会</name>
      <description>町会・自治会名: 西品川三栄会
公式町会名: 西品川三栄会
地域区分: 大崎第二地域
住所区域: 西品川1丁目 8番（22～28号） / 西品川1丁目 11番（5～18号） / 西品川1丁目 12番（2～10号） / 西品川1丁目 13番～16番 / 西品川1丁目 18番～24番 / 西品川1丁目 27番
連絡先: 03-3494-7625
町会の紹介: きれいな町を・楽しい町を・安心な町を・皆で作りましょう。子供も大人も参加できる町会です。リサイクル活動、防災訓練、交通安全運動、防犯パトロール、敬老会、子供バスハイク、お祭、親睦バスハイク等、参加をお待ちしております。
出典: https://www2.wagmap.jp/shinagawa/OpenDataDetail?lid=2100&amp;mids=110
https://www.city.shinagawa.tokyo.jp/PC/chiiki/chiiki-tyokai/hpg000011176.html
https://www.shinagawa-choukaijichikai.jp/association/
https://pc.tamemap.net/1310901/activities?utf8=%E2%9C%93&amp;area=&amp;category=%E7%94%BA%E4%BC%9A%E3%83%BB%E8%87%AA%E6%B2%BB%E4%BC%9A&amp;word=
https://www.shinagawa-choukaijichikai.jp/osakiarea/411/</description>
      <styleUrl>#area-1</styleUrl>
      <ExtendedData>
        <Data name="町会・自治会名">
          <value>西品川三栄会</value>
        </Data>
        <Data name="公式町会名">
          <value>西品川三栄会</value>
        </Data>
        <Data name="地域区分">
          <value>大崎第二地域</value>
        </Data>
        <Data name="住所区域">
          <value>西品川1丁目 8番（22～28号） / 西品川1丁目 11番（5～18号） / 西品川1丁目 12番（2～10号） / 西品川1丁目 13番～16番 / 西品川1丁目 18番～24番 / 西品川1丁目 27番</value>
        </Data>
        <Data name="町会長">
          <value />
        </Data>
        <Data name="代表者">
          <value />
        </Data>
        <Data name="連絡先">
          <value>03-3494-7625</value>
        </Data>
        <Data name="電話">
          <value />
        </Data>
        <Data name="メール">
          <value />
        </Data>
        <Data name="町会の紹介">
          <value>きれいな町を・楽しい町を・安心な町を・皆で作りましょう。子供も大人も参加できる町会です。リサイクル活動、防災訓練、交通安全運動、防犯パトロール、敬老会、子供バスハイク、お祭、親睦バスハイク等、参加をお待ちしております。</value>
        </Data>
        <Data name="活動実績">
          <value />
        </Data>
        <Data name="ホームページ">
          <value />
        </Data>
        <Data name="SNS">
          <value />
        </Data>
        <Data name="出典">
          <value>https://www2.wagmap.jp/shinagawa/OpenDataDetail?lid=2100&amp;mids=110
https://www.city.shinagawa.tokyo.jp/PC/chiiki/chiiki-tyokai/hpg000011176.html
https://www.shinagawa-choukaijichikai.jp/association/
https://pc.tamemap.net/1310901/activities?utf8=%E2%9C%93&amp;area=&amp;category=%E7%94%BA%E4%BC%9A%E3%83%BB%E8%87%AA%E6%B2%BB%E4%BC%9A&amp;word=
https://www.shinagawa-choukaijichikai.jp/osakiarea/411/</value>
        </Data>
      </ExtendedData>
      <Polygon>
        <tessellate>1</tessellate>
        <altitudeMode>clampToGround</altitudeMode>
        <outerBoundaryIs>
          <LinearRing>
            <coordinates>139.729813,35.612523,0 139.729978,35.612848,0 139.730189,35.612777,0 139.730197,35.612775,0 139.730483,35.612690,0 139.730521,35.612682,0 139.730394,35.612357,0 139.730391,35.612316,0 139.730105,35.611398,0 139.730123,35.611376,0 139.730145,35.611367,0 139.730282,35.611360,0 139.730317,35.611361,0 139.730644,35.611598,0 139.730902,35.611812,0 139.730899,35.611801,0 139.730896,35.611783,0 139.730900,35.611759,0 139.730914,35.611722,0 139.730936,35.611666,0 139.730944,35.611652,0 139.730951,35.611629,0 139.730955,35.611592,0 139.730949,35.611563,0 139.730927,35.611529,0 139.730846,35.611462,0 139.730777,35.611408,0 139.730756,35.611390,0 139.730670,35.611329,0 139.730610,35.611279,0 139.730563,35.611225,0 139.730466,35.611137,0 139.730408,35.611077,0 139.730304,35.610941,0 139.730206,35.610777,0 139.730117,35.610588,0 139.730066,35.610453,0 139.729990,35.610218,0 139.729956,35.610083,0 139.729873,35.609758,0 139.729757,35.609233,0 139.729664,35.609207,0 139.729428,35.609148,0 139.729100,35.609124,0 139.728811,35.609092,0 139.728502,35.609053,0 139.728290,35.609031,0 139.728228,35.609052,0 139.728132,35.609028,0 139.728106,35.609120,0 139.728106,35.609146,0 139.728159,35.609208,0 139.728114,35.609238,0 139.728070,35.609298,0 139.728028,35.609375,0 139.728020,35.609461,0 139.728037,35.609665,0 139.728029,35.609817,0 139.727962,35.610014,0 139.727915,35.610030,0 139.727880,35.610030,0 139.727811,35.610437,0 139.727927,35.610474,0 139.728087,35.610512,0 139.727996,35.610575,0 139.727986,35.610572,0 139.727721,35.610728,0 139.727688,35.610748,0 139.727322,35.610951,0 139.727277,35.610971,0 139.727094,35.611039,0 139.727106,35.611059,0 139.727151,35.611043,0 139.727170,35.611074,0 139.727516,35.611681,0 139.727672,35.611948,0 139.727770,35.612109,0 139.727810,35.612175,0 139.727908,35.612318,0 139.727959,35.612386,0 139.727988,35.612423,0 139.728064,35.612457,0 139.728133,35.612485,0 139.728222,35.612509,0 139.728340,35.612528,0 139.728382,35.612529,0 139.728377,35.612508,0 139.728495,35.612468,0 139.728695,35.612885,0 139.729813,35.612523,0</coordinates>
          </LinearRing>
        </outerBoundaryIs>
      </Polygon>
    </Placemark>
    <Placemark>
      <name>戸越四丁目町会</name>
      <description>町会・自治会名: 戸越四丁目町会
公式町会名: 戸越四丁目町会
地域区分: 荏原第三地域
住所区域: 戸越4丁目 全域
町会の紹介: 数年前から復活した納涼盆踊り大会、またソフトバレー大会や卓球大会、子供会活動など大人も子供も楽しく過こせる宮前商店街・宮前小を中心に広がる下町情緒たっぷりの優しい町会です。
出典: https://www2.wagmap.jp/shinagawa/OpenDataDetail?lid=2100&amp;mids=110
https://www.city.shinagawa.tokyo.jp/PC/chiiki/chiiki-tyokai/hpg000011182.html
https://www.shinagawa-choukaijichikai.jp/association/
https://pc.tamemap.net/1310901/activities?utf8=%E2%9C%93&amp;area=&amp;category=%E7%94%BA%E4%BC%9A%E3%83%BB%E8%87%AA%E6%B2%BB%E4%BC%9A&amp;word=
https://www.shinagawa-choukaijichikai.jp/ebaraarea/534/</description>
      <styleUrl>#area-2</styleUrl>
      <ExtendedData>
        <Data name="町会・自治会名">
          <value>戸越四丁目町会</value>
        </Data>
        <Data name="公式町会名">
          <value>戸越四丁目町会</value>
        </Data>
        <Data name="地域区分">
          <value>荏原第三地域</value>
        </Data>
        <Data name="住所区域">
          <value>戸越4丁目 全域</value>
        </Data>
        <Data name="町会長">
          <value />
        </Data>
        <Data name="代表者">
          <value />
        </Data>
        <Data name="連絡先">
          <value />
        </Data>
        <Data name="電話">
          <value />
        </Data>
        <Data name="メール">
          <value />
        </Data>
        <Data name="町会の紹介">
          <value>数年前から復活した納涼盆踊り大会、またソフトバレー大会や卓球大会、子供会活動など大人も子供も楽しく過こせる宮前商店街・宮前小を中心に広がる下町情緒たっぷりの優しい町会です。</value>
        </Data>
        <Data name="活動実績">
          <value />
        </Data>
        <Data name="ホームページ">
          <value />
        </Data>
        <Data name="SNS">
          <value />
        </Data>
        <Data name="出典">
          <value>https://www2.wagmap.jp/shinagawa/OpenDataDetail?lid=2100&amp;mids=110
https://www.city.shinagawa.tokyo.jp/PC/chiiki/chiiki-tyokai/hpg000011182.html
https://www.shinagawa-choukaijichikai.jp/association/
https://pc.tamemap.net/1310901/activities?utf8=%E2%9C%93&amp;area=&amp;category=%E7%94%BA%E4%BC%9A%E3%83%BB%E8%87%AA%E6%B2%BB%E4%BC%9A&amp;word=
https://www.shinagawa-choukaijichikai.jp/ebaraarea/534/</value>
        </Data>
      </ExtendedData>
      <Polygon>
        <tessellate>1</tessellate>
        <altitudeMode>clampToGround</altitudeMode>
        <outerBoundaryIs>
          <LinearRing>
            <coordinates>139.718551,35.613038,0 139.719603,35.613022,0 139.719714,35.612998,0 139.720501,35.612856,0 139.720530,35.612845,0 139.720539,35.612835,0 139.720672,35.612454,0 139.720554,35.612452,0 139.720281,35.612441,0 139.720281,35.612282,0 139.720294,35.612042,0 139.720313,35.611726,0 139.720366,35.611213,0 139.720371,35.611172,0 139.720383,35.611068,0 139.720429,35.610356,0 139.720436,35.610181,0 139.720382,35.610082,0 139.719551,35.610269,0 139.719411,35.610299,0 139.718934,35.610403,0 139.718774,35.610444,0 139.718425,35.610562,0 139.717877,35.610744,0 139.717111,35.611003,0 139.717131,35.611064,0 139.717193,35.611229,0 139.717482,35.612055,0 139.717558,35.612732,0 139.717602,35.613059,0 139.718551,35.613038,0</coordinates>
          </LinearRing>
        </outerBoundaryIs>
      </Polygon>
    </Placemark>
    <Placemark>
      <name>荏原六丁目町会</name>
      <description>町会・自治会名: 荏原六丁目町会
公式町会名: 荏原六丁目町会
地域区分: 荏原第二地域
住所区域: 荏原6丁目 1番～6番 / 荏原6丁目 13番～18番
連絡先: 090-4948-4815
町会の紹介: 「優しい笑顔」「優しい言葉」「心豊かに」を合言葉に、隣近所との交流を大切にしながら活動をしています。親睦を目的とし、桜まつり・納涼祭・餅つき等の行事を行っています。地域の為に、交通安全・パトロール・防災訓練等も行っています。子どもを主体とする「子ども会」も毎回楽しく活動しています。
出典: https://www2.wagmap.jp/shinagawa/OpenDataDetail?lid=2100&amp;mids=110
https://www.city.shinagawa.tokyo.jp/PC/chiiki/chiiki-tyokai/hpg000011181.html
https://www.shinagawa-choukaijichikai.jp/association/
https://pc.tamemap.net/1310901/activities?utf8=%E2%9C%93&amp;area=&amp;category=%E7%94%BA%E4%BC%9A%E3%83%BB%E8%87%AA%E6%B2%BB%E4%BC%9A&amp;word=
https://www.shinagawa-choukaijichikai.jp/ebaraarea/481/</description>
      <styleUrl>#area-3</styleUrl>
      <ExtendedData>
        <Data name="町会・自治会名">
          <value>荏原六丁目町会</value>
        </Data>
        <Data name="公式町会名">
          <value>荏原六丁目町会</value>
        </Data>
        <Data name="地域区分">
          <value>荏原第二地域</value>
        </Data>
        <Data name="住所区域">
          <value>荏原6丁目 1番～6番 / 荏原6丁目 13番～18番</value>
        </Data>
        <Data name="町会長">
          <value />
        </Data>
        <Data name="代表者">
          <value />
        </Data>
        <Data name="連絡先">
          <value>090-4948-4815</value>
        </Data>
        <Data name="電話">
          <value />
        </Data>
        <Data name="メール">
          <value />
        </Data>
        <Data name="町会の紹介">
          <value>「優しい笑顔」「優しい言葉」「心豊かに」を合言葉に、隣近所との交流を大切にしながら活動をしています。親睦を目的とし、桜まつり・納涼祭・餅つき等の行事を行っています。地域の為に、交通安全・パトロール・防災訓練等も行っています。子どもを主体とする「子ども会」も毎回楽しく活動しています。</value>
        </Data>
        <Data name="活動実績">
          <value />
        </Data>
        <Data name="ホームページ">
          <value />
        </Data>
        <Data name="SNS">
          <value />
        </Data>
        <Data name="出典">
          <value>https://www2.wagmap.jp/shinagawa/OpenDataDetail?lid=2100&amp;mids=110
https://www.city.shinagawa.tokyo.jp/PC/chiiki/chiiki-tyokai/hpg000011181.html
https://www.shinagawa-choukaijichikai.jp/association/
https://pc.tamemap.net/1310901/activities?utf8=%E2%9C%93&amp;area=&amp;category=%E7%94%BA%E4%BC%9A%E3%83%BB%E8%87%AA%E6%B2%BB%E4%BC%9A&amp;word=
https://www.shinagawa-choukaijichikai.jp/ebaraarea/481/</value>
        </Data>
      </ExtendedData>
      <Polygon>
        <tessellate>1</tessellate>
        <altitudeMode>clampToGround</altitudeMode>
        <outerBoundaryIs>
          <LinearRing>
            <coordinates>139.705027,35.613592,0 139.705053,35.613248,0 139.705084,35.612796,0 139.705087,35.612757,0 139.705128,35.612138,0 139.705134,35.612106,0 139.705141,35.612054,0 139.705212,35.611115,0 139.704929,35.611052,0 139.704614,35.610980,0 139.704219,35.610885,0 139.703662,35.610768,0 139.703581,35.610827,0 139.703408,35.610945,0 139.703241,35.611051,0 139.702585,35.611497,0 139.702463,35.611581,0 139.701360,35.612322,0 139.701234,35.612422,0 139.701014,35.612633,0 139.700891,35.612773,0 139.702025,35.612969,0 139.702263,35.613061,0 139.702710,35.613273,0 139.703364,35.613431,0 139.703784,35.613515,0 139.703982,35.613548,0 139.704106,35.613564,0 139.704292,35.613583,0 139.704652,35.613607,0 139.705040,35.613624,0 139.705027,35.613592,0</coordinates>
          </LinearRing>
        </outerBoundaryIs>
      </Polygon>
    </Placemark>
    <Placemark>
      <name>西品川二丁目会</name>
      <description>町会・自治会名: 西品川二丁目会
公式町会名: 西品川二丁目会
地域区分: 大崎第二地域
住所区域: 西品川2丁目 9番（6～14号、22号の一部） / 西品川2丁目 10番（6～19号） / 西品川2丁目 12番（15～20号） / 西品川2丁目 17番～19番 / 西品川2丁目 20番（12～16号） / 西品川2丁目 21番～24番
町会の紹介: 会員皆様の親睦を深める、お祭り・敬老会・バスハイク・クリスマス会等の催し他、町内清掃・親子夜警・毎月敬老者の見守りなどの行事を行い「安全・安心」の住み良い明るい仲よしの町会です。ぜひご参加下さい。
出典: https://www2.wagmap.jp/shinagawa/OpenDataDetail?lid=2100&amp;mids=110
https://www.city.shinagawa.tokyo.jp/PC/chiiki/chiiki-tyokai/hpg000011176.html
https://www.shinagawa-choukaijichikai.jp/association/
https://pc.tamemap.net/1310901/activities?utf8=%E2%9C%93&amp;area=&amp;category=%E7%94%BA%E4%BC%9A%E3%83%BB%E8%87%AA%E6%B2%BB%E4%BC%9A&amp;word=
https://www.shinagawa-choukaijichikai.jp/osakiarea/424/</description>
      <styleUrl>#area-2</styleUrl>
      <ExtendedData>
        <Data name="町会・自治会名">
          <value>西品川二丁目会</value>
        </Data>
        <Data name="公式町会名">
          <value>西品川二丁目会</value>
        </Data>
        <Data name="地域区分">
          <value>大崎第二地域</value>
        </Data>
        <Data name="住所区域">
          <value>西品川2丁目 9番（6～14号、22号の一部） / 西品川2丁目 10番（6～19号） / 西品川2丁目 12番（15～20号） / 西品川2丁目 17番～19番 / 西品川2丁目 20番（12～16号） / 西品川2丁目 21番～24番</value>
        </Data>
        <Data name="町会長">
          <value />
        </Data>
        <Data name="代表者">
          <value />
        </Data>
        <Data name="連絡先">
          <value />
        </Data>
        <Data name="電話">
          <value />
        </Data>
        <Data name="メール">
          <value />
        </Data>
        <Data name="町会の紹介">
          <value>会員皆様の親睦を深める、お祭り・敬老会・バスハイク・クリスマス会等の催し他、町内清掃・親子夜警・毎月敬老者の見守りなどの行事を行い「安全・安心」の住み良い明るい仲よしの町会です。ぜひご参加下さい。</value>
        </Data>
        <Data name="活動実績">
          <value />
        </Data>
        <Data name="ホームページ">
          <value />
        </Data>
        <Data name="SNS">
          <value />
        </Data>
        <Data name="出典">
          <value>https://www2.wagmap.jp/shinagawa/OpenDataDetail?lid=2100&amp;mids=110
https://www.city.shinagawa.tokyo.jp/PC/chiiki/chiiki-tyokai/hpg000011176.html
https://www.shinagawa-choukaijichikai.jp/association/
https://pc.tamemap.net/1310901/activities?utf8=%E2%9C%93&amp;area=&amp;category=%E7%94%BA%E4%BC%9A%E3%83%BB%E8%87%AA%E6%B2%BB%E4%BC%9A&amp;word=
https://www.shinagawa-choukaijichikai.jp/osakiarea/424/</value>
        </Data>
      </ExtendedData>
      <Polygon>
        <tessellate>1</tessellate>
        <altitudeMode>clampToGround</altitudeMode>
        <outerBoundaryIs>
          <LinearRing>
            <coordinates>139.724816,35.613654,0 139.724869,35.613656,0 139.724943,35.613659,0 139.724946,35.613562,0 139.725213,35.613570,0 139.725351,35.613575,0 139.725353,35.613588,0 139.725548,35.613583,0 139.725595,35.613579,0 139.725603,35.613649,0 139.726131,35.613610,0 139.726119,35.613507,0 139.726094,35.613258,0 139.725545,35.613319,0 139.725446,35.612395,0 139.725691,35.612299,0 139.725671,35.612268,0 139.725816,35.612200,0 139.725832,35.612224,0 139.725937,35.612175,0 139.725938,35.612182,0 139.726137,35.612106,0 139.726320,35.612317,0 139.726464,35.612443,0 139.726496,35.612507,0 139.726506,35.612583,0 139.726515,35.612736,0 139.727301,35.612726,0 139.727641,35.612339,0 139.727810,35.612175,0 139.727770,35.612109,0 139.727672,35.611948,0 139.727516,35.611681,0 139.727170,35.611074,0 139.727151,35.611043,0 139.727106,35.611059,0 139.727065,35.611074,0 139.725782,35.611560,0 139.725447,35.611684,0 139.725308,35.611740,0 139.725125,35.611838,0 139.725039,35.611879,0 139.725000,35.611894,0 139.724924,35.611920,0 139.724871,35.611931,0 139.724724,35.611948,0 139.724600,35.611965,0 139.724557,35.611974,0 139.724319,35.611998,0 139.724104,35.612027,0 139.724033,35.612032,0 139.724066,35.612241,0 139.724074,35.612307,0 139.724095,35.612412,0 139.724161,35.612822,0 139.724177,35.612950,0 139.724185,35.613028,0 139.724160,35.613031,0 139.724308,35.613535,0 139.724368,35.613744,0 139.724816,35.613654,0</coordinates>
          </LinearRing>
        </outerBoundaryIs>
      </Polygon>
    </Placemark>
    <Placemark>
      <name>西中延一丁目町会</name>
      <description>町会・自治会名: 西中延一丁目町会
公式町会名: 西中延一丁目町会
地域区分: 荏原第三地域
住所区域: 荏原6丁目 7番～12番 / 荏原6丁目 19番 / 西中延1丁目 4番～11番
連絡先: 090-3349-6221
町会の紹介: 町会員皆様のご協力のもと、子供祭りやお祭り、交通安全運動等の行事を行っています。今後は、特に防災関係に力を注いで活動を推進していきたいと思います。町会のモットー「明るく楽しく元気に」活動してまいります。
出典: https://www2.wagmap.jp/shinagawa/OpenDataDetail?lid=2100&amp;mids=110
https://www.city.shinagawa.tokyo.jp/PC/chiiki/chiiki-tyokai/hpg000011182.html
https://www.shinagawa-choukaijichikai.jp/association/
https://pc.tamemap.net/1310901/activities?utf8=%E2%9C%93&amp;area=&amp;category=%E7%94%BA%E4%BC%9A%E3%83%BB%E8%87%AA%E6%B2%BB%E4%BC%9A&amp;word=
https://www.shinagawa-choukaijichikai.jp/ebaraarea/528/</description>
      <styleUrl>#area-0</styleUrl>
      <ExtendedData>
        <Data name="町会・自治会名">
          <value>西中延一丁目町会</value>
        </Data>
        <Data name="公式町会名">
          <value>西中延一丁目町会</value>
        </Data>
        <Data name="地域区分">
          <value>荏原第三地域</value>
        </Data>
        <Data name="住所区域">
          <value>荏原6丁目 7番～12番 / 荏原6丁目 19番 / 西中延1丁目 4番～11番</value>
        </Data>
        <Data name="町会長">
          <value />
        </Data>
        <Data name="代表者">
          <value />
        </Data>
        <Data name="連絡先">
          <value>090-3349-6221</value>
        </Data>
        <Data name="電話">
          <value />
        </Data>
        <Data name="メール">
          <value />
        </Data>
        <Data name="町会の紹介">
          <value>町会員皆様のご協力のもと、子供祭りやお祭り、交通安全運動等の行事を行っています。今後は、特に防災関係に力を注いで活動を推進していきたいと思います。町会のモットー「明るく楽しく元気に」活動してまいります。</value>
        </Data>
        <Data name="活動実績">
          <value />
        </Data>
        <Data name="ホームページ">
          <value />
        </Data>
        <Data name="SNS">
          <value />
        </Data>
        <Data name="出典">
          <value>https://www2.wagmap.jp/shinagawa/OpenDataDetail?lid=2100&amp;mids=110
https://www.city.shinagawa.tokyo.jp/PC/chiiki/chiiki-tyokai/hpg000011182.html
https://www.shinagawa-choukaijichikai.jp/association/
https://pc.tamemap.net/1310901/activities?utf8=%E2%9C%93&amp;area=&amp;category=%E7%94%BA%E4%BC%9A%E3%83%BB%E8%87%AA%E6%B2%BB%E4%BC%9A&amp;word=
https://www.shinagawa-choukaijichikai.jp/ebaraarea/528/</value>
        </Data>
      </ExtendedData>
      <Polygon>
        <tessellate>1</tessellate>
        <altitudeMode>clampToGround</altitudeMode>
        <outerBoundaryIs>
          <LinearRing>
            <coordinates>139.708409,35.613975,0 139.708479,35.613964,0 139.709078,35.614011,0 139.709120,35.612723,0 139.709128,35.612566,0 139.708575,35.612566,0 139.708647,35.612154,0 139.709157,35.612112,0 139.709157,35.611573,0 139.709180,35.611064,0 139.708883,35.611087,0 139.708020,35.611125,0 139.707022,35.611173,0 139.705830,35.611250,0 139.705212,35.611115,0 139.705141,35.612054,0 139.705134,35.612106,0 139.705128,35.612138,0 139.705087,35.612757,0 139.705084,35.612796,0 139.705053,35.613248,0 139.705027,35.613592,0 139.705040,35.613624,0 139.705999,35.613624,0 139.707423,35.613631,0 139.707576,35.613632,0 139.707930,35.614098,0 139.708409,35.613975,0</coordinates>
          </LinearRing>
        </outerBoundaryIs>
      </Polygon>
    </Placemark>
    <Placemark>
      <name>中延一丁目町会</name>
      <description>町会・自治会名: 中延一丁目町会
公式町会名: 中延一丁目町会
地域区分: 荏原第三地域
住所区域: 中延1丁目 全域 / 中延2丁目 1番 / 中延2丁目 3番～4番 / 中延2丁目 5番（1～8、21、22号）
連絡先: 080-6785-8685
町会の紹介: 新しい発想で常に進化する町会を目指しませんか!町会では様々な行事を企画し実行しています。年齢、職業や国を越えた"わ"の中で人生をもっと豊かにしてみませんか。入会をお待ちしています。
出典: https://www2.wagmap.jp/shinagawa/OpenDataDetail?lid=2100&amp;mids=110
https://www.city.shinagawa.tokyo.jp/PC/chiiki/chiiki-tyokai/hpg000011182.html
https://www.shinagawa-choukaijichikai.jp/association/
https://pc.tamemap.net/1310901/activities?utf8=%E2%9C%93&amp;area=&amp;category=%E7%94%BA%E4%BC%9A%E3%83%BB%E8%87%AA%E6%B2%BB%E4%BC%9A&amp;word=
https://www.shinagawa-choukaijichikai.jp/ebaraarea/525/</description>
      <styleUrl>#area-1</styleUrl>
      <ExtendedData>
        <Data name="町会・自治会名">
          <value>中延一丁目町会</value>
        </Data>
        <Data name="公式町会名">
          <value>中延一丁目町会</value>
        </Data>
        <Data name="地域区分">
          <value>荏原第三地域</value>
        </Data>
        <Data name="住所区域">
          <value>中延1丁目 全域 / 中延2丁目 1番 / 中延2丁目 3番～4番 / 中延2丁目 5番（1～8、21、22号）</value>
        </Data>
        <Data name="町会長">
          <value />
        </Data>
        <Data name="代表者">
          <value />
        </Data>
        <Data name="連絡先">
          <value>080-6785-8685</value>
        </Data>
        <Data name="電話">
          <value />
        </Data>
        <Data name="メール">
          <value />
        </Data>
        <Data name="町会の紹介">
          <value>新しい発想で常に進化する町会を目指しませんか!町会では様々な行事を企画し実行しています。年齢、職業や国を越えた"わ"の中で人生をもっと豊かにしてみませんか。入会をお待ちしています。</value>
        </Data>
        <Data name="活動実績">
          <value />
        </Data>
        <Data name="ホームページ">
          <value />
        </Data>
        <Data name="SNS">
          <value />
        </Data>
        <Data name="出典">
          <value>https://www2.wagmap.jp/shinagawa/OpenDataDetail?lid=2100&amp;mids=110
https://www.city.shinagawa.tokyo.jp/PC/chiiki/chiiki-tyokai/hpg000011182.html
https://www.shinagawa-choukaijichikai.jp/association/
https://pc.tamemap.net/1310901/activities?utf8=%E2%9C%93&amp;area=&amp;category=%E7%94%BA%E4%BC%9A%E3%83%BB%E8%87%AA%E6%B2%BB%E4%BC%9A&amp;word=
https://www.shinagawa-choukaijichikai.jp/ebaraarea/525/</value>
        </Data>
      </ExtendedData>
      <Polygon>
        <tessellate>1</tessellate>
        <altitudeMode>clampToGround</altitudeMode>
        <outerBoundaryIs>
          <LinearRing>
            <coordinates>139.710622,35.614172,0 139.710732,35.614076,0 139.710845,35.613996,0 139.710994,35.613903,0 139.711146,35.613839,0 139.711316,35.613764,0 139.711399,35.613723,0 139.711531,35.613648,0 139.711651,35.613560,0 139.711960,35.613294,0 139.712200,35.613144,0 139.712695,35.612890,0 139.712919,35.612800,0 139.713001,35.612769,0 139.713263,35.612663,0 139.713365,35.612622,0 139.712837,35.611531,0 139.711540,35.611951,0 139.711518,35.611953,0 139.711446,35.611550,0 139.710983,35.611505,0 139.710607,35.611470,0 139.710494,35.611451,0 139.710340,35.611426,0 139.710311,35.611420,0 139.710298,35.611502,0 139.709479,35.611410,0 139.709510,35.611281,0 139.709639,35.611285,0 139.709665,35.611031,0 139.709180,35.611064,0 139.709157,35.611573,0 139.709157,35.612112,0 139.708647,35.612154,0 139.708575,35.612566,0 139.709128,35.612566,0 139.709120,35.612723,0 139.709078,35.614011,0 139.709559,35.614049,0 139.709598,35.614052,0 139.709662,35.614058,0 139.709911,35.614081,0 139.710573,35.614223,0 139.710622,35.614172,0</coordinates>
          </LinearRing>
        </outerBoundaryIs>
      </Polygon>
    </Placemark>
    <Placemark>
      <name>戸越三丁目町会</name>
      <description>町会・自治会名: 戸越三丁目町会
公式町会名: 戸越三丁目町会
地域区分: 荏原第三地域
住所区域: 戸越3丁目 3番～11番
連絡先: 03-3787-7960
町会の紹介: 子供や年配の人々が安全で清潔な住みやすい所に一層なる様全員参加型で活動しませんか?町会に加入することで近隣の人々と祭や町会行事を通し絆を深め安心で快適な生活が出来ます。
出典: https://www2.wagmap.jp/shinagawa/OpenDataDetail?lid=2100&amp;mids=110
https://www.city.shinagawa.tokyo.jp/PC/chiiki/chiiki-tyokai/hpg000011182.html
https://www.shinagawa-choukaijichikai.jp/association/
https://pc.tamemap.net/1310901/activities?utf8=%E2%9C%93&amp;area=&amp;category=%E7%94%BA%E4%BC%9A%E3%83%BB%E8%87%AA%E6%B2%BB%E4%BC%9A&amp;word=
https://www.shinagawa-choukaijichikai.jp/ebaraarea/533/</description>
      <styleUrl>#area-0</styleUrl>
      <ExtendedData>
        <Data name="町会・自治会名">
          <value>戸越三丁目町会</value>
        </Data>
        <Data name="公式町会名">
          <value>戸越三丁目町会</value>
        </Data>
        <Data name="地域区分">
          <value>荏原第三地域</value>
        </Data>
        <Data name="住所区域">
          <value>戸越3丁目 3番～11番</value>
        </Data>
        <Data name="町会長">
          <value />
        </Data>
        <Data name="代表者">
          <value />
        </Data>
        <Data name="連絡先">
          <value>03-3787-7960</value>
        </Data>
        <Data name="電話">
          <value />
        </Data>
        <Data name="メール">
          <value />
        </Data>
        <Data name="町会の紹介">
          <value>子供や年配の人々が安全で清潔な住みやすい所に一層なる様全員参加型で活動しませんか?町会に加入することで近隣の人々と祭や町会行事を通し絆を深め安心で快適な生活が出来ます。</value>
        </Data>
        <Data name="活動実績">
          <value />
        </Data>
        <Data name="ホームページ">
          <value />
        </Data>
        <Data name="SNS">
          <value />
        </Data>
        <Data name="出典">
          <value>https://www2.wagmap.jp/shinagawa/OpenDataDetail?lid=2100&amp;mids=110
https://www.city.shinagawa.tokyo.jp/PC/chiiki/chiiki-tyokai/hpg000011182.html
https://www.shinagawa-choukaijichikai.jp/association/
https://pc.tamemap.net/1310901/activities?utf8=%E2%9C%93&amp;area=&amp;category=%E7%94%BA%E4%BC%9A%E3%83%BB%E8%87%AA%E6%B2%BB%E4%BC%9A&amp;word=
https://www.shinagawa-choukaijichikai.jp/ebaraarea/533/</value>
        </Data>
      </ExtendedData>
      <Polygon>
        <tessellate>1</tessellate>
        <altitudeMode>clampToGround</altitudeMode>
        <outerBoundaryIs>
          <LinearRing>
            <coordinates>139.716480,35.614484,0 139.716757,35.614396,0 139.717033,35.614297,0 139.717766,35.614048,0 139.717602,35.613059,0 139.717558,35.612732,0 139.717482,35.612055,0 139.717193,35.611229,0 139.717131,35.611064,0 139.717111,35.611003,0 139.716581,35.611179,0 139.716133,35.611325,0 139.715677,35.611467,0 139.715290,35.611588,0 139.716207,35.614076,0 139.716372,35.614523,0 139.716480,35.614484,0</coordinates>
          </LinearRing>
        </outerBoundaryIs>
      </Polygon>
    </Placemark>
    <Placemark>
      <name>第41号棟自治会</name>
      <description>町会・自治会名: 第41号棟自治会
公式町会名: 第41号棟自治会
地域区分: 八潮地域
住所区域: 八潮5丁目 8番41号
出典: https://www2.wagmap.jp/shinagawa/OpenDataDetail?lid=2100&amp;mids=110
https://www.city.shinagawa.tokyo.jp/PC/chiiki/chiiki-tyokai/hpg000011185.html
https://www.shinagawa-choukaijichikai.jp/association/
https://pc.tamemap.net/1310901/activities?utf8=%E2%9C%93&amp;area=&amp;category=%E7%94%BA%E4%BC%9A%E3%83%BB%E8%87%AA%E6%B2%BB%E4%BC%9A&amp;word=
https://www.shinagawa-choukaijichikai.jp/yashioarea/400/</description>
      <styleUrl>#area-0</styleUrl>
      <ExtendedData>
        <Data name="町会・自治会名">
          <value>第41号棟自治会</value>
        </Data>
        <Data name="公式町会名">
          <value>第41号棟自治会</value>
        </Data>
        <Data name="地域区分">
          <value>八潮地域</value>
        </Data>
        <Data name="住所区域">
          <value>八潮5丁目 8番41号</value>
        </Data>
        <Data name="町会長">
          <value />
        </Data>
        <Data name="代表者">
          <value />
        </Data>
        <Data name="連絡先">
          <value />
        </Data>
        <Data name="電話">
          <value />
        </Data>
        <Data name="メール">
          <value />
        </Data>
        <Data name="町会の紹介">
          <value />
        </Data>
        <Data name="活動実績">
          <value />
        </Data>
        <Data name="ホームページ">
          <value />
        </Data>
        <Data name="SNS">
          <value />
        </Data>
        <Data name="出典">
          <value>https://www2.wagmap.jp/shinagawa/OpenDataDetail?lid=2100&amp;mids=110
https://www.city.shinagawa.tokyo.jp/PC/chiiki/chiiki-tyokai/hpg000011185.html
https://www.shinagawa-choukaijichikai.jp/association/
https://pc.tamemap.net/1310901/activities?utf8=%E2%9C%93&amp;area=&amp;category=%E7%94%BA%E4%BC%9A%E3%83%BB%E8%87%AA%E6%B2%BB%E4%BC%9A&amp;word=
https://www.shinagawa-choukaijichikai.jp/yashioarea/400/</value>
        </Data>
      </ExtendedData>
      <Polygon>
        <tessellate>1</tessellate>
        <altitudeMode>clampToGround</altitudeMode>
        <outerBoundaryIs>
          <LinearRing>
            <coordinates>139.751834,35.596716,0 139.751836,35.596688,0 139.752310,35.596684,0 139.752312,35.596718,0 139.752399,35.596718,0 139.752400,35.596561,0 139.751749,35.596560,0 139.751751,35.596718,0 139.751834,35.596716,0</coordinates>
          </LinearRing>
        </outerBoundaryIs>
      </Polygon>
    </Placemark>
    <Placemark>
      <name>八潮40号棟自治会</name>
      <description>町会・自治会名: 八潮40号棟自治会
公式町会名: 八潮40号棟自治会
地域区分: 八潮地域
住所区域: 八潮5丁目 8番40号
出典: https://www2.wagmap.jp/shinagawa/OpenDataDetail?lid=2100&amp;mids=110
https://www.city.shinagawa.tokyo.jp/PC/chiiki/chiiki-tyokai/hpg000011185.html
https://www.shinagawa-choukaijichikai.jp/association/
https://pc.tamemap.net/1310901/activities?utf8=%E2%9C%93&amp;area=&amp;category=%E7%94%BA%E4%BC%9A%E3%83%BB%E8%87%AA%E6%B2%BB%E4%BC%9A&amp;word=
https://www.shinagawa-choukaijichikai.jp/yashioarea/397/</description>
      <styleUrl>#area-0</styleUrl>
      <ExtendedData>
        <Data name="町会・自治会名">
          <value>八潮40号棟自治会</value>
        </Data>
        <Data name="公式町会名">
          <value>八潮40号棟自治会</value>
        </Data>
        <Data name="地域区分">
          <value>八潮地域</value>
        </Data>
        <Data name="住所区域">
          <value>八潮5丁目 8番40号</value>
        </Data>
        <Data name="町会長">
          <value />
        </Data>
        <Data name="代表者">
          <value />
        </Data>
        <Data name="連絡先">
          <value />
        </Data>
        <Data name="電話">
          <value />
        </Data>
        <Data name="メール">
          <value />
        </Data>
        <Data name="町会の紹介">
          <value />
        </Data>
        <Data name="活動実績">
          <value />
        </Data>
        <Data name="ホームページ">
          <value />
        </Data>
        <Data name="SNS">
          <value />
        </Data>
        <Data name="出典">
          <value>https://www2.wagmap.jp/shinagawa/OpenDataDetail?lid=2100&amp;mids=110
https://www.city.shinagawa.tokyo.jp/PC/chiiki/chiiki-tyokai/hpg000011185.html
https://www.shinagawa-choukaijichikai.jp/association/
https://pc.tamemap.net/1310901/activities?utf8=%E2%9C%93&amp;area=&amp;category=%E7%94%BA%E4%BC%9A%E3%83%BB%E8%87%AA%E6%B2%BB%E4%BC%9A&amp;word=
https://www.shinagawa-choukaijichikai.jp/yashioarea/397/</value>
        </Data>
      </ExtendedData>
      <Polygon>
        <tessellate>1</tessellate>
        <altitudeMode>clampToGround</altitudeMode>
        <outerBoundaryIs>
          <LinearRing>
            <coordinates>139.751513,35.596976,0 139.751507,35.596565,0 139.751371,35.596566,0 139.751382,35.596976,0 139.751513,35.596976,0</coordinates>
          </LinearRing>
        </outerBoundaryIs>
      </Polygon>
    </Placemark>
    <Placemark>
      <name>八潮43号棟自治会</name>
      <description>町会・自治会名: 八潮43号棟自治会
公式町会名: 八潮43号棟自治会
地域区分: 八潮地域
住所区域: 八潮5丁目 8番43号
出典: https://www2.wagmap.jp/shinagawa/OpenDataDetail?lid=2100&amp;mids=110
https://www.city.shinagawa.tokyo.jp/PC/chiiki/chiiki-tyokai/hpg000011185.html
https://www.shinagawa-choukaijichikai.jp/association/
https://pc.tamemap.net/1310901/activities?utf8=%E2%9C%93&amp;area=&amp;category=%E7%94%BA%E4%BC%9A%E3%83%BB%E8%87%AA%E6%B2%BB%E4%BC%9A&amp;word=
https://www.shinagawa-choukaijichikai.jp/yashioarea/403/</description>
      <styleUrl>#area-0</styleUrl>
      <ExtendedData>
        <Data name="町会・自治会名">
          <value>八潮43号棟自治会</value>
        </Data>
        <Data name="公式町会名">
          <value>八潮43号棟自治会</value>
        </Data>
        <Data name="地域区分">
          <value>八潮地域</value>
        </Data>
        <Data name="住所区域">
          <value>八潮5丁目 8番43号</value>
        </Data>
        <Data name="町会長">
          <value />
        </Data>
        <Data name="代表者">
          <value />
        </Data>
        <Data name="連絡先">
          <value />
        </Data>
        <Data name="電話">
          <value />
        </Data>
        <Data name="メール">
          <value />
        </Data>
        <Data name="町会の紹介">
          <value />
        </Data>
        <Data name="活動実績">
          <value />
        </Data>
        <Data name="ホームページ">
          <value />
        </Data>
        <Data name="SNS">
          <value />
        </Data>
        <Data name="出典">
          <value>https://www2.wagmap.jp/shinagawa/OpenDataDetail?lid=2100&amp;mids=110
https://www.city.shinagawa.tokyo.jp/PC/chiiki/chiiki-tyokai/hpg000011185.html
https://www.shinagawa-choukaijichikai.jp/association/
https://pc.tamemap.net/1310901/activities?utf8=%E2%9C%93&amp;area=&amp;category=%E7%94%BA%E4%BC%9A%E3%83%BB%E8%87%AA%E6%B2%BB%E4%BC%9A&amp;word=
https://www.shinagawa-choukaijichikai.jp/yashioarea/403/</value>
        </Data>
      </ExtendedData>
      <Polygon>
        <tessellate>1</tessellate>
        <altitudeMode>clampToGround</altitudeMode>
        <outerBoundaryIs>
          <LinearRing>
            <coordinates>139.752762,35.596980,0 139.752765,35.596501,0 139.752637,35.596502,0 139.752635,35.596980,0 139.752762,35.596980,0</coordinates>
          </LinearRing>
        </outerBoundaryIs>
      </Polygon>
    </Placemark>
    <Placemark>
      <name>42号棟自治会</name>
      <description>町会・自治会名: 42号棟自治会
公式町会名: 42号棟自治会
地域区分: 八潮地域
住所区域: 八潮5丁目 8番42号
出典: https://www2.wagmap.jp/shinagawa/OpenDataDetail?lid=2100&amp;mids=110
https://www.city.shinagawa.tokyo.jp/PC/chiiki/chiiki-tyokai/hpg000011185.html
https://www.shinagawa-choukaijichikai.jp/association/
https://pc.tamemap.net/1310901/activities?utf8=%E2%9C%93&amp;area=&amp;category=%E7%94%BA%E4%BC%9A%E3%83%BB%E8%87%AA%E6%B2%BB%E4%BC%9A&amp;word=
https://www.shinagawa-choukaijichikai.jp/yashioarea/401/</description>
      <styleUrl>#area-0</styleUrl>
      <ExtendedData>
        <Data name="町会・自治会名">
          <value>42号棟自治会</value>
        </Data>
        <Data name="公式町会名">
          <value>42号棟自治会</value>
        </Data>
        <Data name="地域区分">
          <value>八潮地域</value>
        </Data>
        <Data name="住所区域">
          <value>八潮5丁目 8番42号</value>
        </Data>
        <Data name="町会長">
          <value />
        </Data>
        <Data name="代表者">
          <value />
        </Data>
        <Data name="連絡先">
          <value />
        </Data>
        <Data name="電話">
          <value />
        </Data>
        <Data name="メール">
          <value />
        </Data>
        <Data name="町会の紹介">
          <value />
        </Data>
        <Data name="活動実績">
          <value />
        </Data>
        <Data name="ホームページ">
          <value />
        </Data>
        <Data name="SNS">
          <value />
        </Data>
        <Data name="出典">
          <value>https://www2.wagmap.jp/shinagawa/OpenDataDetail?lid=2100&amp;mids=110
https://www.city.shinagawa.tokyo.jp/PC/chiiki/chiiki-tyokai/hpg000011185.html
https://www.shinagawa-choukaijichikai.jp/association/
https://pc.tamemap.net/1310901/activities?utf8=%E2%9C%93&amp;area=&amp;category=%E7%94%BA%E4%BC%9A%E3%83%BB%E8%87%AA%E6%B2%BB%E4%BC%9A&amp;word=
https://www.shinagawa-choukaijichikai.jp/yashioarea/401/</value>
        </Data>
      </ExtendedData>
      <Polygon>
        <tessellate>1</tessellate>
        <altitudeMode>clampToGround</altitudeMode>
        <outerBoundaryIs>
          <LinearRing>
            <coordinates>139.752494,35.597073,0 139.752495,35.597005,0 139.752472,35.597006,0 139.752471,35.596958,0 139.751892,35.596960,0 139.751898,35.597074,0 139.752494,35.597073,0</coordinates>
          </LinearRing>
        </outerBoundaryIs>
      </Polygon>
    </Placemark>
    <Placemark>
      <name>シティーコープ八潮台自治会</name>
      <description>町会・自治会名: シティーコープ八潮台自治会
公式町会名: シティコープ八潮台自治会
地域区分: 八潮地域
住所区域: 八潮5丁目 8番44号～46号
出典: https://www2.wagmap.jp/shinagawa/OpenDataDetail?lid=2100&amp;mids=110
https://www.city.shinagawa.tokyo.jp/PC/chiiki/chiiki-tyokai/hpg000011185.html
https://www.shinagawa-choukaijichikai.jp/association/
https://pc.tamemap.net/1310901/activities?utf8=%E2%9C%93&amp;area=&amp;category=%E7%94%BA%E4%BC%9A%E3%83%BB%E8%87%AA%E6%B2%BB%E4%BC%9A&amp;word=
https://www.shinagawa-choukaijichikai.jp/yashioarea/405/</description>
      <styleUrl>#area-0</styleUrl>
      <ExtendedData>
        <Data name="町会・自治会名">
          <value>シティーコープ八潮台自治会</value>
        </Data>
        <Data name="公式町会名">
          <value>シティコープ八潮台自治会</value>
        </Data>
        <Data name="地域区分">
          <value>八潮地域</value>
        </Data>
        <Data name="住所区域">
          <value>八潮5丁目 8番44号～46号</value>
        </Data>
        <Data name="町会長">
          <value />
        </Data>
        <Data name="代表者">
          <value />
        </Data>
        <Data name="連絡先">
          <value />
        </Data>
        <Data name="電話">
          <value />
        </Data>
        <Data name="メール">
          <value />
        </Data>
        <Data name="町会の紹介">
          <value />
        </Data>
        <Data name="活動実績">
          <value />
        </Data>
        <Data name="ホームページ">
          <value />
        </Data>
        <Data name="SNS">
          <value />
        </Data>
        <Data name="出典">
          <value>https://www2.wagmap.jp/shinagawa/OpenDataDetail?lid=2100&amp;mids=110
https://www.city.shinagawa.tokyo.jp/PC/chiiki/chiiki-tyokai/hpg000011185.html
https://www.shinagawa-choukaijichikai.jp/association/
https://pc.tamemap.net/1310901/activities?utf8=%E2%9C%93&amp;area=&amp;category=%E7%94%BA%E4%BC%9A%E3%83%BB%E8%87%AA%E6%B2%BB%E4%BC%9A&amp;word=
https://www.shinagawa-choukaijichikai.jp/yashioarea/405/</value>
        </Data>
      </ExtendedData>
      <Polygon>
        <tessellate>1</tessellate>
        <altitudeMode>clampToGround</altitudeMode>
        <outerBoundaryIs>
          <LinearRing>
            <coordinates>139.753823,35.597080,0 139.753823,35.597066,0 139.753885,35.597065,0 139.753884,35.596936,0 139.753860,35.596599,0 139.753859,35.596459,0 139.753494,35.596461,0 139.753494,35.596597,0 139.753435,35.596591,0 139.752932,35.596589,0 139.752932,35.596725,0 139.752977,35.596937,0 139.752976,35.597082,0 139.753823,35.597080,0</coordinates>
          </LinearRing>
        </outerBoundaryIs>
      </Polygon>
    </Placemark>
    <Placemark>
      <name>八潮南47号棟自治会</name>
      <description>町会・自治会名: 八潮南47号棟自治会
公式町会名: 八潮南47号棟自治会
地域区分: 八潮地域
住所区域: 八潮5丁目 8番47号
出典: https://www2.wagmap.jp/shinagawa/OpenDataDetail?lid=2100&amp;mids=110
https://www.city.shinagawa.tokyo.jp/PC/chiiki/chiiki-tyokai/hpg000011185.html
https://www.shinagawa-choukaijichikai.jp/association/
https://pc.tamemap.net/1310901/activities?utf8=%E2%9C%93&amp;area=&amp;category=%E7%94%BA%E4%BC%9A%E3%83%BB%E8%87%AA%E6%B2%BB%E4%BC%9A&amp;word=
https://www.shinagawa-choukaijichikai.jp/yashioarea/407/</description>
      <styleUrl>#area-0</styleUrl>
      <ExtendedData>
        <Data name="町会・自治会名">
          <value>八潮南47号棟自治会</value>
        </Data>
        <Data name="公式町会名">
          <value>八潮南47号棟自治会</value>
        </Data>
        <Data name="地域区分">
          <value>八潮地域</value>
        </Data>
        <Data name="住所区域">
          <value>八潮5丁目 8番47号</value>
        </Data>
        <Data name="町会長">
          <value />
        </Data>
        <Data name="代表者">
          <value />
        </Data>
        <Data name="連絡先">
          <value />
        </Data>
        <Data name="電話">
          <value />
        </Data>
        <Data name="メール">
          <value />
        </Data>
        <Data name="町会の紹介">
          <value />
        </Data>
        <Data name="活動実績">
          <value />
        </Data>
        <Data name="ホームページ">
          <value />
        </Data>
        <Data name="SNS">
          <value />
        </Data>
        <Data name="出典">
          <value>https://www2.wagmap.jp/shinagawa/OpenDataDetail?lid=2100&amp;mids=110
https://www.city.shinagawa.tokyo.jp/PC/chiiki/chiiki-tyokai/hpg000011185.html
https://www.shinagawa-choukaijichikai.jp/association/
https://pc.tamemap.net/1310901/activities?utf8=%E2%9C%93&amp;area=&amp;category=%E7%94%BA%E4%BC%9A%E3%83%BB%E8%87%AA%E6%B2%BB%E4%BC%9A&amp;word=
https://www.shinagawa-choukaijichikai.jp/yashioarea/407/</value>
        </Data>
      </ExtendedData>
      <Polygon>
        <tessellate>1</tessellate>
        <altitudeMode>clampToGround</altitudeMode>
        <outerBoundaryIs>
          <LinearRing>
            <coordinates>139.754219,35.596480,0 139.754076,35.596480,0 139.754077,35.597172,0 139.754215,35.597172,0 139.754219,35.596480,0</coordinates>
          </LinearRing>
        </outerBoundaryIs>
      </Polygon>
    </Placemark>
    <Placemark>
      <name>八潮寮自治会</name>
      <description>町会・自治会名: 八潮寮自治会
公式町会名: 八潮寮自治会
地域区分: 八潮地域
住所区域: 八潮5丁目 8番3号
出典: https://www2.wagmap.jp/shinagawa/OpenDataDetail?lid=2100&amp;mids=110
https://www.city.shinagawa.tokyo.jp/PC/chiiki/chiiki-tyokai/hpg000011185.html
https://www.shinagawa-choukaijichikai.jp/association/
https://pc.tamemap.net/1310901/activities?utf8=%E2%9C%93&amp;area=&amp;category=%E7%94%BA%E4%BC%9A%E3%83%BB%E8%87%AA%E6%B2%BB%E4%BC%9A&amp;word=
https://www.shinagawa-choukaijichikai.jp/yashioarea/425/</description>
      <styleUrl>#area-0</styleUrl>
      <ExtendedData>
        <Data name="町会・自治会名">
          <value>八潮寮自治会</value>
        </Data>
        <Data name="公式町会名">
          <value>八潮寮自治会</value>
        </Data>
        <Data name="地域区分">
          <value>八潮地域</value>
        </Data>
        <Data name="住所区域">
          <value>八潮5丁目 8番3号</value>
        </Data>
        <Data name="町会長">
          <value />
        </Data>
        <Data name="代表者">
          <value />
        </Data>
        <Data name="連絡先">
          <value />
        </Data>
        <Data name="電話">
          <value />
        </Data>
        <Data name="メール">
          <value />
        </Data>
        <Data name="町会の紹介">
          <value />
        </Data>
        <Data name="活動実績">
          <value />
        </Data>
        <Data name="ホームページ">
          <value />
        </Data>
        <Data name="SNS">
          <value />
        </Data>
        <Data name="出典">
          <value>https://www2.wagmap.jp/shinagawa/OpenDataDetail?lid=2100&amp;mids=110
https://www.city.shinagawa.tokyo.jp/PC/chiiki/chiiki-tyokai/hpg000011185.html
https://www.shinagawa-choukaijichikai.jp/association/
https://pc.tamemap.net/1310901/activities?utf8=%E2%9C%93&amp;area=&amp;category=%E7%94%BA%E4%BC%9A%E3%83%BB%E8%87%AA%E6%B2%BB%E4%BC%9A&amp;word=
https://www.shinagawa-choukaijichikai.jp/yashioarea/425/</value>
        </Data>
      </ExtendedData>
      <Polygon>
        <tessellate>1</tessellate>
        <altitudeMode>clampToGround</altitudeMode>
        <outerBoundaryIs>
          <LinearRing>
            <coordinates>139.751785,35.597221,0 139.751787,35.597172,0 139.751762,35.597172,0 139.751762,35.597098,0 139.751746,35.597094,0 139.751713,35.597090,0 139.751685,35.597098,0 139.751654,35.597098,0 139.751631,35.597091,0 139.751604,35.597097,0 139.751567,35.597098,0 139.751538,35.597092,0 139.751510,35.597100,0 139.751481,35.597096,0 139.751449,35.597095,0 139.751389,35.597108,0 139.751392,35.597223,0 139.751785,35.597221,0</coordinates>
          </LinearRing>
        </outerBoundaryIs>
      </Polygon>
    </Placemark>
    <Placemark>
      <name>大井南浜町会</name>
      <description>町会・自治会名: 大井南浜町会
公式町会名: 大井南浜町会
地域区分: 大井第一地域
住所区域: 南大井1丁目 3番～11番 / 南大井1丁目 14番～22番
町会長: 野中 徹
連絡先: 03-3768-4016
町会の紹介: 旧東海道が南北に通り、その東側に区民公園が隣接する細長い町会です。安全で安心して住める町づくりを目指して町内に防犯カメラを設置し、毎月防犯パトロール、美化活動を実施。また、運動会、サクラまつり等に参加。バスハイク、バーベキュー大会など行って交流を深めています。
出典: https://www2.wagmap.jp/shinagawa/OpenDataDetail?lid=2100&amp;mids=110
https://www.city.shinagawa.tokyo.jp/PC/chiiki/chiiki-tyokai/hpg000011177.html
https://www.shinagawa-choukaijichikai.jp/association/
https://pc.tamemap.net/1310901/activities?utf8=%E2%9C%93&amp;area=&amp;category=%E7%94%BA%E4%BC%9A%E3%83%BB%E8%87%AA%E6%B2%BB%E4%BC%9A&amp;word=
https://www.shinagawa-choukaijichikai.jp/oiarea/447/</description>
      <styleUrl>#area-1</styleUrl>
      <ExtendedData>
        <Data name="町会・自治会名">
          <value>大井南浜町会</value>
        </Data>
        <Data name="公式町会名">
          <value>大井南浜町会</value>
        </Data>
        <Data name="地域区分">
          <value>大井第一地域</value>
        </Data>
        <Data name="住所区域">
          <value>南大井1丁目 3番～11番 / 南大井1丁目 14番～22番</value>
        </Data>
        <Data name="町会長">
          <value>野中 徹</value>
        </Data>
        <Data name="代表者">
          <value />
        </Data>
        <Data name="連絡先">
          <value>03-3768-4016</value>
        </Data>
        <Data name="電話">
          <value />
        </Data>
        <Data name="メール">
          <value />
        </Data>
        <Data name="町会の紹介">
          <value>旧東海道が南北に通り、その東側に区民公園が隣接する細長い町会です。安全で安心して住める町づくりを目指して町内に防犯カメラを設置し、毎月防犯パトロール、美化活動を実施。また、運動会、サクラまつり等に参加。バスハイク、バーベキュー大会など行って交流を深めています。</value>
        </Data>
        <Data name="活動実績">
          <value />
        </Data>
        <Data name="ホームページ">
          <value />
        </Data>
        <Data name="SNS">
          <value />
        </Data>
        <Data name="出典">
          <value>https://www2.wagmap.jp/shinagawa/OpenDataDetail?lid=2100&amp;mids=110
https://www.city.shinagawa.tokyo.jp/PC/chiiki/chiiki-tyokai/hpg000011177.html
https://www.shinagawa-choukaijichikai.jp/association/
https://pc.tamemap.net/1310901/activities?utf8=%E2%9C%93&amp;area=&amp;category=%E7%94%BA%E4%BC%9A%E3%83%BB%E8%87%AA%E6%B2%BB%E4%BC%9A&amp;word=
https://www.shinagawa-choukaijichikai.jp/oiarea/447/</value>
        </Data>
      </ExtendedData>
      <Polygon>
        <tessellate>1</tessellate>
        <altitudeMode>clampToGround</altitudeMode>
        <outerBoundaryIs>
          <LinearRing>
            <coordinates>139.738999,35.597769,0 139.739093,35.597663,0 139.739185,35.597545,0 139.739273,35.597463,0 139.740574,35.596828,0 139.741375,35.596544,0 139.741360,35.596488,0 139.741175,35.595839,0 139.739308,35.593189,0 139.738664,35.593406,0 139.737884,35.593685,0 139.737813,35.593618,0 139.736326,35.593959,0 139.736346,35.594136,0 139.736365,35.594355,0 139.736373,35.594440,0 139.736476,35.594829,0 139.737118,35.594696,0 139.737679,35.595900,0 139.738175,35.596967,0 139.738636,35.597956,0 139.738999,35.597769,0</coordinates>
          </LinearRing>
        </outerBoundaryIs>
      </Polygon>
    </Placemark>
    <Placemark>
      <name>八潮五丁目48号棟自治会</name>
      <description>町会・自治会名: 八潮五丁目48号棟自治会
公式町会名: 八潮五丁目48号棟自治会
地域区分: 八潮地域
住所区域: 八潮5丁目 10番48号
町会の紹介: 48号棟は、元気な子供達も増え、おまつり・餅つき大会など楽しい行事がたくさんあります。防災訓練、草刈りの後には住民でバーベキュー大会を行い親睦を深めています。棟の周りに花を植え道を通る方々に心を癒して頂ける棟でありたいと望んでいます。
出典: https://www2.wagmap.jp/shinagawa/OpenDataDetail?lid=2100&amp;mids=110
https://www.city.shinagawa.tokyo.jp/PC/chiiki/chiiki-tyokai/hpg000011185.html
https://www.shinagawa-choukaijichikai.jp/association/
https://pc.tamemap.net/1310901/activities?utf8=%E2%9C%93&amp;area=&amp;category=%E7%94%BA%E4%BC%9A%E3%83%BB%E8%87%AA%E6%B2%BB%E4%BC%9A&amp;word=
https://www.shinagawa-choukaijichikai.jp/yashioarea/409/</description>
      <styleUrl>#area-0</styleUrl>
      <ExtendedData>
        <Data name="町会・自治会名">
          <value>八潮五丁目48号棟自治会</value>
        </Data>
        <Data name="公式町会名">
          <value>八潮五丁目48号棟自治会</value>
        </Data>
        <Data name="地域区分">
          <value>八潮地域</value>
        </Data>
        <Data name="住所区域">
          <value>八潮5丁目 10番48号</value>
        </Data>
        <Data name="町会長">
          <value />
        </Data>
        <Data name="代表者">
          <value />
        </Data>
        <Data name="連絡先">
          <value />
        </Data>
        <Data name="電話">
          <value />
        </Data>
        <Data name="メール">
          <value />
        </Data>
        <Data name="町会の紹介">
          <value>48号棟は、元気な子供達も増え、おまつり・餅つき大会など楽しい行事がたくさんあります。防災訓練、草刈りの後には住民でバーベキュー大会を行い親睦を深めています。棟の周りに花を植え道を通る方々に心を癒して頂ける棟でありたいと望んでいます。</value>
        </Data>
        <Data name="活動実績">
          <value />
        </Data>
        <Data name="ホームページ">
          <value />
        </Data>
        <Data name="SNS">
          <value />
        </Data>
        <Data name="出典">
          <value>https://www2.wagmap.jp/shinagawa/OpenDataDetail?lid=2100&amp;mids=110
https://www.city.shinagawa.tokyo.jp/PC/chiiki/chiiki-tyokai/hpg000011185.html
https://www.shinagawa-choukaijichikai.jp/association/
https://pc.tamemap.net/1310901/activities?utf8=%E2%9C%93&amp;area=&amp;category=%E7%94%BA%E4%BC%9A%E3%83%BB%E8%87%AA%E6%B2%BB%E4%BC%9A&amp;word=
https://www.shinagawa-choukaijichikai.jp/yashioarea/409/</value>
        </Data>
      </ExtendedData>
      <Polygon>
        <tessellate>1</tessellate>
        <altitudeMode>clampToGround</altitudeMode>
        <outerBoundaryIs>
          <LinearRing>
            <coordinates>139.753523,35.598162,0 139.753551,35.598162,0 139.753552,35.598065,0 139.753521,35.598065,0 139.753521,35.598042,0 139.753551,35.598042,0 139.753552,35.597932,0 139.753526,35.597932,0 139.753527,35.597822,0 139.753737,35.597822,0 139.753737,35.597757,0 139.753703,35.597757,0 139.753703,35.597703,0 139.753401,35.597702,0 139.753401,35.597825,0 139.753378,35.597825,0 139.753378,35.597835,0 139.753358,35.597835,0 139.753358,35.597884,0 139.753377,35.597884,0 139.753376,35.598181,0 139.753439,35.598181,0 139.753439,35.598207,0 139.753522,35.598208,0 139.753523,35.598162,0</coordinates>
          </LinearRing>
        </outerBoundaryIs>
      </Polygon>
    </Placemark>
    <Placemark>
      <name>50号棟自治会</name>
      <description>町会・自治会名: 50号棟自治会
公式町会名: 50号棟自治会
地域区分: 八潮地域
住所区域: 八潮5丁目 10番50号
出典: https://www2.wagmap.jp/shinagawa/OpenDataDetail?lid=2100&amp;mids=110
https://www.city.shinagawa.tokyo.jp/PC/chiiki/chiiki-tyokai/hpg000011185.html
https://www.shinagawa-choukaijichikai.jp/association/
https://pc.tamemap.net/1310901/activities?utf8=%E2%9C%93&amp;area=&amp;category=%E7%94%BA%E4%BC%9A%E3%83%BB%E8%87%AA%E6%B2%BB%E4%BC%9A&amp;word=
https://www.shinagawa-choukaijichikai.jp/yashioarea/415/</description>
      <styleUrl>#area-0</styleUrl>
      <ExtendedData>
        <Data name="町会・自治会名">
          <value>50号棟自治会</value>
        </Data>
        <Data name="公式町会名">
          <value>50号棟自治会</value>
        </Data>
        <Data name="地域区分">
          <value>八潮地域</value>
        </Data>
        <Data name="住所区域">
          <value>八潮5丁目 10番50号</value>
        </Data>
        <Data name="町会長">
          <value />
        </Data>
        <Data name="代表者">
          <value />
        </Data>
        <Data name="連絡先">
          <value />
        </Data>
        <Data name="電話">
          <value />
        </Data>
        <Data name="メール">
          <value />
        </Data>
        <Data name="町会の紹介">
          <value />
        </Data>
        <Data name="活動実績">
          <value />
        </Data>
        <Data name="ホームページ">
          <value />
        </Data>
        <Data name="SNS">
          <value />
        </Data>
        <Data name="出典">
          <value>https://www2.wagmap.jp/shinagawa/OpenDataDetail?lid=2100&amp;mids=110
https://www.city.shinagawa.tokyo.jp/PC/chiiki/chiiki-tyokai/hpg000011185.html
https://www.shinagawa-choukaijichikai.jp/association/
https://pc.tamemap.net/1310901/activities?utf8=%E2%9C%93&amp;area=&amp;category=%E7%94%BA%E4%BC%9A%E3%83%BB%E8%87%AA%E6%B2%BB%E4%BC%9A&amp;word=
https://www.shinagawa-choukaijichikai.jp/yashioarea/415/</value>
        </Data>
      </ExtendedData>
      <Polygon>
        <tessellate>1</tessellate>
        <altitudeMode>clampToGround</altitudeMode>
        <outerBoundaryIs>
          <LinearRing>
            <coordinates>139.753414,35.598516,0 139.753413,35.598479,0 139.753446,35.598478,0 139.753446,35.598516,0 139.753571,35.598514,0 139.753570,35.598479,0 139.753602,35.598479,0 139.753603,35.598515,0 139.753728,35.598513,0 139.753727,35.598479,0 139.753757,35.598479,0 139.753757,35.598516,0 139.753832,35.598515,0 139.753829,35.598391,0 139.753755,35.598392,0 139.753756,35.598406,0 139.753735,35.598406,0 139.753735,35.598391,0 139.753606,35.598393,0 139.753606,35.598405,0 139.753573,35.598405,0 139.753573,35.598392,0 139.753446,35.598394,0 139.753446,35.598406,0 139.753415,35.598406,0 139.753415,35.598393,0 139.753343,35.598394,0 139.753343,35.598517,0 139.753414,35.598516,0</coordinates>
          </LinearRing>
        </outerBoundaryIs>
      </Polygon>
    </Placemark>
    <Placemark>
      <name>八潮49号棟自治会</name>
      <description>町会・自治会名: 八潮49号棟自治会
公式町会名: 八潮49号棟自治会
地域区分: 八潮地域
住所区域: 八潮5丁目 10番49号
出典: https://www2.wagmap.jp/shinagawa/OpenDataDetail?lid=2100&amp;mids=110
https://www.city.shinagawa.tokyo.jp/PC/chiiki/chiiki-tyokai/hpg000011185.html
https://www.shinagawa-choukaijichikai.jp/association/
https://pc.tamemap.net/1310901/activities?utf8=%E2%9C%93&amp;area=&amp;category=%E7%94%BA%E4%BC%9A%E3%83%BB%E8%87%AA%E6%B2%BB%E4%BC%9A&amp;word=
https://www.shinagawa-choukaijichikai.jp/yashioarea/412/</description>
      <styleUrl>#area-0</styleUrl>
      <ExtendedData>
        <Data name="町会・自治会名">
          <value>八潮49号棟自治会</value>
        </Data>
        <Data name="公式町会名">
          <value>八潮49号棟自治会</value>
        </Data>
        <Data name="地域区分">
          <value>八潮地域</value>
        </Data>
        <Data name="住所区域">
          <value>八潮5丁目 10番49号</value>
        </Data>
        <Data name="町会長">
          <value />
        </Data>
        <Data name="代表者">
          <value />
        </Data>
        <Data name="連絡先">
          <value />
        </Data>
        <Data name="電話">
          <value />
        </Data>
        <Data name="メール">
          <value />
        </Data>
        <Data name="町会の紹介">
          <value />
        </Data>
        <Data name="活動実績">
          <value />
        </Data>
        <Data name="ホームページ">
          <value />
        </Data>
        <Data name="SNS">
          <value />
        </Data>
        <Data name="出典">
          <value>https://www2.wagmap.jp/shinagawa/OpenDataDetail?lid=2100&amp;mids=110
https://www.city.shinagawa.tokyo.jp/PC/chiiki/chiiki-tyokai/hpg000011185.html
https://www.shinagawa-choukaijichikai.jp/association/
https://pc.tamemap.net/1310901/activities?utf8=%E2%9C%93&amp;area=&amp;category=%E7%94%BA%E4%BC%9A%E3%83%BB%E8%87%AA%E6%B2%BB%E4%BC%9A&amp;word=
https://www.shinagawa-choukaijichikai.jp/yashioarea/412/</value>
        </Data>
      </ExtendedData>
      <Polygon>
        <tessellate>1</tessellate>
        <altitudeMode>clampToGround</altitudeMode>
        <outerBoundaryIs>
          <LinearRing>
            <coordinates>139.754147,35.597650,0 139.754086,35.597651,0 139.754086,35.597676,0 139.754011,35.597676,0 139.754011,35.598530,0 139.754078,35.598530,0 139.754078,35.598552,0 139.754147,35.598552,0 139.754147,35.597650,0</coordinates>
          </LinearRing>
        </outerBoundaryIs>
      </Polygon>
    </Placemark>
    <Placemark>
      <name>八潮ﾊﾟｰｸﾀｳﾝ潮路南第二ハイツ自治会</name>
      <description>町会・自治会名: 八潮ﾊﾟｰｸﾀｳﾝ潮路南第二ハイツ自治会
公式町会名: 八潮ﾊﾟｰｸﾀｳﾝ潮路南第二ﾊｲﾂ自治会
地域区分: 八潮地域
住所区域: 八潮5丁目 6番24号～36号
町会長: 日野 義博
連絡先: 03-3799-2902
町会の紹介: 13の中層棟、高層棟からなり、525世帯で構成される大きな自治会のため、納涼祭や餅つき大会そして防災訓練などの行事を通して会員相互の交流、親睦を図っています。また八潮団地の一員として、数々の地域行事にも積極的に参加・協力してがんばっています。
出典: https://www2.wagmap.jp/shinagawa/OpenDataDetail?lid=2100&amp;mids=110
https://www.city.shinagawa.tokyo.jp/PC/chiiki/chiiki-tyokai/hpg000011185.html
https://www.shinagawa-choukaijichikai.jp/association/
https://pc.tamemap.net/1310901/activities?utf8=%E2%9C%93&amp;area=&amp;category=%E7%94%BA%E4%BC%9A%E3%83%BB%E8%87%AA%E6%B2%BB%E4%BC%9A&amp;word=
https://www.shinagawa-choukaijichikai.jp/yashioarea/392/</description>
      <styleUrl>#area-0</styleUrl>
      <ExtendedData>
        <Data name="町会・自治会名">
          <value>八潮ﾊﾟｰｸﾀｳﾝ潮路南第二ハイツ自治会</value>
        </Data>
        <Data name="公式町会名">
          <value>八潮ﾊﾟｰｸﾀｳﾝ潮路南第二ﾊｲﾂ自治会</value>
        </Data>
        <Data name="地域区分">
          <value>八潮地域</value>
        </Data>
        <Data name="住所区域">
          <value>八潮5丁目 6番24号～36号</value>
        </Data>
        <Data name="町会長">
          <value>日野 義博</value>
        </Data>
        <Data name="代表者">
          <value />
        </Data>
        <Data name="連絡先">
          <value>03-3799-2902</value>
        </Data>
        <Data name="電話">
          <value />
        </Data>
        <Data name="メール">
          <value />
        </Data>
        <Data name="町会の紹介">
          <value>13の中層棟、高層棟からなり、525世帯で構成される大きな自治会のため、納涼祭や餅つき大会そして防災訓練などの行事を通して会員相互の交流、親睦を図っています。また八潮団地の一員として、数々の地域行事にも積極的に参加・協力してがんばっています。</value>
        </Data>
        <Data name="活動実績">
          <value />
        </Data>
        <Data name="ホームページ">
          <value />
        </Data>
        <Data name="SNS">
          <value />
        </Data>
        <Data name="出典">
          <value>https://www2.wagmap.jp/shinagawa/OpenDataDetail?lid=2100&amp;mids=110
https://www.city.shinagawa.tokyo.jp/PC/chiiki/chiiki-tyokai/hpg000011185.html
https://www.shinagawa-choukaijichikai.jp/association/
https://pc.tamemap.net/1310901/activities?utf8=%E2%9C%93&amp;area=&amp;category=%E7%94%BA%E4%BC%9A%E3%83%BB%E8%87%AA%E6%B2%BB%E4%BC%9A&amp;word=
https://www.shinagawa-choukaijichikai.jp/yashioarea/392/</value>
        </Data>
      </ExtendedData>
      <Polygon>
        <tessellate>1</tessellate>
        <altitudeMode>clampToGround</altitudeMode>
        <outerBoundaryIs>
          <LinearRing>
            <coordinates>139.750059,35.598565,0 139.750054,35.598283,0 139.750301,35.598280,0 139.750309,35.598062,0 139.750309,35.597735,0 139.750308,35.597701,0 139.750279,35.597308,0 139.750303,35.597171,0 139.750310,35.596745,0 139.750282,35.596396,0 139.750100,35.596242,0 139.750064,35.596064,0 139.749618,35.596072,0 139.749150,35.596085,0 139.749154,35.596265,0 139.749162,35.596772,0 139.749176,35.597021,0 139.749203,35.597488,0 139.749238,35.597900,0 139.749264,35.598266,0 139.749282,35.598514,0 139.749286,35.598565,0 139.750059,35.598565,0</coordinates>
          </LinearRing>
        </outerBoundaryIs>
      </Polygon>
    </Placemark>
    <Placemark>
      <name>八潮ﾊﾟｰｸﾀｳﾝ潮路南第一ハイツ自治会</name>
      <description>町会・自治会名: 八潮ﾊﾟｰｸﾀｳﾝ潮路南第一ハイツ自治会
公式町会名: 八潮ﾊﾟｰｸﾀｳﾝ潮路南第一ﾊｲﾂ自治会
地域区分: 八潮地域
住所区域: 八潮5丁目 6番37号～39号
出典: https://www2.wagmap.jp/shinagawa/OpenDataDetail?lid=2100&amp;mids=110
https://www.city.shinagawa.tokyo.jp/PC/chiiki/chiiki-tyokai/hpg000011185.html
https://www.shinagawa-choukaijichikai.jp/association/
https://pc.tamemap.net/1310901/activities?utf8=%E2%9C%93&amp;area=&amp;category=%E7%94%BA%E4%BC%9A%E3%83%BB%E8%87%AA%E6%B2%BB%E4%BC%9A&amp;word=
https://www.shinagawa-choukaijichikai.jp/yashioarea/396/</description>
      <styleUrl>#area-0</styleUrl>
      <ExtendedData>
        <Data name="町会・自治会名">
          <value>八潮ﾊﾟｰｸﾀｳﾝ潮路南第一ハイツ自治会</value>
        </Data>
        <Data name="公式町会名">
          <value>八潮ﾊﾟｰｸﾀｳﾝ潮路南第一ﾊｲﾂ自治会</value>
        </Data>
        <Data name="地域区分">
          <value>八潮地域</value>
        </Data>
        <Data name="住所区域">
          <value>八潮5丁目 6番37号～39号</value>
        </Data>
        <Data name="町会長">
          <value />
        </Data>
        <Data name="代表者">
          <value />
        </Data>
        <Data name="連絡先">
          <value />
        </Data>
        <Data name="電話">
          <value />
        </Data>
        <Data name="メール">
          <value />
        </Data>
        <Data name="町会の紹介">
          <value />
        </Data>
        <Data name="活動実績">
          <value />
        </Data>
        <Data name="ホームページ">
          <value />
        </Data>
        <Data name="SNS">
          <value />
        </Data>
        <Data name="出典">
          <value>https://www2.wagmap.jp/shinagawa/OpenDataDetail?lid=2100&amp;mids=110
https://www.city.shinagawa.tokyo.jp/PC/chiiki/chiiki-tyokai/hpg000011185.html
https://www.shinagawa-choukaijichikai.jp/association/
https://pc.tamemap.net/1310901/activities?utf8=%E2%9C%93&amp;area=&amp;category=%E7%94%BA%E4%BC%9A%E3%83%BB%E8%87%AA%E6%B2%BB%E4%BC%9A&amp;word=
https://www.shinagawa-choukaijichikai.jp/yashioarea/396/</value>
        </Data>
      </ExtendedData>
      <Polygon>
        <tessellate>1</tessellate>
        <altitudeMode>clampToGround</altitudeMode>
        <outerBoundaryIs>
          <LinearRing>
            <coordinates>139.751016,35.598730,0 139.751136,35.598452,0 139.751139,35.597704,0 139.751119,35.596536,0 139.751091,35.596508,0 139.750665,35.596469,0 139.750616,35.596476,0 139.750577,35.596491,0 139.750561,35.596531,0 139.750554,35.596824,0 139.750535,35.596824,0 139.750534,35.596852,0 139.750484,35.597005,0 139.750372,35.597139,0 139.750356,35.597184,0 139.750333,35.597294,0 139.750369,35.597603,0 139.750378,35.597745,0 139.750379,35.598314,0 139.750329,35.598444,0 139.750326,35.598694,0 139.750371,35.598730,0 139.751016,35.598730,0</coordinates>
          </LinearRing>
        </outerBoundaryIs>
      </Polygon>
    </Placemark>
    <Placemark>
      <name>南大井第四町会</name>
      <description>町会・自治会名: 南大井第四町会
公式町会名: 南大井第四町会
地域区分: 大井第一地域
住所区域: 南大井1丁目 1番～2番 / 南大井1丁目 12番～13番 / 南大井4丁目 2番～15番、16番（1号～20号、24号～26号）
町会の紹介: 若さをモットーとした元気な町会。町会長も連合町会では一番の若さ。その中で素晴らしいアイデア、ボランティア活動を展開しています。一人でも多くの方に行事に参加して頂く方々をお待ちいたしております。若い役員もそろっています。
出典: https://www2.wagmap.jp/shinagawa/OpenDataDetail?lid=2100&amp;mids=110
https://www.city.shinagawa.tokyo.jp/PC/chiiki/chiiki-tyokai/hpg000011177.html
https://www.shinagawa-choukaijichikai.jp/association/
https://pc.tamemap.net/1310901/activities?utf8=%E2%9C%93&amp;area=&amp;category=%E7%94%BA%E4%BC%9A%E3%83%BB%E8%87%AA%E6%B2%BB%E4%BC%9A&amp;word=
https://www.shinagawa-choukaijichikai.jp/oiarea/452/</description>
      <styleUrl>#area-2</styleUrl>
      <ExtendedData>
        <Data name="町会・自治会名">
          <value>南大井第四町会</value>
        </Data>
        <Data name="公式町会名">
          <value>南大井第四町会</value>
        </Data>
        <Data name="地域区分">
          <value>大井第一地域</value>
        </Data>
        <Data name="住所区域">
          <value>南大井1丁目 1番～2番 / 南大井1丁目 12番～13番 / 南大井4丁目 2番～15番、16番（1号～20号、24号～26号）</value>
        </Data>
        <Data name="町会長">
          <value />
        </Data>
        <Data name="代表者">
          <value />
        </Data>
        <Data name="連絡先">
          <value />
        </Data>
        <Data name="電話">
          <value />
        </Data>
        <Data name="メール">
          <value />
        </Data>
        <Data name="町会の紹介">
          <value>若さをモットーとした元気な町会。町会長も連合町会では一番の若さ。その中で素晴らしいアイデア、ボランティア活動を展開しています。一人でも多くの方に行事に参加して頂く方々をお待ちいたしております。若い役員もそろっています。</value>
        </Data>
        <Data name="活動実績">
          <value />
        </Data>
        <Data name="ホームページ">
          <value />
        </Data>
        <Data name="SNS">
          <value />
        </Data>
        <Data name="出典">
          <value>https://www2.wagmap.jp/shinagawa/OpenDataDetail?lid=2100&amp;mids=110
https://www.city.shinagawa.tokyo.jp/PC/chiiki/chiiki-tyokai/hpg000011177.html
https://www.shinagawa-choukaijichikai.jp/association/
https://pc.tamemap.net/1310901/activities?utf8=%E2%9C%93&amp;area=&amp;category=%E7%94%BA%E4%BC%9A%E3%83%BB%E8%87%AA%E6%B2%BB%E4%BC%9A&amp;word=
https://www.shinagawa-choukaijichikai.jp/oiarea/452/</value>
        </Data>
      </ExtendedData>
      <Polygon>
        <tessellate>1</tessellate>
        <altitudeMode>clampToGround</altitudeMode>
        <outerBoundaryIs>
          <LinearRing>
            <coordinates>139.735945,35.599171,0 139.736159,35.599067,0 139.736348,35.599050,0 139.736463,35.598992,0 139.737162,35.598674,0 139.737889,35.598331,0 139.738385,35.598085,0 139.738636,35.597956,0 139.738175,35.596967,0 139.737679,35.595900,0 139.737118,35.594696,0 139.736476,35.594829,0 139.736373,35.594440,0 139.736365,35.594355,0 139.736346,35.594136,0 139.736326,35.593959,0 139.736194,35.593953,0 139.735710,35.594057,0 139.735850,35.594510,0 139.734837,35.594723,0 139.734696,35.594264,0 139.734375,35.594333,0 139.734381,35.594353,0 139.734615,35.595135,0 139.734761,35.595229,0 139.734904,35.595693,0 139.735004,35.596030,0 139.735184,35.596636,0 139.735476,35.597560,0 139.735560,35.597823,0 139.735690,35.598260,0 139.735766,35.598539,0 139.735780,35.598672,0 139.735798,35.598832,0 139.735817,35.599062,0 139.735824,35.599216,0 139.735945,35.599171,0</coordinates>
          </LinearRing>
        </outerBoundaryIs>
      </Polygon>
    </Placemark>
    <Placemark>
      <name>八潮60号棟自治会</name>
      <description>町会・自治会名: 八潮60号棟自治会
公式町会名: 八潮60号棟自治会
地域区分: 八潮地域
住所区域: 八潮5丁目 10番60号
出典: https://www2.wagmap.jp/shinagawa/OpenDataDetail?lid=2100&amp;mids=110
https://www.city.shinagawa.tokyo.jp/PC/chiiki/chiiki-tyokai/hpg000011185.html
https://www.shinagawa-choukaijichikai.jp/association/
https://pc.tamemap.net/1310901/activities?utf8=%E2%9C%93&amp;area=&amp;category=%E7%94%BA%E4%BC%9A%E3%83%BB%E8%87%AA%E6%B2%BB%E4%BC%9A&amp;word=
https://www.shinagawa-choukaijichikai.jp/yashioarea/420/</description>
      <styleUrl>#area-0</styleUrl>
      <ExtendedData>
        <Data name="町会・自治会名">
          <value>八潮60号棟自治会</value>
        </Data>
        <Data name="公式町会名">
          <value>八潮60号棟自治会</value>
        </Data>
        <Data name="地域区分">
          <value>八潮地域</value>
        </Data>
        <Data name="住所区域">
          <value>八潮5丁目 10番60号</value>
        </Data>
        <Data name="町会長">
          <value />
        </Data>
        <Data name="代表者">
          <value />
        </Data>
        <Data name="連絡先">
          <value />
        </Data>
        <Data name="電話">
          <value />
        </Data>
        <Data name="メール">
          <value />
        </Data>
        <Data name="町会の紹介">
          <value />
        </Data>
        <Data name="活動実績">
          <value />
        </Data>
        <Data name="ホームページ">
          <value />
        </Data>
        <Data name="SNS">
          <value />
        </Data>
        <Data name="出典">
          <value>https://www2.wagmap.jp/shinagawa/OpenDataDetail?lid=2100&amp;mids=110
https://www.city.shinagawa.tokyo.jp/PC/chiiki/chiiki-tyokai/hpg000011185.html
https://www.shinagawa-choukaijichikai.jp/association/
https://pc.tamemap.net/1310901/activities?utf8=%E2%9C%93&amp;area=&amp;category=%E7%94%BA%E4%BC%9A%E3%83%BB%E8%87%AA%E6%B2%BB%E4%BC%9A&amp;word=
https://www.shinagawa-choukaijichikai.jp/yashioarea/420/</value>
        </Data>
      </ExtendedData>
      <Polygon>
        <tessellate>1</tessellate>
        <altitudeMode>clampToGround</altitudeMode>
        <outerBoundaryIs>
          <LinearRing>
            <coordinates>139.751358,35.599438,0 139.751450,35.599439,0 139.751450,35.599461,0 139.751493,35.599461,0 139.751493,35.599302,0 139.751384,35.599302,0 139.751357,35.599280,0 139.751358,35.599029,0 139.751310,35.599028,0 139.751310,35.599020,0 139.751252,35.599020,0 139.751252,35.599008,0 139.751171,35.599008,0 139.751167,35.599489,0 139.751112,35.599489,0 139.751111,35.599575,0 139.751083,35.599575,0 139.751083,35.599483,0 139.751059,35.599483,0 139.751059,35.599462,0 139.750852,35.599461,0 139.750851,35.599534,0 139.750837,35.599534,0 139.750837,35.599598,0 139.751172,35.599599,0 139.751171,35.599670,0 139.751356,35.599671,0 139.751358,35.599438,0</coordinates>
          </LinearRing>
        </outerBoundaryIs>
      </Polygon>
    </Placemark>
    <Placemark>
      <name>八潮58･59号棟自治会</name>
      <description>町会・自治会名: 八潮58･59号棟自治会
公式町会名: 八潮58･59号棟自治会
地域区分: 八潮地域
住所区域: 八潮5丁目 10番58・59号
町会長: 安藤 雅子
連絡先: 070-4385-9169
出典: https://www2.wagmap.jp/shinagawa/OpenDataDetail?lid=2100&amp;mids=110
https://www.city.shinagawa.tokyo.jp/PC/chiiki/chiiki-tyokai/hpg000011185.html
https://www.shinagawa-choukaijichikai.jp/association/
https://pc.tamemap.net/1310901/activities?utf8=%E2%9C%93&amp;area=&amp;category=%E7%94%BA%E4%BC%9A%E3%83%BB%E8%87%AA%E6%B2%BB%E4%BC%9A&amp;word=
https://www.shinagawa-choukaijichikai.jp/yashioarea/418/</description>
      <styleUrl>#area-0</styleUrl>
      <ExtendedData>
        <Data name="町会・自治会名">
          <value>八潮58･59号棟自治会</value>
        </Data>
        <Data name="公式町会名">
          <value>八潮58･59号棟自治会</value>
        </Data>
        <Data name="地域区分">
          <value>八潮地域</value>
        </Data>
        <Data name="住所区域">
          <value>八潮5丁目 10番58・59号</value>
        </Data>
        <Data name="町会長">
          <value>安藤 雅子</value>
        </Data>
        <Data name="代表者">
          <value />
        </Data>
        <Data name="連絡先">
          <value>070-4385-9169</value>
        </Data>
        <Data name="電話">
          <value />
        </Data>
        <Data name="メール">
          <value />
        </Data>
        <Data name="町会の紹介">
          <value />
        </Data>
        <Data name="活動実績">
          <value />
        </Data>
        <Data name="ホームページ">
          <value />
        </Data>
        <Data name="SNS">
          <value />
        </Data>
        <Data name="出典">
          <value>https://www2.wagmap.jp/shinagawa/OpenDataDetail?lid=2100&amp;mids=110
https://www.city.shinagawa.tokyo.jp/PC/chiiki/chiiki-tyokai/hpg000011185.html
https://www.shinagawa-choukaijichikai.jp/association/
https://pc.tamemap.net/1310901/activities?utf8=%E2%9C%93&amp;area=&amp;category=%E7%94%BA%E4%BC%9A%E3%83%BB%E8%87%AA%E6%B2%BB%E4%BC%9A&amp;word=
https://www.shinagawa-choukaijichikai.jp/yashioarea/418/</value>
        </Data>
      </ExtendedData>
      <Polygon>
        <tessellate>1</tessellate>
        <altitudeMode>clampToGround</altitudeMode>
        <outerBoundaryIs>
          <LinearRing>
            <coordinates>139.751902,35.599679,0 139.751902,35.599644,0 139.751930,35.599644,0 139.751930,35.599678,0 139.752007,35.599678,0 139.752006,35.599558,0 139.752005,35.599341,0 139.752007,35.599221,0 139.751934,35.599220,0 139.751934,35.599233,0 139.751901,35.599233,0 139.751901,35.599221,0 139.751777,35.599219,0 139.751776,35.599231,0 139.751745,35.599231,0 139.751745,35.599220,0 139.751672,35.599220,0 139.751670,35.599339,0 139.751670,35.599558,0 139.751622,35.599558,0 139.751622,35.599569,0 139.751588,35.599569,0 139.751588,35.599557,0 139.751458,35.599557,0 139.751458,35.599580,0 139.751438,35.599580,0 139.751438,35.599633,0 139.751452,35.599634,0 139.751453,35.599674,0 139.751590,35.599674,0 139.751590,35.599643,0 139.751619,35.599643,0 139.751620,35.599678,0 139.751743,35.599677,0 139.751743,35.599644,0 139.751776,35.599644,0 139.751776,35.599680,0 139.751902,35.599679,0</coordinates>
          </LinearRing>
        </outerBoundaryIs>
      </Polygon>
    </Placemark>
    <Placemark>
      <name>北浜川仲町会</name>
      <description>町会・自治会名: 北浜川仲町会
公式町会名: 北浜川仲町会
地域区分: 大井第一地域
住所区域: 東大井2丁目 17番（1号～9号の一部） / 東大井2丁目 20番 / 東大井2丁目 24番～28番
町会の紹介: 東に勝島運河と花海道、西に京浜急行立会川駅、南に立会川、北に門前通り、中央に旧東海道と会館前の公園には坂本竜馬の銅像が存在し、信号機ゼロの安全安心地域、民主的で会員相互の協力により文化の向上、福利増進、共存共栄を目的とする町会です。
出典: https://www2.wagmap.jp/shinagawa/OpenDataDetail?lid=2100&amp;mids=110
https://www.city.shinagawa.tokyo.jp/PC/chiiki/chiiki-tyokai/hpg000011177.html
https://www.shinagawa-choukaijichikai.jp/association/
https://pc.tamemap.net/1310901/activities?utf8=%E2%9C%93&amp;area=&amp;category=%E7%94%BA%E4%BC%9A%E3%83%BB%E8%87%AA%E6%B2%BB%E4%BC%9A&amp;word=
https://www.shinagawa-choukaijichikai.jp/oiarea/446/</description>
      <styleUrl>#area-3</styleUrl>
      <ExtendedData>
        <Data name="町会・自治会名">
          <value>北浜川仲町会</value>
        </Data>
        <Data name="公式町会名">
          <value>北浜川仲町会</value>
        </Data>
        <Data name="地域区分">
          <value>大井第一地域</value>
        </Data>
        <Data name="住所区域">
          <value>東大井2丁目 17番（1号～9号の一部） / 東大井2丁目 20番 / 東大井2丁目 24番～28番</value>
        </Data>
        <Data name="町会長">
          <value />
        </Data>
        <Data name="代表者">
          <value />
        </Data>
        <Data name="連絡先">
          <value />
        </Data>
        <Data name="電話">
          <value />
        </Data>
        <Data name="メール">
          <value />
        </Data>
        <Data name="町会の紹介">
          <value>東に勝島運河と花海道、西に京浜急行立会川駅、南に立会川、北に門前通り、中央に旧東海道と会館前の公園には坂本竜馬の銅像が存在し、信号機ゼロの安全安心地域、民主的で会員相互の協力により文化の向上、福利増進、共存共栄を目的とする町会です。</value>
        </Data>
        <Data name="活動実績">
          <value />
        </Data>
        <Data name="ホームページ">
          <value />
        </Data>
        <Data name="SNS">
          <value />
        </Data>
        <Data name="出典">
          <value>https://www2.wagmap.jp/shinagawa/OpenDataDetail?lid=2100&amp;mids=110
https://www.city.shinagawa.tokyo.jp/PC/chiiki/chiiki-tyokai/hpg000011177.html
https://www.shinagawa-choukaijichikai.jp/association/
https://pc.tamemap.net/1310901/activities?utf8=%E2%9C%93&amp;area=&amp;category=%E7%94%BA%E4%BC%9A%E3%83%BB%E8%87%AA%E6%B2%BB%E4%BC%9A&amp;word=
https://www.shinagawa-choukaijichikai.jp/oiarea/446/</value>
        </Data>
      </ExtendedData>
      <Polygon>
        <tessellate>1</tessellate>
        <altitudeMode>clampToGround</altitudeMode>
        <outerBoundaryIs>
          <LinearRing>
            <coordinates>139.740115,35.599389,0 139.740151,35.599372,0 139.740695,35.599074,0 139.740597,35.598863,0 139.741836,35.598463,0 139.741807,35.598340,0 139.741646,35.597528,0 139.741522,35.597052,0 139.741375,35.596544,0 139.740574,35.596828,0 139.739273,35.597463,0 139.739185,35.597545,0 139.739093,35.597663,0 139.738999,35.597769,0 139.738636,35.597956,0 139.738694,35.598099,0 139.739273,35.599337,0 139.739435,35.599686,0 139.740115,35.599389,0</coordinates>
          </LinearRing>
        </outerBoundaryIs>
      </Polygon>
    </Placemark>
    <Placemark>
      <name>潮路東ハイツ自治会</name>
      <description>町会・自治会名: 潮路東ハイツ自治会
公式町会名: 潮路東ﾊｲﾂ自治会
地域区分: 八潮地域
住所区域: 八潮5丁目 10番51号～57号
出典: https://www2.wagmap.jp/shinagawa/OpenDataDetail?lid=2100&amp;mids=110
https://www.city.shinagawa.tokyo.jp/PC/chiiki/chiiki-tyokai/hpg000011185.html
https://www.shinagawa-choukaijichikai.jp/association/
https://pc.tamemap.net/1310901/activities?utf8=%E2%9C%93&amp;area=&amp;category=%E7%94%BA%E4%BC%9A%E3%83%BB%E8%87%AA%E6%B2%BB%E4%BC%9A&amp;word=
https://www.shinagawa-choukaijichikai.jp/yashioarea/416/</description>
      <styleUrl>#area-0</styleUrl>
      <ExtendedData>
        <Data name="町会・自治会名">
          <value>潮路東ハイツ自治会</value>
        </Data>
        <Data name="公式町会名">
          <value>潮路東ﾊｲﾂ自治会</value>
        </Data>
        <Data name="地域区分">
          <value>八潮地域</value>
        </Data>
        <Data name="住所区域">
          <value>八潮5丁目 10番51号～57号</value>
        </Data>
        <Data name="町会長">
          <value />
        </Data>
        <Data name="代表者">
          <value />
        </Data>
        <Data name="連絡先">
          <value />
        </Data>
        <Data name="電話">
          <value />
        </Data>
        <Data name="メール">
          <value />
        </Data>
        <Data name="町会の紹介">
          <value />
        </Data>
        <Data name="活動実績">
          <value />
        </Data>
        <Data name="ホームページ">
          <value />
        </Data>
        <Data name="SNS">
          <value />
        </Data>
        <Data name="出典">
          <value>https://www2.wagmap.jp/shinagawa/OpenDataDetail?lid=2100&amp;mids=110
https://www.city.shinagawa.tokyo.jp/PC/chiiki/chiiki-tyokai/hpg000011185.html
https://www.shinagawa-choukaijichikai.jp/association/
https://pc.tamemap.net/1310901/activities?utf8=%E2%9C%93&amp;area=&amp;category=%E7%94%BA%E4%BC%9A%E3%83%BB%E8%87%AA%E6%B2%BB%E4%BC%9A&amp;word=
https://www.shinagawa-choukaijichikai.jp/yashioarea/416/</value>
        </Data>
      </ExtendedData>
      <Polygon>
        <tessellate>1</tessellate>
        <altitudeMode>clampToGround</altitudeMode>
        <outerBoundaryIs>
          <LinearRing>
            <coordinates>139.752621,35.599762,0 139.752746,35.599762,0 139.752746,35.599773,0 139.752781,35.599773,0 139.752781,35.599763,0 139.752838,35.599763,0 139.752838,35.599631,0 139.752983,35.599640,0 139.753268,35.599641,0 139.753268,35.599622,0 139.753350,35.599622,0 139.753350,35.599639,0 139.753457,35.599639,0 139.753457,35.599606,0 139.753568,35.599606,0 139.753568,35.599650,0 139.753652,35.599650,0 139.753652,35.599615,0 139.753788,35.599615,0 139.754036,35.599608,0 139.754083,35.599608,0 139.754083,35.599620,0 139.754147,35.599621,0 139.754147,35.599608,0 139.754190,35.599608,0 139.754204,35.598730,0 139.754155,35.598729,0 139.754155,35.598718,0 139.754090,35.598717,0 139.754089,35.598729,0 139.754045,35.598728,0 139.753834,35.598709,0 139.753538,35.598709,0 139.753538,35.598753,0 139.753369,35.598754,0 139.753235,35.598753,0 139.753235,35.598611,0 139.753067,35.598610,0 139.753066,35.598918,0 139.753016,35.598918,0 139.753015,35.599180,0 139.753014,35.599248,0 139.752851,35.599248,0 139.752214,35.599248,0 139.752214,35.599344,0 139.752242,35.599344,0 139.752242,35.599383,0 139.752221,35.599630,0 139.752220,35.599762,0 139.752280,35.599762,0 139.752280,35.599772,0 139.752314,35.599772,0 139.752314,35.599762,0 139.752438,35.599762,0 139.752438,35.599770,0 139.752468,35.599770,0 139.752468,35.599763,0 139.752589,35.599763,0 139.752589,35.599796,0 139.752621,35.599796,0 139.752621,35.599762,0</coordinates>
          </LinearRing>
        </outerBoundaryIs>
      </Polygon>
    </Placemark>
    <Placemark>
      <name>大井北浜川東町会</name>
      <description>町会・自治会名: 大井北浜川東町会
公式町会名: 大井北浜川東町会
地域区分: 大井第一地域
住所区域: 東大井2丁目 14番～16番、17番（9号の一部～15号）、18番～19番
代表者: 菅原 鐵男
電話: 090-2470-7324 菅原
メール: ygaina84@gmail.com
町会の紹介: 大井北浜川東町会: 北浜川東町会は、小さな町会ですが、会員皆さんは、町会や地域の行事、防災訓練、交通安全、運動会などには積極的に参加し、絆を大切にしています。 新たに転入された方にはご案内し、近隣同士仲良く、アットホームな町会です。 区民祭り、町内清掃、運動会、お祭りなど諸行事にお手伝い下さる方「募集中」。 空いてる時間、地域のボランティア 一緒に いかが。 / 大井北浜川東町会: 大井第一町会連合会21町会に所属し 旧東海道に面し、東は季節の花が咲く勝島運河花海道、西は京急線路、北は鮫浜小学校に囲まれた地域が町会です。 / 住みよい安心安全な街づくりを目指して、防災防犯、環境美化清掃、交通安全見守り、親睦バス旅行及び連合の桜まつり、区民盆踊り大会、運動会、避難所訓練 消防ポンプ操法訓練等活動をしています。 /
活動実績: コロナ前の活動に戻りつつあります。 / 町会活動にぜひご参加下さい。 活動を通じて、町内外の方と親睦を深め、防災避難時など協力、共助をお願いします。
出典: https://www2.wagmap.jp/shinagawa/OpenDataDetail?lid=2100&amp;mids=110
https://www.city.shinagawa.tokyo.jp/PC/chiiki/chiiki-tyokai/hpg000011177.html
https://www.shinagawa-choukaijichikai.jp/association/
https://pc.tamemap.net/1310901/activities?utf8=%E2%9C%93&amp;area=&amp;category=%E7%94%BA%E4%BC%9A%E3%83%BB%E8%87%AA%E6%B2%BB%E4%BC%9A&amp;word=
https://www.shinagawa-choukaijichikai.jp/oiarea/444/
https://pc.tamemap.net/1310901/activities/13109010048</description>
      <styleUrl>#area-2</styleUrl>
      <ExtendedData>
        <Data name="町会・自治会名">
          <value>大井北浜川東町会</value>
        </Data>
        <Data name="公式町会名">
          <value>大井北浜川東町会</value>
        </Data>
        <Data name="地域区分">
          <value>大井第一地域</value>
        </Data>
        <Data name="住所区域">
          <value>東大井2丁目 14番～16番、17番（9号の一部～15号）、18番～19番</value>
        </Data>
        <Data name="町会長">
          <value />
        </Data>
        <Data name="代表者">
          <value>菅原 鐵男</value>
        </Data>
        <Data name="連絡先">
          <value />
        </Data>
        <Data name="電話">
          <value>090-2470-7324 菅原</value>
        </Data>
        <Data name="メール">
          <value>ygaina84@gmail.com</value>
        </Data>
        <Data name="町会の紹介">
          <value>大井北浜川東町会: 北浜川東町会は、小さな町会ですが、会員皆さんは、町会や地域の行事、防災訓練、交通安全、運動会などには積極的に参加し、絆を大切にしています。 新たに転入された方にはご案内し、近隣同士仲良く、アットホームな町会です。 区民祭り、町内清掃、運動会、お祭りなど諸行事にお手伝い下さる方「募集中」。 空いてる時間、地域のボランティア 一緒に いかが。 / 大井北浜川東町会: 大井第一町会連合会21町会に所属し 旧東海道に面し、東は季節の花が咲く勝島運河花海道、西は京急線路、北は鮫浜小学校に囲まれた地域が町会です。 / 住みよい安心安全な街づくりを目指して、防災防犯、環境美化清掃、交通安全見守り、親睦バス旅行及び連合の桜まつり、区民盆踊り大会、運動会、避難所訓練 消防ポンプ操法訓練等活動をしています。 /</value>
        </Data>
        <Data name="活動実績">
          <value>コロナ前の活動に戻りつつあります。 / 町会活動にぜひご参加下さい。 活動を通じて、町内外の方と親睦を深め、防災避難時など協力、共助をお願いします。</value>
        </Data>
        <Data name="ホームページ">
          <value />
        </Data>
        <Data name="SNS">
          <value />
        </Data>
        <Data name="出典">
          <value>https://www2.wagmap.jp/shinagawa/OpenDataDetail?lid=2100&amp;mids=110
https://www.city.shinagawa.tokyo.jp/PC/chiiki/chiiki-tyokai/hpg000011177.html
https://www.shinagawa-choukaijichikai.jp/association/
https://pc.tamemap.net/1310901/activities?utf8=%E2%9C%93&amp;area=&amp;category=%E7%94%BA%E4%BC%9A%E3%83%BB%E8%87%AA%E6%B2%BB%E4%BC%9A&amp;word=
https://www.shinagawa-choukaijichikai.jp/oiarea/444/
https://pc.tamemap.net/1310901/activities/13109010048</value>
        </Data>
      </ExtendedData>
      <Polygon>
        <tessellate>1</tessellate>
        <altitudeMode>clampToGround</altitudeMode>
        <outerBoundaryIs>
          <LinearRing>
            <coordinates>139.740164,35.600992,0 139.740254,35.600965,0 139.740763,35.600981,0 139.741106,35.600900,0 139.741231,35.600877,0 139.741243,35.600816,0 139.741470,35.600766,0 139.741503,35.600770,0 139.741526,35.600778,0 139.741557,35.600803,0 139.741593,35.600794,0 139.741888,35.600731,0 139.742458,35.600587,0 139.742404,35.600487,0 139.742044,35.599329,0 139.741836,35.598463,0 139.740597,35.598863,0 139.740695,35.599074,0 139.740151,35.599372,0 139.740115,35.599389,0 139.739435,35.599686,0 139.739713,35.600284,0 139.740080,35.601071,0 139.740164,35.600992,0</coordinates>
          </LinearRing>
        </outerBoundaryIs>
      </Polygon>
    </Placemark>
    <Placemark>
      <name>北浜川西町会</name>
      <description>町会・自治会名: 北浜川西町会
公式町会名: 北浜川西町会
地域区分: 大井第一地域
住所区域: 東大井2丁目 13番 / 東大井2丁目 21番～23番 / 東大井3丁目 17番～19番、20番（4号～26号）、21番（4号の一部～24号）、22番（4号～28号）、23番～29番
町会の紹介: 土佐藩山内家下屋敷ここが我が町会の所在地。品川ビール発祥の地は、現在の浜川中学校。名残をとどめるものはありませんが、歴史に残りました。町会のお祭り、運動会、つどいの会等、行事には、大勢の方々の参加があり、とても喜ばれています。
出典: https://www2.wagmap.jp/shinagawa/OpenDataDetail?lid=2100&amp;mids=110
https://www.city.shinagawa.tokyo.jp/PC/chiiki/chiiki-tyokai/hpg000011177.html
https://www.shinagawa-choukaijichikai.jp/association/
https://pc.tamemap.net/1310901/activities?utf8=%E2%9C%93&amp;area=&amp;category=%E7%94%BA%E4%BC%9A%E3%83%BB%E8%87%AA%E6%B2%BB%E4%BC%9A&amp;word=
https://www.shinagawa-choukaijichikai.jp/oiarea/445/</description>
      <styleUrl>#area-1</styleUrl>
      <ExtendedData>
        <Data name="町会・自治会名">
          <value>北浜川西町会</value>
        </Data>
        <Data name="公式町会名">
          <value>北浜川西町会</value>
        </Data>
        <Data name="地域区分">
          <value>大井第一地域</value>
        </Data>
        <Data name="住所区域">
          <value>東大井2丁目 13番 / 東大井2丁目 21番～23番 / 東大井3丁目 17番～19番、20番（4号～26号）、21番（4号の一部～24号）、22番（4号～28号）、23番～29番</value>
        </Data>
        <Data name="町会長">
          <value />
        </Data>
        <Data name="代表者">
          <value />
        </Data>
        <Data name="連絡先">
          <value />
        </Data>
        <Data name="電話">
          <value />
        </Data>
        <Data name="メール">
          <value />
        </Data>
        <Data name="町会の紹介">
          <value>土佐藩山内家下屋敷ここが我が町会の所在地。品川ビール発祥の地は、現在の浜川中学校。名残をとどめるものはありませんが、歴史に残りました。町会のお祭り、運動会、つどいの会等、行事には、大勢の方々の参加があり、とても喜ばれています。</value>
        </Data>
        <Data name="活動実績">
          <value />
        </Data>
        <Data name="ホームページ">
          <value />
        </Data>
        <Data name="SNS">
          <value />
        </Data>
        <Data name="出典">
          <value>https://www2.wagmap.jp/shinagawa/OpenDataDetail?lid=2100&amp;mids=110
https://www.city.shinagawa.tokyo.jp/PC/chiiki/chiiki-tyokai/hpg000011177.html
https://www.shinagawa-choukaijichikai.jp/association/
https://pc.tamemap.net/1310901/activities?utf8=%E2%9C%93&amp;area=&amp;category=%E7%94%BA%E4%BC%9A%E3%83%BB%E8%87%AA%E6%B2%BB%E4%BC%9A&amp;word=
https://www.shinagawa-choukaijichikai.jp/oiarea/445/</value>
        </Data>
      </ExtendedData>
      <Polygon>
        <tessellate>1</tessellate>
        <altitudeMode>clampToGround</altitudeMode>
        <outerBoundaryIs>
          <LinearRing>
            <coordinates>139.737464,35.601296,0 139.737816,35.601124,0 139.738411,35.600857,0 139.738649,35.601059,0 139.739097,35.600851,0 139.739200,35.600809,0 139.739234,35.600884,0 139.739487,35.601422,0 139.739580,35.601395,0 139.739666,35.601360,0 139.739711,35.601327,0 139.740080,35.601071,0 139.739713,35.600284,0 139.739435,35.599686,0 139.739273,35.599337,0 139.738694,35.598099,0 139.738636,35.597956,0 139.738385,35.598085,0 139.737889,35.598331,0 139.737162,35.598674,0 139.736463,35.598992,0 139.736348,35.599050,0 139.736302,35.599073,0 139.736234,35.599108,0 139.736177,35.599147,0 139.736118,35.599200,0 139.736061,35.599274,0 139.736022,35.599348,0 139.736001,35.599398,0 139.735961,35.599560,0 139.736000,35.599574,0 139.736320,35.599851,0 139.736269,35.599904,0 139.736253,35.599955,0 139.736260,35.600020,0 139.736528,35.600150,0 139.736563,35.600150,0 139.736598,35.600146,0 139.736622,35.600155,0 139.736636,35.600171,0 139.736435,35.600332,0 139.736361,35.600398,0 139.736616,35.600582,0 139.736635,35.600595,0 139.736542,35.600652,0 139.736426,35.600706,0 139.736518,35.600809,0 139.736638,35.600710,0 139.736687,35.600660,0 139.736831,35.600766,0 139.736797,35.600853,0 139.736897,35.600901,0 139.736832,35.601014,0 139.736799,35.601063,0 139.736735,35.601150,0 139.736680,35.601212,0 139.736641,35.601213,0 139.736604,35.601212,0 139.736618,35.601457,0 139.736770,35.601393,0 139.736892,35.601327,0 139.737036,35.601510,0 139.737464,35.601296,0</coordinates>
          </LinearRing>
        </outerBoundaryIs>
      </Polygon>
    </Placemark>
    <Placemark>
      <name>シティコープ八潮浜自治会</name>
      <description>町会・自治会名: シティコープ八潮浜自治会
公式町会名: シティコープ八潮浜自治会
地域区分: 八潮地域
住所区域: 八潮5丁目 4番18号～21号
町会の紹介: 当八潮浜自治会は、八潮パークタウンの中ほどに位置し、西側は京浜運河緑道公園の豊かな自然と斜張橋「かもめ橋」に接し、遠く富士を望むことが出来ます。また、東側は八潮学園、地域センター、多目的広場にも面し利便性と景観の良いところです。自治会活動は、住民同士の親睦を主に、情報交換・見守り・防災等の目的のため様々な活動を展開しており、その主体は委員経験者の協力員さんです。その効果で高齢化の中、スタッフ不足を回避できております。自治会加入は任意ですが、加入率は８５％以上の高い率を維持しております。これからも欲張らず、住民同士が明るく笑顔で信頼して参加できる自治会活動の継続を目指していきます。
出典: https://www2.wagmap.jp/shinagawa/OpenDataDetail?lid=2100&amp;mids=110
https://www.city.shinagawa.tokyo.jp/PC/chiiki/chiiki-tyokai/hpg000011185.html
https://www.shinagawa-choukaijichikai.jp/association/
https://pc.tamemap.net/1310901/activities?utf8=%E2%9C%93&amp;area=&amp;category=%E7%94%BA%E4%BC%9A%E3%83%BB%E8%87%AA%E6%B2%BB%E4%BC%9A&amp;word=
https://www.shinagawa-choukaijichikai.jp/yashioarea/389/</description>
      <styleUrl>#area-0</styleUrl>
      <ExtendedData>
        <Data name="町会・自治会名">
          <value>シティコープ八潮浜自治会</value>
        </Data>
        <Data name="公式町会名">
          <value>シティコープ八潮浜自治会</value>
        </Data>
        <Data name="地域区分">
          <value>八潮地域</value>
        </Data>
        <Data name="住所区域">
          <value>八潮5丁目 4番18号～21号</value>
        </Data>
        <Data name="町会長">
          <value />
        </Data>
        <Data name="代表者">
          <value />
        </Data>
        <Data name="連絡先">
          <value />
        </Data>
        <Data name="電話">
          <value />
        </Data>
        <Data name="メール">
          <value />
        </Data>
        <Data name="町会の紹介">
          <value>当八潮浜自治会は、八潮パークタウンの中ほどに位置し、西側は京浜運河緑道公園の豊かな自然と斜張橋「かもめ橋」に接し、遠く富士を望むことが出来ます。また、東側は八潮学園、地域センター、多目的広場にも面し利便性と景観の良いところです。自治会活動は、住民同士の親睦を主に、情報交換・見守り・防災等の目的のため様々な活動を展開しており、その主体は委員経験者の協力員さんです。その効果で高齢化の中、スタッフ不足を回避できております。自治会加入は任意ですが、加入率は８５％以上の高い率を維持しております。これからも欲張らず、住民同士が明るく笑顔で信頼して参加できる自治会活動の継続を目指していきます。</value>
        </Data>
        <Data name="活動実績">
          <value />
        </Data>
        <Data name="ホームページ">
          <value />
        </Data>
        <Data name="SNS">
          <value />
        </Data>
        <Data name="出典">
          <value>https://www2.wagmap.jp/shinagawa/OpenDataDetail?lid=2100&amp;mids=110
https://www.city.shinagawa.tokyo.jp/PC/chiiki/chiiki-tyokai/hpg000011185.html
https://www.shinagawa-choukaijichikai.jp/association/
https://pc.tamemap.net/1310901/activities?utf8=%E2%9C%93&amp;area=&amp;category=%E7%94%BA%E4%BC%9A%E3%83%BB%E8%87%AA%E6%B2%BB%E4%BC%9A&amp;word=
https://www.shinagawa-choukaijichikai.jp/yashioarea/389/</value>
        </Data>
      </ExtendedData>
      <Polygon>
        <tessellate>1</tessellate>
        <altitudeMode>clampToGround</altitudeMode>
        <outerBoundaryIs>
          <LinearRing>
            <coordinates>139.750395,35.601644,0 139.750408,35.601146,0 139.750404,35.600228,0 139.749934,35.600230,0 139.749865,35.600230,0 139.749683,35.600229,0 139.749732,35.601022,0 139.750227,35.601645,0 139.750395,35.601644,0</coordinates>
          </LinearRing>
        </outerBoundaryIs>
      </Polygon>
    </Placemark>
    <Placemark>
      <name>コーシャハイム八潮西自治会</name>
      <description>町会・自治会名: コーシャハイム八潮西自治会
公式町会名: コーシャハイム八潮西自治会
地域区分: 八潮地域
住所区域: 八潮5丁目 4番16号～17号
出典: https://www2.wagmap.jp/shinagawa/OpenDataDetail?lid=2100&amp;mids=110
https://www.city.shinagawa.tokyo.jp/PC/chiiki/chiiki-tyokai/hpg000011185.html
https://www.shinagawa-choukaijichikai.jp/association/
https://pc.tamemap.net/1310901/activities?utf8=%E2%9C%93&amp;area=&amp;category=%E7%94%BA%E4%BC%9A%E3%83%BB%E8%87%AA%E6%B2%BB%E4%BC%9A&amp;word=
https://www.shinagawa-choukaijichikai.jp/yashioarea/388/</description>
      <styleUrl>#area-0</styleUrl>
      <ExtendedData>
        <Data name="町会・自治会名">
          <value>コーシャハイム八潮西自治会</value>
        </Data>
        <Data name="公式町会名">
          <value>コーシャハイム八潮西自治会</value>
        </Data>
        <Data name="地域区分">
          <value>八潮地域</value>
        </Data>
        <Data name="住所区域">
          <value>八潮5丁目 4番16号～17号</value>
        </Data>
        <Data name="町会長">
          <value />
        </Data>
        <Data name="代表者">
          <value />
        </Data>
        <Data name="連絡先">
          <value />
        </Data>
        <Data name="電話">
          <value />
        </Data>
        <Data name="メール">
          <value />
        </Data>
        <Data name="町会の紹介">
          <value />
        </Data>
        <Data name="活動実績">
          <value />
        </Data>
        <Data name="ホームページ">
          <value />
        </Data>
        <Data name="SNS">
          <value />
        </Data>
        <Data name="出典">
          <value>https://www2.wagmap.jp/shinagawa/OpenDataDetail?lid=2100&amp;mids=110
https://www.city.shinagawa.tokyo.jp/PC/chiiki/chiiki-tyokai/hpg000011185.html
https://www.shinagawa-choukaijichikai.jp/association/
https://pc.tamemap.net/1310901/activities?utf8=%E2%9C%93&amp;area=&amp;category=%E7%94%BA%E4%BC%9A%E3%83%BB%E8%87%AA%E6%B2%BB%E4%BC%9A&amp;word=
https://www.shinagawa-choukaijichikai.jp/yashioarea/388/</value>
        </Data>
      </ExtendedData>
      <Polygon>
        <tessellate>1</tessellate>
        <altitudeMode>clampToGround</altitudeMode>
        <outerBoundaryIs>
          <LinearRing>
            <coordinates>139.751375,35.601778,0 139.751374,35.601765,0 139.751508,35.601761,0 139.751508,35.601752,0 139.751540,35.601751,0 139.751538,35.601701,0 139.751511,35.601702,0 139.751508,35.601634,0 139.751155,35.601643,0 139.751154,35.601615,0 139.751098,35.601572,0 139.751080,35.601573,0 139.751071,35.601337,0 139.750996,35.601339,0 139.750995,35.601308,0 139.750923,35.601310,0 139.750825,35.601206,0 139.750785,35.601206,0 139.750785,35.601137,0 139.750735,35.601102,0 139.750600,35.601103,0 139.750600,35.601643,0 139.750662,35.601643,0 139.750662,35.601619,0 139.750730,35.601619,0 139.750936,35.601655,0 139.750998,35.601654,0 139.750998,35.601636,0 139.751059,35.601634,0 139.751082,35.601643,0 139.751084,35.601699,0 139.751048,35.601700,0 139.751050,35.601755,0 139.751083,35.601754,0 139.751084,35.601765,0 139.751296,35.601760,0 139.751297,35.601780,0 139.751375,35.601778,0</coordinates>
          </LinearRing>
        </outerBoundaryIs>
      </Polygon>
    </Placemark>
    <Placemark>
      <name>八潮12号棟自治会</name>
      <description>町会・自治会名: 八潮12号棟自治会
公式町会名: 八潮12号棟自治会
地域区分: 八潮地域
住所区域: 八潮5丁目 3番12号
町会の紹介: 公園の小さな若木だった欅たちは空を蔽う大木となり、新緑、緑陰、黄葉、大量の落ち葉は季節の移ろいを感じさせてくれています。三十年住み続けている方は少なくなりましたが、ここ数年小さなお子さんのいる家族が多く入居され賑やかになりました。時は移り人も変わりますが一つ屋根の縁（えにし）を大切にこれからも長屋づきあいを続けていきます。
出典: https://www2.wagmap.jp/shinagawa/OpenDataDetail?lid=2100&amp;mids=110
https://www.city.shinagawa.tokyo.jp/PC/chiiki/chiiki-tyokai/hpg000011185.html
https://www.shinagawa-choukaijichikai.jp/association/
https://pc.tamemap.net/1310901/activities?utf8=%E2%9C%93&amp;area=&amp;category=%E7%94%BA%E4%BC%9A%E3%83%BB%E8%87%AA%E6%B2%BB%E4%BC%9A&amp;word=
https://www.shinagawa-choukaijichikai.jp/yashioarea/386/</description>
      <styleUrl>#area-0</styleUrl>
      <ExtendedData>
        <Data name="町会・自治会名">
          <value>八潮12号棟自治会</value>
        </Data>
        <Data name="公式町会名">
          <value>八潮12号棟自治会</value>
        </Data>
        <Data name="地域区分">
          <value>八潮地域</value>
        </Data>
        <Data name="住所区域">
          <value>八潮5丁目 3番12号</value>
        </Data>
        <Data name="町会長">
          <value />
        </Data>
        <Data name="代表者">
          <value />
        </Data>
        <Data name="連絡先">
          <value />
        </Data>
        <Data name="電話">
          <value />
        </Data>
        <Data name="メール">
          <value />
        </Data>
        <Data name="町会の紹介">
          <value>公園の小さな若木だった欅たちは空を蔽う大木となり、新緑、緑陰、黄葉、大量の落ち葉は季節の移ろいを感じさせてくれています。三十年住み続けている方は少なくなりましたが、ここ数年小さなお子さんのいる家族が多く入居され賑やかになりました。時は移り人も変わりますが一つ屋根の縁（えにし）を大切にこれからも長屋づきあいを続けていきます。</value>
        </Data>
        <Data name="活動実績">
          <value />
        </Data>
        <Data name="ホームページ">
          <value />
        </Data>
        <Data name="SNS">
          <value />
        </Data>
        <Data name="出典">
          <value>https://www2.wagmap.jp/shinagawa/OpenDataDetail?lid=2100&amp;mids=110
https://www.city.shinagawa.tokyo.jp/PC/chiiki/chiiki-tyokai/hpg000011185.html
https://www.shinagawa-choukaijichikai.jp/association/
https://pc.tamemap.net/1310901/activities?utf8=%E2%9C%93&amp;area=&amp;category=%E7%94%BA%E4%BC%9A%E3%83%BB%E8%87%AA%E6%B2%BB%E4%BC%9A&amp;word=
https://www.shinagawa-choukaijichikai.jp/yashioarea/386/</value>
        </Data>
      </ExtendedData>
      <Polygon>
        <tessellate>1</tessellate>
        <altitudeMode>clampToGround</altitudeMode>
        <outerBoundaryIs>
          <LinearRing>
            <coordinates>139.751206,35.602432,0 139.751206,35.602297,0 139.750895,35.602297,0 139.750895,35.602254,0 139.750735,35.602254,0 139.750736,35.602387,0 139.750892,35.602386,0 139.750892,35.602432,0 139.751206,35.602432,0</coordinates>
          </LinearRing>
        </outerBoundaryIs>
      </Polygon>
    </Placemark>
    <Placemark>
      <name>八潮11号棟自治会</name>
      <description>町会・自治会名: 八潮11号棟自治会
公式町会名: 八潮11号棟自治会
地域区分: 八潮地域
住所区域: 八潮5丁目 3番11号
出典: https://www2.wagmap.jp/shinagawa/OpenDataDetail?lid=2100&amp;mids=110
https://www.city.shinagawa.tokyo.jp/PC/chiiki/chiiki-tyokai/hpg000011185.html
https://www.shinagawa-choukaijichikai.jp/association/
https://pc.tamemap.net/1310901/activities?utf8=%E2%9C%93&amp;area=&amp;category=%E7%94%BA%E4%BC%9A%E3%83%BB%E8%87%AA%E6%B2%BB%E4%BC%9A&amp;word=
https://www.shinagawa-choukaijichikai.jp/yashioarea/385/</description>
      <styleUrl>#area-0</styleUrl>
      <ExtendedData>
        <Data name="町会・自治会名">
          <value>八潮11号棟自治会</value>
        </Data>
        <Data name="公式町会名">
          <value>八潮11号棟自治会</value>
        </Data>
        <Data name="地域区分">
          <value>八潮地域</value>
        </Data>
        <Data name="住所区域">
          <value>八潮5丁目 3番11号</value>
        </Data>
        <Data name="町会長">
          <value />
        </Data>
        <Data name="代表者">
          <value />
        </Data>
        <Data name="連絡先">
          <value />
        </Data>
        <Data name="電話">
          <value />
        </Data>
        <Data name="メール">
          <value />
        </Data>
        <Data name="町会の紹介">
          <value />
        </Data>
        <Data name="活動実績">
          <value />
        </Data>
        <Data name="ホームページ">
          <value />
        </Data>
        <Data name="SNS">
          <value />
        </Data>
        <Data name="出典">
          <value>https://www2.wagmap.jp/shinagawa/OpenDataDetail?lid=2100&amp;mids=110
https://www.city.shinagawa.tokyo.jp/PC/chiiki/chiiki-tyokai/hpg000011185.html
https://www.shinagawa-choukaijichikai.jp/association/
https://pc.tamemap.net/1310901/activities?utf8=%E2%9C%93&amp;area=&amp;category=%E7%94%BA%E4%BC%9A%E3%83%BB%E8%87%AA%E6%B2%BB%E4%BC%9A&amp;word=
https://www.shinagawa-choukaijichikai.jp/yashioarea/385/</value>
        </Data>
      </ExtendedData>
      <Polygon>
        <tessellate>1</tessellate>
        <altitudeMode>clampToGround</altitudeMode>
        <outerBoundaryIs>
          <LinearRing>
            <coordinates>139.751572,35.602621,0 139.751569,35.602325,0 139.752051,35.602322,0 139.752050,35.602265,0 139.752030,35.602265,0 139.752029,35.602181,0 139.751596,35.602184,0 139.751597,35.602304,0 139.751569,35.602304,0 139.751567,35.602193,0 139.751416,35.602194,0 139.751416,35.602185,0 139.751348,35.602185,0 139.751350,35.602311,0 139.751404,35.602311,0 139.751404,35.602347,0 139.751366,35.602347,0 139.751367,35.602502,0 139.751396,35.602502,0 139.751397,35.602600,0 139.751508,35.602600,0 139.751508,35.602622,0 139.751572,35.602621,0</coordinates>
          </LinearRing>
        </outerBoundaryIs>
      </Polygon>
    </Placemark>
    <Placemark>
      <name>勝島町会</name>
      <description>町会・自治会名: 勝島町会
公式町会名: 勝島町会
地域区分: 大井第一地域
住所区域: 勝島1丁目 全域 / 勝島2丁目 全域
町会の紹介: 町の歴史は新しく、昭和18年に埋め立てにより出来た島の名前「勝島」が地名の由来です。町内会は３丁目まであり、京浜運河と勝島運河に囲まれ、ナイター競馬が開催される大井競馬場と倉庫などが存在する地域です。
出典: https://www2.wagmap.jp/shinagawa/OpenDataDetail?lid=2100&amp;mids=110
https://www.city.shinagawa.tokyo.jp/PC/chiiki/chiiki-tyokai/hpg000011177.html
https://www.shinagawa-choukaijichikai.jp/association/
https://pc.tamemap.net/1310901/activities?utf8=%E2%9C%93&amp;area=&amp;category=%E7%94%BA%E4%BC%9A%E3%83%BB%E8%87%AA%E6%B2%BB%E4%BC%9A&amp;word=
https://www.shinagawa-choukaijichikai.jp/oiarea/459/</description>
      <styleUrl>#area-0</styleUrl>
      <ExtendedData>
        <Data name="町会・自治会名">
          <value>勝島町会</value>
        </Data>
        <Data name="公式町会名">
          <value>勝島町会</value>
        </Data>
        <Data name="地域区分">
          <value>大井第一地域</value>
        </Data>
        <Data name="住所区域">
          <value>勝島1丁目 全域 / 勝島2丁目 全域</value>
        </Data>
        <Data name="町会長">
          <value />
        </Data>
        <Data name="代表者">
          <value />
        </Data>
        <Data name="連絡先">
          <value />
        </Data>
        <Data name="電話">
          <value />
        </Data>
        <Data name="メール">
          <value />
        </Data>
        <Data name="町会の紹介">
          <value>町の歴史は新しく、昭和18年に埋め立てにより出来た島の名前「勝島」が地名の由来です。町内会は３丁目まであり、京浜運河と勝島運河に囲まれ、ナイター競馬が開催される大井競馬場と倉庫などが存在する地域です。</value>
        </Data>
        <Data name="活動実績">
          <value />
        </Data>
        <Data name="ホームページ">
          <value />
        </Data>
        <Data name="SNS">
          <value />
        </Data>
        <Data name="出典">
          <value>https://www2.wagmap.jp/shinagawa/OpenDataDetail?lid=2100&amp;mids=110
https://www.city.shinagawa.tokyo.jp/PC/chiiki/chiiki-tyokai/hpg000011177.html
https://www.shinagawa-choukaijichikai.jp/association/
https://pc.tamemap.net/1310901/activities?utf8=%E2%9C%93&amp;area=&amp;category=%E7%94%BA%E4%BC%9A%E3%83%BB%E8%87%AA%E6%B2%BB%E4%BC%9A&amp;word=
https://www.shinagawa-choukaijichikai.jp/oiarea/459/</value>
        </Data>
      </ExtendedData>
      <Polygon>
        <tessellate>1</tessellate>
        <altitudeMode>clampToGround</altitudeMode>
        <outerBoundaryIs>
          <LinearRing>
            <coordinates>139.745038,35.602544,0 139.746340,35.602462,0 139.748076,35.602338,0 139.749063,35.602261,0 139.748236,35.600973,0 139.747992,35.597570,0 139.747949,35.596932,0 139.747943,35.595799,0 139.747939,35.595746,0 139.747833,35.594364,0 139.747829,35.594363,0 139.747528,35.590464,0 139.745052,35.589752,0 139.741818,35.588822,0 139.739892,35.588269,0 139.739847,35.588257,0 139.739676,35.588207,0 139.738018,35.587768,0 139.737983,35.588007,0 139.737842,35.588390,0 139.737755,35.589293,0 139.737748,35.589922,0 139.737837,35.590448,0 139.738238,35.591389,0 139.739308,35.593189,0 139.741175,35.595839,0 139.741360,35.596488,0 139.741375,35.596544,0 139.741522,35.597052,0 139.741646,35.597528,0 139.741807,35.598340,0 139.741836,35.598463,0 139.742044,35.599329,0 139.742404,35.600487,0 139.742458,35.600587,0 139.743108,35.601786,0 139.743527,35.602498,0 139.743616,35.602634,0 139.745038,35.602544,0</coordinates>
          </LinearRing>
        </outerBoundaryIs>
      </Polygon>
    </Placemark>
    <Placemark>
      <name>八潮パークタウン潮路北第一ハイツ自治会</name>
      <description>町会・自治会名: 八潮パークタウン潮路北第一ハイツ自治会
公式町会名: 八潮ﾊﾟｰｸﾀｳﾝ潮路北第一ﾊｲﾂ自治会
地域区分: 八潮地域
住所区域: 八潮5丁目 12番61号～68号
連絡先: 090-4128-4838
出典: https://www2.wagmap.jp/shinagawa/OpenDataDetail?lid=2100&amp;mids=110
https://www.city.shinagawa.tokyo.jp/PC/chiiki/chiiki-tyokai/hpg000011185.html
https://www.shinagawa-choukaijichikai.jp/association/
https://pc.tamemap.net/1310901/activities?utf8=%E2%9C%93&amp;area=&amp;category=%E7%94%BA%E4%BC%9A%E3%83%BB%E8%87%AA%E6%B2%BB%E4%BC%9A&amp;word=
https://www.shinagawa-choukaijichikai.jp/yashioarea/421/</description>
      <styleUrl>#area-0</styleUrl>
      <ExtendedData>
        <Data name="町会・自治会名">
          <value>八潮パークタウン潮路北第一ハイツ自治会</value>
        </Data>
        <Data name="公式町会名">
          <value>八潮ﾊﾟｰｸﾀｳﾝ潮路北第一ﾊｲﾂ自治会</value>
        </Data>
        <Data name="地域区分">
          <value>八潮地域</value>
        </Data>
        <Data name="住所区域">
          <value>八潮5丁目 12番61号～68号</value>
        </Data>
        <Data name="町会長">
          <value />
        </Data>
        <Data name="代表者">
          <value />
        </Data>
        <Data name="連絡先">
          <value>090-4128-4838</value>
        </Data>
        <Data name="電話">
          <value />
        </Data>
        <Data name="メール">
          <value />
        </Data>
        <Data name="町会の紹介">
          <value />
        </Data>
        <Data name="活動実績">
          <value />
        </Data>
        <Data name="ホームページ">
          <value />
        </Data>
        <Data name="SNS">
          <value />
        </Data>
        <Data name="出典">
          <value>https://www2.wagmap.jp/shinagawa/OpenDataDetail?lid=2100&amp;mids=110
https://www.city.shinagawa.tokyo.jp/PC/chiiki/chiiki-tyokai/hpg000011185.html
https://www.shinagawa-choukaijichikai.jp/association/
https://pc.tamemap.net/1310901/activities?utf8=%E2%9C%93&amp;area=&amp;category=%E7%94%BA%E4%BC%9A%E3%83%BB%E8%87%AA%E6%B2%BB%E4%BC%9A&amp;word=
https://www.shinagawa-choukaijichikai.jp/yashioarea/421/</value>
        </Data>
      </ExtendedData>
      <Polygon>
        <tessellate>1</tessellate>
        <altitudeMode>clampToGround</altitudeMode>
        <outerBoundaryIs>
          <LinearRing>
            <coordinates>139.753648,35.602865,0 139.753745,35.602865,0 139.753764,35.602277,0 139.753762,35.602016,0 139.753268,35.602012,0 139.753157,35.602012,0 139.753150,35.601610,0 139.752425,35.601600,0 139.752038,35.601600,0 139.752047,35.601823,0 139.752097,35.601847,0 139.752376,35.601851,0 139.752758,35.601845,0 139.752758,35.602112,0 139.752437,35.602113,0 139.752438,35.602563,0 139.752571,35.602563,0 139.752571,35.602832,0 139.752580,35.602865,0 139.753648,35.602865,0</coordinates>
          </LinearRing>
        </outerBoundaryIs>
      </Polygon>
    </Placemark>
    <Placemark>
      <name>69号棟自治会</name>
      <description>町会・自治会名: 69号棟自治会
公式町会名: 69号棟自治会
地域区分: 八潮地域
住所区域: 八潮5丁目 12番69号
出典: https://www2.wagmap.jp/shinagawa/OpenDataDetail?lid=2100&amp;mids=110
https://www.city.shinagawa.tokyo.jp/PC/chiiki/chiiki-tyokai/hpg000011185.html
https://www.shinagawa-choukaijichikai.jp/association/
https://pc.tamemap.net/1310901/activities?utf8=%E2%9C%93&amp;area=&amp;category=%E7%94%BA%E4%BC%9A%E3%83%BB%E8%87%AA%E6%B2%BB%E4%BC%9A&amp;word=
https://www.shinagawa-choukaijichikai.jp/yashioarea/423/</description>
      <styleUrl>#area-0</styleUrl>
      <ExtendedData>
        <Data name="町会・自治会名">
          <value>69号棟自治会</value>
        </Data>
        <Data name="公式町会名">
          <value>69号棟自治会</value>
        </Data>
        <Data name="地域区分">
          <value>八潮地域</value>
        </Data>
        <Data name="住所区域">
          <value>八潮5丁目 12番69号</value>
        </Data>
        <Data name="町会長">
          <value />
        </Data>
        <Data name="代表者">
          <value />
        </Data>
        <Data name="連絡先">
          <value />
        </Data>
        <Data name="電話">
          <value />
        </Data>
        <Data name="メール">
          <value />
        </Data>
        <Data name="町会の紹介">
          <value />
        </Data>
        <Data name="活動実績">
          <value />
        </Data>
        <Data name="ホームページ">
          <value />
        </Data>
        <Data name="SNS">
          <value />
        </Data>
        <Data name="出典">
          <value>https://www2.wagmap.jp/shinagawa/OpenDataDetail?lid=2100&amp;mids=110
https://www.city.shinagawa.tokyo.jp/PC/chiiki/chiiki-tyokai/hpg000011185.html
https://www.shinagawa-choukaijichikai.jp/association/
https://pc.tamemap.net/1310901/activities?utf8=%E2%9C%93&amp;area=&amp;category=%E7%94%BA%E4%BC%9A%E3%83%BB%E8%87%AA%E6%B2%BB%E4%BC%9A&amp;word=
https://www.shinagawa-choukaijichikai.jp/yashioarea/423/</value>
        </Data>
      </ExtendedData>
      <Polygon>
        <tessellate>1</tessellate>
        <altitudeMode>clampToGround</altitudeMode>
        <outerBoundaryIs>
          <LinearRing>
            <coordinates>139.754106,35.602470,0 139.754106,35.602460,0 139.754158,35.602460,0 139.754158,35.602419,0 139.754143,35.602419,0 139.754141,35.601875,0 139.754141,35.601862,0 139.754207,35.601862,0 139.754207,35.601825,0 139.754188,35.601825,0 139.754188,35.601305,0 139.754130,35.601305,0 139.754130,35.601332,0 139.754035,35.601332,0 139.754034,35.601799,0 139.754053,35.601799,0 139.754053,35.601823,0 139.754034,35.601823,0 139.754034,35.601862,0 139.754034,35.601874,0 139.754027,35.601874,0 139.754027,35.601881,0 139.753989,35.601881,0 139.753991,35.602392,0 139.754009,35.602392,0 139.754009,35.602413,0 139.753987,35.602413,0 139.753987,35.602460,0 139.753987,35.602470,0 139.753942,35.602470,0 139.753942,35.602933,0 139.754035,35.602934,0 139.754035,35.602960,0 139.754106,35.602961,0 139.754106,35.602470,0</coordinates>
          </LinearRing>
        </outerBoundaryIs>
      </Polygon>
    </Placemark>
    <Placemark>
      <name>鮫洲南町会</name>
      <description>町会・自治会名: 鮫洲南町会
公式町会名: 鮫洲南町会
地域区分: 大井第一地域
住所区域: 東大井2丁目 4番～9番
町会の紹介: はじめまして。このたびわが町鮫洲南町会を紹介します。東京府下荏原郡大井町字鮫洲として町ができました。ここに角田商店があります。寛永６年創業で現在のご主人は７代目だそうです。燃料など舟で運んでいたそうです。今は屋形船やつり船でにぎやかです。
出典: https://www2.wagmap.jp/shinagawa/OpenDataDetail?lid=2100&amp;mids=110
https://www.city.shinagawa.tokyo.jp/PC/chiiki/chiiki-tyokai/hpg000011177.html
https://www.shinagawa-choukaijichikai.jp/association/
https://pc.tamemap.net/1310901/activities?utf8=%E2%9C%93&amp;area=&amp;category=%E7%94%BA%E4%BC%9A%E3%83%BB%E8%87%AA%E6%B2%BB%E4%BC%9A&amp;word=
https://www.shinagawa-choukaijichikai.jp/oiarea/443/</description>
      <styleUrl>#area-3</styleUrl>
      <ExtendedData>
        <Data name="町会・自治会名">
          <value>鮫洲南町会</value>
        </Data>
        <Data name="公式町会名">
          <value>鮫洲南町会</value>
        </Data>
        <Data name="地域区分">
          <value>大井第一地域</value>
        </Data>
        <Data name="住所区域">
          <value>東大井2丁目 4番～9番</value>
        </Data>
        <Data name="町会長">
          <value />
        </Data>
        <Data name="代表者">
          <value />
        </Data>
        <Data name="連絡先">
          <value />
        </Data>
        <Data name="電話">
          <value />
        </Data>
        <Data name="メール">
          <value />
        </Data>
        <Data name="町会の紹介">
          <value>はじめまして。このたびわが町鮫洲南町会を紹介します。東京府下荏原郡大井町字鮫洲として町ができました。ここに角田商店があります。寛永６年創業で現在のご主人は７代目だそうです。燃料など舟で運んでいたそうです。今は屋形船やつり船でにぎやかです。</value>
        </Data>
        <Data name="活動実績">
          <value />
        </Data>
        <Data name="ホームページ">
          <value />
        </Data>
        <Data name="SNS">
          <value />
        </Data>
        <Data name="出典">
          <value>https://www2.wagmap.jp/shinagawa/OpenDataDetail?lid=2100&amp;mids=110
https://www.city.shinagawa.tokyo.jp/PC/chiiki/chiiki-tyokai/hpg000011177.html
https://www.shinagawa-choukaijichikai.jp/association/
https://pc.tamemap.net/1310901/activities?utf8=%E2%9C%93&amp;area=&amp;category=%E7%94%BA%E4%BC%9A%E3%83%BB%E8%87%AA%E6%B2%BB%E4%BC%9A&amp;word=
https://www.shinagawa-choukaijichikai.jp/oiarea/443/</value>
        </Data>
      </ExtendedData>
      <Polygon>
        <tessellate>1</tessellate>
        <altitudeMode>clampToGround</altitudeMode>
        <outerBoundaryIs>
          <LinearRing>
            <coordinates>139.741830,35.603125,0 139.742298,35.602937,0 139.742671,35.602806,0 139.743527,35.602498,0 139.743108,35.601786,0 139.742458,35.600587,0 139.741888,35.600731,0 139.741593,35.600794,0 139.741557,35.600803,0 139.741526,35.600778,0 139.741503,35.600770,0 139.741470,35.600766,0 139.741243,35.600816,0 139.741231,35.600877,0 139.741106,35.600900,0 139.740763,35.600981,0 139.740780,35.601014,0 139.740795,35.601077,0 139.740812,35.601357,0 139.740823,35.601416,0 139.740848,35.601477,0 139.740903,35.601552,0 139.741182,35.601957,0 139.741255,35.602152,0 139.741299,35.602233,0 139.741490,35.602547,0 139.741535,35.602628,0 139.741802,35.603132,0 139.741830,35.603125,0</coordinates>
          </LinearRing>
        </outerBoundaryIs>
      </Polygon>
    </Placemark>
    <Placemark>
      <name>八潮ﾊﾟｰｸﾀｳﾝ第7号棟自治会</name>
      <description>町会・自治会名: 八潮ﾊﾟｰｸﾀｳﾝ第7号棟自治会
公式町会名: 八潮ﾊﾟｰｸﾀｳﾝ第7号棟自治会
地域区分: 八潮地域
住所区域: 八潮5丁目 2番7号
出典: https://www2.wagmap.jp/shinagawa/OpenDataDetail?lid=2100&amp;mids=110
https://www.city.shinagawa.tokyo.jp/PC/chiiki/chiiki-tyokai/hpg000011185.html
https://www.shinagawa-choukaijichikai.jp/association/
https://pc.tamemap.net/1310901/activities?utf8=%E2%9C%93&amp;area=&amp;category=%E7%94%BA%E4%BC%9A%E3%83%BB%E8%87%AA%E6%B2%BB%E4%BC%9A&amp;word=
https://www.shinagawa-choukaijichikai.jp/yashioarea/384/</description>
      <styleUrl>#area-0</styleUrl>
      <ExtendedData>
        <Data name="町会・自治会名">
          <value>八潮ﾊﾟｰｸﾀｳﾝ第7号棟自治会</value>
        </Data>
        <Data name="公式町会名">
          <value>八潮ﾊﾟｰｸﾀｳﾝ第7号棟自治会</value>
        </Data>
        <Data name="地域区分">
          <value>八潮地域</value>
        </Data>
        <Data name="住所区域">
          <value>八潮5丁目 2番7号</value>
        </Data>
        <Data name="町会長">
          <value />
        </Data>
        <Data name="代表者">
          <value />
        </Data>
        <Data name="連絡先">
          <value />
        </Data>
        <Data name="電話">
          <value />
        </Data>
        <Data name="メール">
          <value />
        </Data>
        <Data name="町会の紹介">
          <value />
        </Data>
        <Data name="活動実績">
          <value />
        </Data>
        <Data name="ホームページ">
          <value />
        </Data>
        <Data name="SNS">
          <value />
        </Data>
        <Data name="出典">
          <value>https://www2.wagmap.jp/shinagawa/OpenDataDetail?lid=2100&amp;mids=110
https://www.city.shinagawa.tokyo.jp/PC/chiiki/chiiki-tyokai/hpg000011185.html
https://www.shinagawa-choukaijichikai.jp/association/
https://pc.tamemap.net/1310901/activities?utf8=%E2%9C%93&amp;area=&amp;category=%E7%94%BA%E4%BC%9A%E3%83%BB%E8%87%AA%E6%B2%BB%E4%BC%9A&amp;word=
https://www.shinagawa-choukaijichikai.jp/yashioarea/384/</value>
        </Data>
      </ExtendedData>
      <Polygon>
        <tessellate>1</tessellate>
        <altitudeMode>clampToGround</altitudeMode>
        <outerBoundaryIs>
          <LinearRing>
            <coordinates>139.754063,35.603938,0 139.754061,35.603272,0 139.753992,35.603272,0 139.753992,35.603299,0 139.753925,35.603300,0 139.753927,35.603938,0 139.754063,35.603938,0</coordinates>
          </LinearRing>
        </outerBoundaryIs>
      </Polygon>
    </Placemark>
    <Placemark>
      <name>品川八潮5号棟自治会</name>
      <description>町会・自治会名: 品川八潮5号棟自治会
公式町会名: 品川八潮5号棟自治会
地域区分: 八潮地域
住所区域: 八潮5丁目 1番5号
出典: https://www2.wagmap.jp/shinagawa/OpenDataDetail?lid=2100&amp;mids=110
https://www.city.shinagawa.tokyo.jp/PC/chiiki/chiiki-tyokai/hpg000011185.html
https://www.shinagawa-choukaijichikai.jp/association/
https://pc.tamemap.net/1310901/activities?utf8=%E2%9C%93&amp;area=&amp;category=%E7%94%BA%E4%BC%9A%E3%83%BB%E8%87%AA%E6%B2%BB%E4%BC%9A&amp;word=
https://www.shinagawa-choukaijichikai.jp/yashioarea/380/</description>
      <styleUrl>#area-0</styleUrl>
      <ExtendedData>
        <Data name="町会・自治会名">
          <value>品川八潮5号棟自治会</value>
        </Data>
        <Data name="公式町会名">
          <value>品川八潮5号棟自治会</value>
        </Data>
        <Data name="地域区分">
          <value>八潮地域</value>
        </Data>
        <Data name="住所区域">
          <value>八潮5丁目 1番5号</value>
        </Data>
        <Data name="町会長">
          <value />
        </Data>
        <Data name="代表者">
          <value />
        </Data>
        <Data name="連絡先">
          <value />
        </Data>
        <Data name="電話">
          <value />
        </Data>
        <Data name="メール">
          <value />
        </Data>
        <Data name="町会の紹介">
          <value />
        </Data>
        <Data name="活動実績">
          <value />
        </Data>
        <Data name="ホームページ">
          <value />
        </Data>
        <Data name="SNS">
          <value />
        </Data>
        <Data name="出典">
          <value>https://www2.wagmap.jp/shinagawa/OpenDataDetail?lid=2100&amp;mids=110
https://www.city.shinagawa.tokyo.jp/PC/chiiki/chiiki-tyokai/hpg000011185.html
https://www.shinagawa-choukaijichikai.jp/association/
https://pc.tamemap.net/1310901/activities?utf8=%E2%9C%93&amp;area=&amp;category=%E7%94%BA%E4%BC%9A%E3%83%BB%E8%87%AA%E6%B2%BB%E4%BC%9A&amp;word=
https://www.shinagawa-choukaijichikai.jp/yashioarea/380/</value>
        </Data>
      </ExtendedData>
      <Polygon>
        <tessellate>1</tessellate>
        <altitudeMode>clampToGround</altitudeMode>
        <outerBoundaryIs>
          <LinearRing>
            <coordinates>139.751865,35.603950,0 139.751925,35.603950,0 139.751927,35.603850,0 139.751929,35.603824,0 139.751930,35.603723,0 139.751927,35.603700,0 139.751931,35.603599,0 139.751909,35.603575,0 139.751910,35.603475,0 139.751876,35.603474,0 139.751876,35.603451,0 139.751801,35.603451,0 139.751801,35.603472,0 139.751773,35.603472,0 139.751772,35.603572,0 139.751779,35.603595,0 139.751775,35.603696,0 139.751775,35.603722,0 139.751774,35.603824,0 139.751779,35.603847,0 139.751776,35.603949,0 139.751811,35.603950,0 139.751811,35.603976,0 139.751865,35.603977,0 139.751865,35.603950,0</coordinates>
          </LinearRing>
        </outerBoundaryIs>
      </Polygon>
    </Placemark>
    <Placemark>
      <name>八潮ハイツ自治会</name>
      <description>町会・自治会名: 八潮ハイツ自治会
公式町会名: 八潮ハイツ自治会
地域区分: 八潮地域
住所区域: 八潮5丁目 2番6号
出典: https://www2.wagmap.jp/shinagawa/OpenDataDetail?lid=2100&amp;mids=110
https://www.city.shinagawa.tokyo.jp/PC/chiiki/chiiki-tyokai/hpg000011185.html
https://www.shinagawa-choukaijichikai.jp/association/
https://pc.tamemap.net/1310901/activities?utf8=%E2%9C%93&amp;area=&amp;category=%E7%94%BA%E4%BC%9A%E3%83%BB%E8%87%AA%E6%B2%BB%E4%BC%9A&amp;word=
https://www.shinagawa-choukaijichikai.jp/yashioarea/383/</description>
      <styleUrl>#area-0</styleUrl>
      <ExtendedData>
        <Data name="町会・自治会名">
          <value>八潮ハイツ自治会</value>
        </Data>
        <Data name="公式町会名">
          <value>八潮ハイツ自治会</value>
        </Data>
        <Data name="地域区分">
          <value>八潮地域</value>
        </Data>
        <Data name="住所区域">
          <value>八潮5丁目 2番6号</value>
        </Data>
        <Data name="町会長">
          <value />
        </Data>
        <Data name="代表者">
          <value />
        </Data>
        <Data name="連絡先">
          <value />
        </Data>
        <Data name="電話">
          <value />
        </Data>
        <Data name="メール">
          <value />
        </Data>
        <Data name="町会の紹介">
          <value />
        </Data>
        <Data name="活動実績">
          <value />
        </Data>
        <Data name="ホームページ">
          <value />
        </Data>
        <Data name="SNS">
          <value />
        </Data>
        <Data name="出典">
          <value>https://www2.wagmap.jp/shinagawa/OpenDataDetail?lid=2100&amp;mids=110
https://www.city.shinagawa.tokyo.jp/PC/chiiki/chiiki-tyokai/hpg000011185.html
https://www.shinagawa-choukaijichikai.jp/association/
https://pc.tamemap.net/1310901/activities?utf8=%E2%9C%93&amp;area=&amp;category=%E7%94%BA%E4%BC%9A%E3%83%BB%E8%87%AA%E6%B2%BB%E4%BC%9A&amp;word=
https://www.shinagawa-choukaijichikai.jp/yashioarea/383/</value>
        </Data>
      </ExtendedData>
      <Polygon>
        <tessellate>1</tessellate>
        <altitudeMode>clampToGround</altitudeMode>
        <outerBoundaryIs>
          <LinearRing>
            <coordinates>139.754067,35.604431,0 139.754067,35.604406,0 139.754034,35.604405,0 139.754032,35.603976,0 139.753980,35.603976,0 139.753981,35.603998,0 139.753880,35.603998,0 139.753883,35.604405,0 139.753959,35.604404,0 139.753959,35.604431,0 139.754067,35.604431,0</coordinates>
          </LinearRing>
        </outerBoundaryIs>
      </Polygon>
    </Placemark>
    <Placemark>
      <name>八潮4号棟自治会</name>
      <description>町会・自治会名: 八潮4号棟自治会
公式町会名: 八潮4号棟自治会
地域区分: 八潮地域
住所区域: 八潮5丁目 1番4号
出典: https://www2.wagmap.jp/shinagawa/OpenDataDetail?lid=2100&amp;mids=110
https://www.city.shinagawa.tokyo.jp/PC/chiiki/chiiki-tyokai/hpg000011185.html
https://www.shinagawa-choukaijichikai.jp/association/
https://pc.tamemap.net/1310901/activities?utf8=%E2%9C%93&amp;area=&amp;category=%E7%94%BA%E4%BC%9A%E3%83%BB%E8%87%AA%E6%B2%BB%E4%BC%9A&amp;word=
https://www.shinagawa-choukaijichikai.jp/yashioarea/379/</description>
      <styleUrl>#area-0</styleUrl>
      <ExtendedData>
        <Data name="町会・自治会名">
          <value>八潮4号棟自治会</value>
        </Data>
        <Data name="公式町会名">
          <value>八潮4号棟自治会</value>
        </Data>
        <Data name="地域区分">
          <value>八潮地域</value>
        </Data>
        <Data name="住所区域">
          <value>八潮5丁目 1番4号</value>
        </Data>
        <Data name="町会長">
          <value />
        </Data>
        <Data name="代表者">
          <value />
        </Data>
        <Data name="連絡先">
          <value />
        </Data>
        <Data name="電話">
          <value />
        </Data>
        <Data name="メール">
          <value />
        </Data>
        <Data name="町会の紹介">
          <value />
        </Data>
        <Data name="活動実績">
          <value />
        </Data>
        <Data name="ホームページ">
          <value />
        </Data>
        <Data name="SNS">
          <value />
        </Data>
        <Data name="出典">
          <value>https://www2.wagmap.jp/shinagawa/OpenDataDetail?lid=2100&amp;mids=110
https://www.city.shinagawa.tokyo.jp/PC/chiiki/chiiki-tyokai/hpg000011185.html
https://www.shinagawa-choukaijichikai.jp/association/
https://pc.tamemap.net/1310901/activities?utf8=%E2%9C%93&amp;area=&amp;category=%E7%94%BA%E4%BC%9A%E3%83%BB%E8%87%AA%E6%B2%BB%E4%BC%9A&amp;word=
https://www.shinagawa-choukaijichikai.jp/yashioarea/379/</value>
        </Data>
      </ExtendedData>
      <Polygon>
        <tessellate>1</tessellate>
        <altitudeMode>clampToGround</altitudeMode>
        <outerBoundaryIs>
          <LinearRing>
            <coordinates>139.752353,35.604271,0 139.752467,35.604271,0 139.752467,35.604331,0 139.752602,35.604331,0 139.752602,35.604260,0 139.752657,35.604259,0 139.752657,35.604207,0 139.752606,35.604207,0 139.752606,35.603919,0 139.752669,35.603919,0 139.752669,35.603859,0 139.752604,35.603859,0 139.752604,35.603852,0 139.752500,35.603852,0 139.752499,35.603594,0 139.752440,35.603594,0 139.752440,35.603574,0 139.752364,35.603574,0 139.752365,35.603855,0 139.752218,35.603855,0 139.752219,35.604273,0 139.752333,35.604274,0 139.752333,35.604297,0 139.752217,35.604297,0 139.752218,35.604539,0 139.752275,35.604540,0 139.752275,35.604557,0 139.752353,35.604558,0 139.752353,35.604271,0</coordinates>
          </LinearRing>
        </outerBoundaryIs>
      </Polygon>
    </Placemark>
    <Placemark>
      <name>八潮団地都営3号棟自治会</name>
      <description>町会・自治会名: 八潮団地都営3号棟自治会
公式町会名: 八潮団地都営3号棟自治会
地域区分: 八潮地域
住所区域: 八潮5丁目 1番3号
出典: https://www2.wagmap.jp/shinagawa/OpenDataDetail?lid=2100&amp;mids=110
https://www.city.shinagawa.tokyo.jp/PC/chiiki/chiiki-tyokai/hpg000011185.html
https://www.shinagawa-choukaijichikai.jp/association/
https://pc.tamemap.net/1310901/activities?utf8=%E2%9C%93&amp;area=&amp;category=%E7%94%BA%E4%BC%9A%E3%83%BB%E8%87%AA%E6%B2%BB%E4%BC%9A&amp;word=
https://www.shinagawa-choukaijichikai.jp/yashioarea/376/</description>
      <styleUrl>#area-0</styleUrl>
      <ExtendedData>
        <Data name="町会・自治会名">
          <value>八潮団地都営3号棟自治会</value>
        </Data>
        <Data name="公式町会名">
          <value>八潮団地都営3号棟自治会</value>
        </Data>
        <Data name="地域区分">
          <value>八潮地域</value>
        </Data>
        <Data name="住所区域">
          <value>八潮5丁目 1番3号</value>
        </Data>
        <Data name="町会長">
          <value />
        </Data>
        <Data name="代表者">
          <value />
        </Data>
        <Data name="連絡先">
          <value />
        </Data>
        <Data name="電話">
          <value />
        </Data>
        <Data name="メール">
          <value />
        </Data>
        <Data name="町会の紹介">
          <value />
        </Data>
        <Data name="活動実績">
          <value />
        </Data>
        <Data name="ホームページ">
          <value />
        </Data>
        <Data name="SNS">
          <value />
        </Data>
        <Data name="出典">
          <value>https://www2.wagmap.jp/shinagawa/OpenDataDetail?lid=2100&amp;mids=110
https://www.city.shinagawa.tokyo.jp/PC/chiiki/chiiki-tyokai/hpg000011185.html
https://www.shinagawa-choukaijichikai.jp/association/
https://pc.tamemap.net/1310901/activities?utf8=%E2%9C%93&amp;area=&amp;category=%E7%94%BA%E4%BC%9A%E3%83%BB%E8%87%AA%E6%B2%BB%E4%BC%9A&amp;word=
https://www.shinagawa-choukaijichikai.jp/yashioarea/376/</value>
        </Data>
      </ExtendedData>
      <Polygon>
        <tessellate>1</tessellate>
        <altitudeMode>clampToGround</altitudeMode>
        <outerBoundaryIs>
          <LinearRing>
            <coordinates>139.753451,35.604815,0 139.753451,35.604773,0 139.753489,35.604772,0 139.753488,35.604688,0 139.753451,35.604688,0 139.753451,35.604639,0 139.752875,35.604641,0 139.752833,35.604640,0 139.752833,35.604609,0 139.752553,35.604607,0 139.752552,35.604644,0 139.752514,35.604644,0 139.752514,35.604688,0 139.752530,35.604688,0 139.752530,35.604719,0 139.752542,35.604719,0 139.752542,35.604733,0 139.752860,35.604735,0 139.752860,35.604770,0 139.752879,35.604770,0 139.752879,35.604791,0 139.753384,35.604790,0 139.753385,35.604815,0 139.753451,35.604815,0</coordinates>
          </LinearRing>
        </outerBoundaryIs>
      </Polygon>
    </Placemark>
    <Placemark>
      <name>大井元芝町会</name>
      <description>町会・自治会名: 大井元芝町会
公式町会名: 大井元芝町会
地域区分: 大井第一地域
住所区域: 東大井2丁目 1番～3番 / 東大井2丁目 10番～12番 / 東大井3丁目 1番～16番
町会の紹介: 大井元芝町会は、大半が住宅街で、何軒かの町工場と商店があります。当町会では防災訓練、交通安全などの運動に力を入れ、安全で住み良い町作りに力を入れています。町会役員も高齢化が進んでおりますので、若い方のご参加をお待ちしています。
出典: https://www2.wagmap.jp/shinagawa/OpenDataDetail?lid=2100&amp;mids=110
https://www.city.shinagawa.tokyo.jp/PC/chiiki/chiiki-tyokai/hpg000011177.html
https://www.shinagawa-choukaijichikai.jp/association/
https://pc.tamemap.net/1310901/activities?utf8=%E2%9C%93&amp;area=&amp;category=%E7%94%BA%E4%BC%9A%E3%83%BB%E8%87%AA%E6%B2%BB%E4%BC%9A&amp;word=
https://www.shinagawa-choukaijichikai.jp/oiarea/455/</description>
      <styleUrl>#area-0</styleUrl>
      <ExtendedData>
        <Data name="町会・自治会名">
          <value>大井元芝町会</value>
        </Data>
        <Data name="公式町会名">
          <value>大井元芝町会</value>
        </Data>
        <Data name="地域区分">
          <value>大井第一地域</value>
        </Data>
        <Data name="住所区域">
          <value>東大井2丁目 1番～3番 / 東大井2丁目 10番～12番 / 東大井3丁目 1番～16番</value>
        </Data>
        <Data name="町会長">
          <value />
        </Data>
        <Data name="代表者">
          <value />
        </Data>
        <Data name="連絡先">
          <value />
        </Data>
        <Data name="電話">
          <value />
        </Data>
        <Data name="メール">
          <value />
        </Data>
        <Data name="町会の紹介">
          <value>大井元芝町会は、大半が住宅街で、何軒かの町工場と商店があります。当町会では防災訓練、交通安全などの運動に力を入れ、安全で住み良い町作りに力を入れています。町会役員も高齢化が進んでおりますので、若い方のご参加をお待ちしています。</value>
        </Data>
        <Data name="活動実績">
          <value />
        </Data>
        <Data name="ホームページ">
          <value />
        </Data>
        <Data name="SNS">
          <value />
        </Data>
        <Data name="出典">
          <value>https://www2.wagmap.jp/shinagawa/OpenDataDetail?lid=2100&amp;mids=110
https://www.city.shinagawa.tokyo.jp/PC/chiiki/chiiki-tyokai/hpg000011177.html
https://www.shinagawa-choukaijichikai.jp/association/
https://pc.tamemap.net/1310901/activities?utf8=%E2%9C%93&amp;area=&amp;category=%E7%94%BA%E4%BC%9A%E3%83%BB%E8%87%AA%E6%B2%BB%E4%BC%9A&amp;word=
https://www.shinagawa-choukaijichikai.jp/oiarea/455/</value>
        </Data>
      </ExtendedData>
      <Polygon>
        <tessellate>1</tessellate>
        <altitudeMode>clampToGround</altitudeMode>
        <outerBoundaryIs>
          <LinearRing>
            <coordinates>139.738396,35.604802,0 139.738858,35.604533,0 139.739138,35.604395,0 139.739666,35.604143,0 139.740225,35.603870,0 139.740329,35.603807,0 139.740706,35.603576,0 139.741045,35.603352,0 139.741272,35.603231,0 139.741332,35.603205,0 139.741412,35.603181,0 139.741480,35.603164,0 139.741581,35.603148,0 139.741712,35.603136,0 139.741802,35.603132,0 139.741535,35.602628,0 139.741490,35.602547,0 139.741299,35.602233,0 139.741255,35.602152,0 139.741182,35.601957,0 139.740903,35.601552,0 139.740848,35.601477,0 139.740823,35.601416,0 139.740812,35.601357,0 139.740795,35.601077,0 139.740780,35.601014,0 139.740763,35.600981,0 139.740254,35.600965,0 139.740164,35.600992,0 139.740080,35.601071,0 139.739711,35.601327,0 139.739666,35.601360,0 139.739580,35.601395,0 139.739487,35.601422,0 139.739234,35.600884,0 139.739200,35.600809,0 139.739097,35.600851,0 139.738649,35.601059,0 139.738411,35.600857,0 139.737816,35.601124,0 139.737464,35.601296,0 139.737036,35.601510,0 139.736566,35.601671,0 139.736588,35.601732,0 139.736707,35.602131,0 139.736777,35.602460,0 139.736836,35.602817,0 139.736863,35.603191,0 139.736884,35.603516,0 139.736899,35.603666,0 139.736919,35.603790,0 139.736951,35.603915,0 139.736976,35.603963,0 139.737029,35.604050,0 139.737446,35.604573,0 139.737689,35.604877,0 139.737805,35.605010,0 139.737846,35.605054,0 139.738396,35.604802,0</coordinates>
          </LinearRing>
        </outerBoundaryIs>
      </Polygon>
    </Placemark>
    <Placemark>
      <name>品川八潮2号棟自治会</name>
      <description>町会・自治会名: 品川八潮2号棟自治会
公式町会名: 品川八潮2号棟自治会
地域区分: 八潮地域
住所区域: 八潮5丁目 1番2号
出典: https://www2.wagmap.jp/shinagawa/OpenDataDetail?lid=2100&amp;mids=110
https://www.city.shinagawa.tokyo.jp/PC/chiiki/chiiki-tyokai/hpg000011185.html
https://www.shinagawa-choukaijichikai.jp/association/
https://pc.tamemap.net/1310901/activities?utf8=%E2%9C%93&amp;area=&amp;category=%E7%94%BA%E4%BC%9A%E3%83%BB%E8%87%AA%E6%B2%BB%E4%BC%9A&amp;word=
https://www.shinagawa-choukaijichikai.jp/yashioarea/374/</description>
      <styleUrl>#area-0</styleUrl>
      <ExtendedData>
        <Data name="町会・自治会名">
          <value>品川八潮2号棟自治会</value>
        </Data>
        <Data name="公式町会名">
          <value>品川八潮2号棟自治会</value>
        </Data>
        <Data name="地域区分">
          <value>八潮地域</value>
        </Data>
        <Data name="住所区域">
          <value>八潮5丁目 1番2号</value>
        </Data>
        <Data name="町会長">
          <value />
        </Data>
        <Data name="代表者">
          <value />
        </Data>
        <Data name="連絡先">
          <value />
        </Data>
        <Data name="電話">
          <value />
        </Data>
        <Data name="メール">
          <value />
        </Data>
        <Data name="町会の紹介">
          <value />
        </Data>
        <Data name="活動実績">
          <value />
        </Data>
        <Data name="ホームページ">
          <value />
        </Data>
        <Data name="SNS">
          <value />
        </Data>
        <Data name="出典">
          <value>https://www2.wagmap.jp/shinagawa/OpenDataDetail?lid=2100&amp;mids=110
https://www.city.shinagawa.tokyo.jp/PC/chiiki/chiiki-tyokai/hpg000011185.html
https://www.shinagawa-choukaijichikai.jp/association/
https://pc.tamemap.net/1310901/activities?utf8=%E2%9C%93&amp;area=&amp;category=%E7%94%BA%E4%BC%9A%E3%83%BB%E8%87%AA%E6%B2%BB%E4%BC%9A&amp;word=
https://www.shinagawa-choukaijichikai.jp/yashioarea/374/</value>
        </Data>
      </ExtendedData>
      <Polygon>
        <tessellate>1</tessellate>
        <altitudeMode>clampToGround</altitudeMode>
        <outerBoundaryIs>
          <LinearRing>
            <coordinates>139.753995,35.604963,0 139.754045,35.604963,0 139.754045,35.604902,0 139.754009,35.604902,0 139.754010,35.604551,0 139.753901,35.604551,0 139.753899,35.605085,0 139.753995,35.605085,0 139.753995,35.604963,0</coordinates>
          </LinearRing>
        </outerBoundaryIs>
      </Polygon>
    </Placemark>
    <Placemark>
      <name>八潮1号棟自治会</name>
      <description>町会・自治会名: 八潮1号棟自治会
公式町会名: 八潮１号棟自治会
地域区分: 八潮地域
住所区域: 八潮5丁目 1番1号
町会長: 上釜 敏治
連絡先: 080－5733－9260
町会の紹介: 八潮１号棟自治会は77世帯が入居できる集合住宅の自治会です。親睦活動として集会所を使用したサロンや趣味を通じたサークル活動・健康体操などを実施、住まい周辺の美化推進として、大掃除・植栽など活発に活動しています。また、安全安心な住環境を求めて、防災・防犯活動も活発に行われています。
出典: https://www2.wagmap.jp/shinagawa/OpenDataDetail?lid=2100&amp;mids=110
https://www.city.shinagawa.tokyo.jp/PC/chiiki/chiiki-tyokai/hpg000011185.html
https://www.shinagawa-choukaijichikai.jp/association/
https://pc.tamemap.net/1310901/activities?utf8=%E2%9C%93&amp;area=&amp;category=%E7%94%BA%E4%BC%9A%E3%83%BB%E8%87%AA%E6%B2%BB%E4%BC%9A&amp;word=
https://www.shinagawa-choukaijichikai.jp/yashioarea/427/</description>
      <styleUrl>#area-0</styleUrl>
      <ExtendedData>
        <Data name="町会・自治会名">
          <value>八潮1号棟自治会</value>
        </Data>
        <Data name="公式町会名">
          <value>八潮１号棟自治会</value>
        </Data>
        <Data name="地域区分">
          <value>八潮地域</value>
        </Data>
        <Data name="住所区域">
          <value>八潮5丁目 1番1号</value>
        </Data>
        <Data name="町会長">
          <value>上釜 敏治</value>
        </Data>
        <Data name="代表者">
          <value />
        </Data>
        <Data name="連絡先">
          <value>080－5733－9260</value>
        </Data>
        <Data name="電話">
          <value />
        </Data>
        <Data name="メール">
          <value />
        </Data>
        <Data name="町会の紹介">
          <value>八潮１号棟自治会は77世帯が入居できる集合住宅の自治会です。親睦活動として集会所を使用したサロンや趣味を通じたサークル活動・健康体操などを実施、住まい周辺の美化推進として、大掃除・植栽など活発に活動しています。また、安全安心な住環境を求めて、防災・防犯活動も活発に行われています。</value>
        </Data>
        <Data name="活動実績">
          <value />
        </Data>
        <Data name="ホームページ">
          <value />
        </Data>
        <Data name="SNS">
          <value />
        </Data>
        <Data name="出典">
          <value>https://www2.wagmap.jp/shinagawa/OpenDataDetail?lid=2100&amp;mids=110
https://www.city.shinagawa.tokyo.jp/PC/chiiki/chiiki-tyokai/hpg000011185.html
https://www.shinagawa-choukaijichikai.jp/association/
https://pc.tamemap.net/1310901/activities?utf8=%E2%9C%93&amp;area=&amp;category=%E7%94%BA%E4%BC%9A%E3%83%BB%E8%87%AA%E6%B2%BB%E4%BC%9A&amp;word=
https://www.shinagawa-choukaijichikai.jp/yashioarea/427/</value>
        </Data>
      </ExtendedData>
      <Polygon>
        <tessellate>1</tessellate>
        <altitudeMode>clampToGround</altitudeMode>
        <outerBoundaryIs>
          <LinearRing>
            <coordinates>139.753764,35.605113,0 139.753764,35.605045,0 139.753742,35.605046,0 139.753742,35.605006,0 139.753232,35.605007,0 139.753207,35.605007,0 139.753207,35.604981,0 139.752836,35.604983,0 139.752836,35.605024,0 139.752815,35.605024,0 139.752815,35.605093,0 139.753207,35.605092,0 139.753232,35.605092,0 139.753232,35.605115,0 139.753764,35.605113,0</coordinates>
          </LinearRing>
        </outerBoundaryIs>
      </Polygon>
    </Placemark>
    <Placemark>
      <name>鮫洲仲町会</name>
      <description>町会・自治会名: 鮫洲仲町会
公式町会名: 鮫洲仲町会
地域区分: 大井第一地域
住所区域: 東大井1丁目 16番～25番
町会の紹介: 我が愛すべき街は、勝島運河と第一京浜国道に挟まれた小さな町会です。その中心は、笑ったような顔の小さな狛犬がいる鮫洲八幡神社。近年はマンションが増え、昔ながらの街並みは失われつつありますが、曲がりくねった横丁には、各家の個性の花々が心を癒してくれます。
出典: https://www2.wagmap.jp/shinagawa/OpenDataDetail?lid=2100&amp;mids=110
https://www.city.shinagawa.tokyo.jp/PC/chiiki/chiiki-tyokai/hpg000011177.html
https://www.shinagawa-choukaijichikai.jp/association/
https://pc.tamemap.net/1310901/activities?utf8=%E2%9C%93&amp;area=&amp;category=%E7%94%BA%E4%BC%9A%E3%83%BB%E8%87%AA%E6%B2%BB%E4%BC%9A&amp;word=
https://www.shinagawa-choukaijichikai.jp/oiarea/442/</description>
      <styleUrl>#area-1</styleUrl>
      <ExtendedData>
        <Data name="町会・自治会名">
          <value>鮫洲仲町会</value>
        </Data>
        <Data name="公式町会名">
          <value>鮫洲仲町会</value>
        </Data>
        <Data name="地域区分">
          <value>大井第一地域</value>
        </Data>
        <Data name="住所区域">
          <value>東大井1丁目 16番～25番</value>
        </Data>
        <Data name="町会長">
          <value />
        </Data>
        <Data name="代表者">
          <value />
        </Data>
        <Data name="連絡先">
          <value />
        </Data>
        <Data name="電話">
          <value />
        </Data>
        <Data name="メール">
          <value />
        </Data>
        <Data name="町会の紹介">
          <value>我が愛すべき街は、勝島運河と第一京浜国道に挟まれた小さな町会です。その中心は、笑ったような顔の小さな狛犬がいる鮫洲八幡神社。近年はマンションが増え、昔ながらの街並みは失われつつありますが、曲がりくねった横丁には、各家の個性の花々が心を癒してくれます。</value>
        </Data>
        <Data name="活動実績">
          <value />
        </Data>
        <Data name="ホームページ">
          <value />
        </Data>
        <Data name="SNS">
          <value />
        </Data>
        <Data name="出典">
          <value>https://www2.wagmap.jp/shinagawa/OpenDataDetail?lid=2100&amp;mids=110
https://www.city.shinagawa.tokyo.jp/PC/chiiki/chiiki-tyokai/hpg000011177.html
https://www.shinagawa-choukaijichikai.jp/association/
https://pc.tamemap.net/1310901/activities?utf8=%E2%9C%93&amp;area=&amp;category=%E7%94%BA%E4%BC%9A%E3%83%BB%E8%87%AA%E6%B2%BB%E4%BC%9A&amp;word=
https://www.shinagawa-choukaijichikai.jp/oiarea/442/</value>
        </Data>
      </ExtendedData>
      <Polygon>
        <tessellate>1</tessellate>
        <altitudeMode>clampToGround</altitudeMode>
        <outerBoundaryIs>
          <LinearRing>
            <coordinates>139.742352,35.604959,0 139.743029,35.604738,0 139.743109,35.604729,0 139.743400,35.604639,0 139.743343,35.604517,0 139.743574,35.604435,0 139.743604,35.604422,0 139.743999,35.604294,0 139.744056,35.604409,0 139.744631,35.604211,0 139.743616,35.602634,0 139.743527,35.602498,0 139.742671,35.602806,0 139.742298,35.602937,0 139.741830,35.603125,0 139.741802,35.603132,0 139.741712,35.603136,0 139.741581,35.603148,0 139.741480,35.603164,0 139.741412,35.603181,0 139.741332,35.603205,0 139.741272,35.603231,0 139.741045,35.603352,0 139.740706,35.603576,0 139.740783,35.603656,0 139.741007,35.603920,0 139.741048,35.603969,0 139.741560,35.604567,0 139.741800,35.604848,0 139.742019,35.605108,0 139.742352,35.604959,0</coordinates>
          </LinearRing>
        </outerBoundaryIs>
      </Polygon>
    </Placemark>
    <Placemark>
      <name>大井関ヶ原町会</name>
      <description>町会・自治会名: 大井関ヶ原町会
公式町会名: 大井関ヶ原町会
地域区分: 大井第一地域
住所区域: 東大井3丁目 20番（1号～3号、27号～32号）、21番（1号～4号の一部、25号～28号）、22番（1号～3号） / 東大井5丁目 21番（5号～9号） / 東大井6丁目 1番～4番、5番（6号、10号の一部～21号）、6番～16番
町会の紹介: 肩の凝らない町会作り。日頃地味に活動する町会役員のなり手が無いのに危機感を感じた町会は、回覧板でその現状を訴えた処、幾多の人達の参加を頂き感激。今後はこの人達も中心に今までよりも尚動ける町会を目指していきます
出典: https://www2.wagmap.jp/shinagawa/OpenDataDetail?lid=2100&amp;mids=110
https://www.city.shinagawa.tokyo.jp/PC/chiiki/chiiki-tyokai/hpg000011177.html
https://www.shinagawa-choukaijichikai.jp/association/
https://pc.tamemap.net/1310901/activities?utf8=%E2%9C%93&amp;area=&amp;category=%E7%94%BA%E4%BC%9A%E3%83%BB%E8%87%AA%E6%B2%BB%E4%BC%9A&amp;word=
https://www.shinagawa-choukaijichikai.jp/oiarea/454/</description>
      <styleUrl>#area-2</styleUrl>
      <ExtendedData>
        <Data name="町会・自治会名">
          <value>大井関ヶ原町会</value>
        </Data>
        <Data name="公式町会名">
          <value>大井関ヶ原町会</value>
        </Data>
        <Data name="地域区分">
          <value>大井第一地域</value>
        </Data>
        <Data name="住所区域">
          <value>東大井3丁目 20番（1号～3号、27号～32号）、21番（1号～4号の一部、25号～28号）、22番（1号～3号） / 東大井5丁目 21番（5号～9号） / 東大井6丁目 1番～4番、5番（6号、10号の一部～21号）、6番～16番</value>
        </Data>
        <Data name="町会長">
          <value />
        </Data>
        <Data name="代表者">
          <value />
        </Data>
        <Data name="連絡先">
          <value />
        </Data>
        <Data name="電話">
          <value />
        </Data>
        <Data name="メール">
          <value />
        </Data>
        <Data name="町会の紹介">
          <value>肩の凝らない町会作り。日頃地味に活動する町会役員のなり手が無いのに危機感を感じた町会は、回覧板でその現状を訴えた処、幾多の人達の参加を頂き感激。今後はこの人達も中心に今までよりも尚動ける町会を目指していきます</value>
        </Data>
        <Data name="活動実績">
          <value />
        </Data>
        <Data name="ホームページ">
          <value />
        </Data>
        <Data name="SNS">
          <value />
        </Data>
        <Data name="出典">
          <value>https://www2.wagmap.jp/shinagawa/OpenDataDetail?lid=2100&amp;mids=110
https://www.city.shinagawa.tokyo.jp/PC/chiiki/chiiki-tyokai/hpg000011177.html
https://www.shinagawa-choukaijichikai.jp/association/
https://pc.tamemap.net/1310901/activities?utf8=%E2%9C%93&amp;area=&amp;category=%E7%94%BA%E4%BC%9A%E3%83%BB%E8%87%AA%E6%B2%BB%E4%BC%9A&amp;word=
https://www.shinagawa-choukaijichikai.jp/oiarea/454/</value>
        </Data>
      </ExtendedData>
      <Polygon>
        <tessellate>1</tessellate>
        <altitudeMode>clampToGround</altitudeMode>
        <outerBoundaryIs>
          <LinearRing>
            <coordinates>139.735384,35.605473,0 139.735681,35.605252,0 139.735543,35.605091,0 139.735628,35.604618,0 139.735780,35.604658,0 139.735990,35.604574,0 139.736069,35.604486,0 139.736161,35.604328,0 139.736277,35.604334,0 139.736353,35.604307,0 139.736458,35.604185,0 139.736467,35.604175,0 139.736481,35.604168,0 139.736538,35.604151,0 139.736988,35.604065,0 139.737029,35.604050,0 139.736976,35.603963,0 139.736951,35.603915,0 139.736919,35.603790,0 139.736899,35.603666,0 139.736884,35.603516,0 139.736863,35.603191,0 139.736836,35.602817,0 139.736777,35.602460,0 139.736707,35.602131,0 139.736588,35.601732,0 139.736566,35.601671,0 139.737036,35.601510,0 139.736892,35.601327,0 139.736770,35.601393,0 139.736618,35.601457,0 139.736604,35.601212,0 139.736641,35.601213,0 139.736680,35.601212,0 139.736735,35.601150,0 139.736799,35.601063,0 139.736832,35.601014,0 139.736897,35.600901,0 139.736797,35.600853,0 139.736831,35.600766,0 139.736687,35.600660,0 139.736638,35.600710,0 139.736518,35.600809,0 139.736426,35.600706,0 139.736542,35.600652,0 139.736635,35.600595,0 139.736616,35.600582,0 139.736361,35.600398,0 139.736435,35.600332,0 139.736636,35.600171,0 139.736622,35.600155,0 139.736598,35.600146,0 139.736563,35.600150,0 139.736528,35.600150,0 139.736260,35.600020,0 139.736253,35.599955,0 139.736269,35.599904,0 139.736320,35.599851,0 139.736000,35.599574,0 139.735961,35.599560,0 139.735920,35.599711,0 139.735901,35.599751,0 139.735872,35.599785,0 139.735834,35.599816,0 139.735634,35.599922,0 139.735536,35.599957,0 139.735440,35.599991,0 139.735318,35.600049,0 139.735246,35.600098,0 139.735163,35.600167,0 139.735099,35.600240,0 139.735056,35.600306,0 139.735033,35.600357,0 139.734994,35.600482,0 139.734946,35.600723,0 139.734946,35.600790,0 139.734972,35.600883,0 139.734744,35.600929,0 139.734474,35.600977,0 139.734378,35.600989,0 139.734414,35.601291,0 139.734497,35.601947,0 139.734582,35.602624,0 139.734780,35.604137,0 139.734865,35.604825,0 139.734878,35.604912,0 139.734969,35.605554,0 139.735384,35.605473,0</coordinates>
          </LinearRing>
        </outerBoundaryIs>
      </Polygon>
    </Placemark>
    <Placemark>
      <name>鮫洲北町会</name>
      <description>町会・自治会名: 鮫洲北町会
公式町会名: 鮫洲北町会
地域区分: 大井第一地域
住所区域: 東大井1丁目 1番～3番 / 東大井1丁目 4番（1号～5号、18号～29号） / 東大井1丁目 15番（1号～13号、15号～21号）
連絡先: 03-3472-0397
町会の紹介: 我が街鮫洲北町会、ただいま新加入町会員募集中。是非この機会に町会員になりませんか！ 北町会員の方々は貴方様の入会をお待ちしております。皆様親切で人思いで毎日が明るく楽しく笑い声が聞こえてくる街、北町会にご連絡ください。みんなで手と手を取り合ってこの北町会を育てていきましょう。
出典: https://www2.wagmap.jp/shinagawa/OpenDataDetail?lid=2100&amp;mids=110
https://www.city.shinagawa.tokyo.jp/PC/chiiki/chiiki-tyokai/hpg000011177.html
https://www.shinagawa-choukaijichikai.jp/association/
https://pc.tamemap.net/1310901/activities?utf8=%E2%9C%93&amp;area=&amp;category=%E7%94%BA%E4%BC%9A%E3%83%BB%E8%87%AA%E6%B2%BB%E4%BC%9A&amp;word=
https://www.shinagawa-choukaijichikai.jp/oiarea/440/</description>
      <styleUrl>#area-0</styleUrl>
      <ExtendedData>
        <Data name="町会・自治会名">
          <value>鮫洲北町会</value>
        </Data>
        <Data name="公式町会名">
          <value>鮫洲北町会</value>
        </Data>
        <Data name="地域区分">
          <value>大井第一地域</value>
        </Data>
        <Data name="住所区域">
          <value>東大井1丁目 1番～3番 / 東大井1丁目 4番（1号～5号、18号～29号） / 東大井1丁目 15番（1号～13号、15号～21号）</value>
        </Data>
        <Data name="町会長">
          <value />
        </Data>
        <Data name="代表者">
          <value />
        </Data>
        <Data name="連絡先">
          <value>03-3472-0397</value>
        </Data>
        <Data name="電話">
          <value />
        </Data>
        <Data name="メール">
          <value />
        </Data>
        <Data name="町会の紹介">
          <value>我が街鮫洲北町会、ただいま新加入町会員募集中。是非この機会に町会員になりませんか！ 北町会員の方々は貴方様の入会をお待ちしております。皆様親切で人思いで毎日が明るく楽しく笑い声が聞こえてくる街、北町会にご連絡ください。みんなで手と手を取り合ってこの北町会を育てていきましょう。</value>
        </Data>
        <Data name="活動実績">
          <value />
        </Data>
        <Data name="ホームページ">
          <value />
        </Data>
        <Data name="SNS">
          <value />
        </Data>
        <Data name="出典">
          <value>https://www2.wagmap.jp/shinagawa/OpenDataDetail?lid=2100&amp;mids=110
https://www.city.shinagawa.tokyo.jp/PC/chiiki/chiiki-tyokai/hpg000011177.html
https://www.shinagawa-choukaijichikai.jp/association/
https://pc.tamemap.net/1310901/activities?utf8=%E2%9C%93&amp;area=&amp;category=%E7%94%BA%E4%BC%9A%E3%83%BB%E8%87%AA%E6%B2%BB%E4%BC%9A&amp;word=
https://www.shinagawa-choukaijichikai.jp/oiarea/440/</value>
        </Data>
      </ExtendedData>
      <Polygon>
        <tessellate>1</tessellate>
        <altitudeMode>clampToGround</altitudeMode>
        <outerBoundaryIs>
          <LinearRing>
            <coordinates>139.744188,35.606753,0 139.744399,35.606744,0 139.744536,35.606734,0 139.744816,35.606709,0 139.745033,35.606685,0 139.745037,35.606685,0 139.745096,35.606679,0 139.744926,35.604967,0 139.744910,35.604863,0 139.744317,35.604935,0 139.744209,35.604737,0 139.744529,35.604624,0 139.744797,35.604519,0 139.744631,35.604211,0 139.744056,35.604409,0 139.743999,35.604294,0 139.743604,35.604422,0 139.743574,35.604435,0 139.743343,35.604517,0 139.743400,35.604639,0 139.743109,35.604729,0 139.743029,35.604738,0 139.742352,35.604959,0 139.742019,35.605108,0 139.742367,35.605519,0 139.742839,35.606076,0 139.743005,35.606280,0 139.743078,35.606397,0 139.743117,35.606495,0 139.743137,35.606569,0 139.743150,35.606668,0 139.743153,35.606741,0 139.743335,35.606753,0 139.743946,35.606756,0 139.744188,35.606753,0</coordinates>
          </LinearRing>
        </outerBoundaryIs>
      </Polygon>
    </Placemark>
    <Placemark>
      <name>東大井林町会</name>
      <description>町会・自治会名: 東大井林町会
公式町会名: 東大井林町会
地域区分: 大井第一地域
住所区域: 東大井4丁目 2番～9番
町会の紹介: 京急鮫洲駅から西側、第一京浜から小高い丘が東大井林町会です。緑の多い環境の良い地域です。大人も子供も楽しめる町会行事がいろいろあります。マンションの方々の一人でも多く参加される事を役員一同お待ちしております。
出典: https://www2.wagmap.jp/shinagawa/OpenDataDetail?lid=2100&amp;mids=110
https://www.city.shinagawa.tokyo.jp/PC/chiiki/chiiki-tyokai/hpg000011177.html
https://www.shinagawa-choukaijichikai.jp/association/
https://pc.tamemap.net/1310901/activities?utf8=%E2%9C%93&amp;area=&amp;category=%E7%94%BA%E4%BC%9A%E3%83%BB%E8%87%AA%E6%B2%BB%E4%BC%9A&amp;word=
https://www.shinagawa-choukaijichikai.jp/oiarea/458/</description>
      <styleUrl>#area-2</styleUrl>
      <ExtendedData>
        <Data name="町会・自治会名">
          <value>東大井林町会</value>
        </Data>
        <Data name="公式町会名">
          <value>東大井林町会</value>
        </Data>
        <Data name="地域区分">
          <value>大井第一地域</value>
        </Data>
        <Data name="住所区域">
          <value>東大井4丁目 2番～9番</value>
        </Data>
        <Data name="町会長">
          <value />
        </Data>
        <Data name="代表者">
          <value />
        </Data>
        <Data name="連絡先">
          <value />
        </Data>
        <Data name="電話">
          <value />
        </Data>
        <Data name="メール">
          <value />
        </Data>
        <Data name="町会の紹介">
          <value>京急鮫洲駅から西側、第一京浜から小高い丘が東大井林町会です。緑の多い環境の良い地域です。大人も子供も楽しめる町会行事がいろいろあります。マンションの方々の一人でも多く参加される事を役員一同お待ちしております。</value>
        </Data>
        <Data name="活動実績">
          <value />
        </Data>
        <Data name="ホームページ">
          <value />
        </Data>
        <Data name="SNS">
          <value />
        </Data>
        <Data name="出典">
          <value>https://www2.wagmap.jp/shinagawa/OpenDataDetail?lid=2100&amp;mids=110
https://www.city.shinagawa.tokyo.jp/PC/chiiki/chiiki-tyokai/hpg000011177.html
https://www.shinagawa-choukaijichikai.jp/association/
https://pc.tamemap.net/1310901/activities?utf8=%E2%9C%93&amp;area=&amp;category=%E7%94%BA%E4%BC%9A%E3%83%BB%E8%87%AA%E6%B2%BB%E4%BC%9A&amp;word=
https://www.shinagawa-choukaijichikai.jp/oiarea/458/</value>
        </Data>
      </ExtendedData>
      <Polygon>
        <tessellate>1</tessellate>
        <altitudeMode>clampToGround</altitudeMode>
        <outerBoundaryIs>
          <LinearRing>
            <coordinates>139.740967,35.606871,0 139.741128,35.606824,0 139.741306,35.606792,0 139.741798,35.606734,0 139.741894,35.606725,0 139.742125,35.606722,0 139.742553,35.606719,0 139.742672,35.606719,0 139.742784,35.606725,0 139.743058,35.606737,0 139.743153,35.606741,0 139.743150,35.606668,0 139.743137,35.606569,0 139.743117,35.606495,0 139.743078,35.606397,0 139.743005,35.606280,0 139.742839,35.606076,0 139.742367,35.605519,0 139.742019,35.605108,0 139.741800,35.604848,0 139.741560,35.604567,0 139.741048,35.603969,0 139.741007,35.603920,0 139.740783,35.603656,0 139.740706,35.603576,0 139.740329,35.603807,0 139.740396,35.603887,0 139.740440,35.603871,0 139.740658,35.604124,0 139.741048,35.604579,0 139.740517,35.604813,0 139.740042,35.605043,0 139.740101,35.605125,0 139.740086,35.605310,0 139.740120,35.605609,0 139.740187,35.605923,0 139.740376,35.606255,0 139.740308,35.606584,0 139.740541,35.606977,0 139.740577,35.607015,0 139.740967,35.606871,0</coordinates>
          </LinearRing>
        </outerBoundaryIs>
      </Polygon>
    </Placemark>
    <Placemark>
      <name>東大井月見台町会</name>
      <description>町会・自治会名: 東大井月見台町会
公式町会名: 東大井月見台町会
地域区分: 大井第一地域
住所区域: 東大井4丁目 1番 / 東大井4丁目 10番～15番
出典: https://www2.wagmap.jp/shinagawa/OpenDataDetail?lid=2100&amp;mids=110
https://www.city.shinagawa.tokyo.jp/PC/chiiki/chiiki-tyokai/hpg000011177.html
https://www.shinagawa-choukaijichikai.jp/association/
https://pc.tamemap.net/1310901/activities?utf8=%E2%9C%93&amp;area=&amp;category=%E7%94%BA%E4%BC%9A%E3%83%BB%E8%87%AA%E6%B2%BB%E4%BC%9A&amp;word=
https://www.shinagawa-choukaijichikai.jp/oiarea/457/</description>
      <styleUrl>#area-3</styleUrl>
      <ExtendedData>
        <Data name="町会・自治会名">
          <value>東大井月見台町会</value>
        </Data>
        <Data name="公式町会名">
          <value>東大井月見台町会</value>
        </Data>
        <Data name="地域区分">
          <value>大井第一地域</value>
        </Data>
        <Data name="住所区域">
          <value>東大井4丁目 1番 / 東大井4丁目 10番～15番</value>
        </Data>
        <Data name="町会長">
          <value />
        </Data>
        <Data name="代表者">
          <value />
        </Data>
        <Data name="連絡先">
          <value />
        </Data>
        <Data name="電話">
          <value />
        </Data>
        <Data name="メール">
          <value />
        </Data>
        <Data name="町会の紹介">
          <value />
        </Data>
        <Data name="活動実績">
          <value />
        </Data>
        <Data name="ホームページ">
          <value />
        </Data>
        <Data name="SNS">
          <value />
        </Data>
        <Data name="出典">
          <value>https://www2.wagmap.jp/shinagawa/OpenDataDetail?lid=2100&amp;mids=110
https://www.city.shinagawa.tokyo.jp/PC/chiiki/chiiki-tyokai/hpg000011177.html
https://www.shinagawa-choukaijichikai.jp/association/
https://pc.tamemap.net/1310901/activities?utf8=%E2%9C%93&amp;area=&amp;category=%E7%94%BA%E4%BC%9A%E3%83%BB%E8%87%AA%E6%B2%BB%E4%BC%9A&amp;word=
https://www.shinagawa-choukaijichikai.jp/oiarea/457/</value>
        </Data>
      </ExtendedData>
      <Polygon>
        <tessellate>1</tessellate>
        <altitudeMode>clampToGround</altitudeMode>
        <outerBoundaryIs>
          <LinearRing>
            <coordinates>139.740541,35.606977,0 139.740308,35.606584,0 139.740376,35.606255,0 139.740187,35.605923,0 139.740120,35.605609,0 139.740086,35.605310,0 139.740101,35.605125,0 139.740042,35.605043,0 139.740517,35.604813,0 139.741048,35.604579,0 139.740658,35.604124,0 139.740440,35.603871,0 139.740396,35.603887,0 139.740329,35.603807,0 139.740225,35.603870,0 139.739666,35.604143,0 139.739138,35.604395,0 139.738858,35.604533,0 139.738396,35.604802,0 139.737846,35.605054,0 139.737884,35.605094,0 139.737941,35.605178,0 139.737981,35.605227,0 139.738020,35.605267,0 139.738152,35.605367,0 139.738210,35.605403,0 139.738440,35.605606,0 139.738558,35.605722,0 139.738642,35.605825,0 139.738842,35.606031,0 139.739142,35.606321,0 139.739378,35.606571,0 139.739869,35.607103,0 139.739760,35.607156,0 139.739906,35.607268,0 139.740541,35.606977,0</coordinates>
          </LinearRing>
        </outerBoundaryIs>
      </Polygon>
    </Placemark>
    <Placemark>
      <name>鮫洲曙町会</name>
      <description>町会・自治会名: 鮫洲曙町会
公式町会名: 鮫洲曙町会
地域区分: 大井第一地域
住所区域: 東大井1丁目 4番（6号～17号） / 東大井1丁目 5番～14番 / 東大井1丁目 15番（14号）
町会の紹介: 住民の方が本当に町会を必要とする時は「災害時」だと考えています。お互いに協力し合い、災害時に乗り切れる町会作りをしています。その準備として交流を大切にしています。町会の行事を通して、お知り合いを作りましょう！
出典: https://www2.wagmap.jp/shinagawa/OpenDataDetail?lid=2100&amp;mids=110
https://www.city.shinagawa.tokyo.jp/PC/chiiki/chiiki-tyokai/hpg000011177.html
https://www.shinagawa-choukaijichikai.jp/association/
https://pc.tamemap.net/1310901/activities?utf8=%E2%9C%93&amp;area=&amp;category=%E7%94%BA%E4%BC%9A%E3%83%BB%E8%87%AA%E6%B2%BB%E4%BC%9A&amp;word=
https://www.shinagawa-choukaijichikai.jp/oiarea/439/</description>
      <styleUrl>#area-2</styleUrl>
      <ExtendedData>
        <Data name="町会・自治会名">
          <value>鮫洲曙町会</value>
        </Data>
        <Data name="公式町会名">
          <value>鮫洲曙町会</value>
        </Data>
        <Data name="地域区分">
          <value>大井第一地域</value>
        </Data>
        <Data name="住所区域">
          <value>東大井1丁目 4番（6号～17号） / 東大井1丁目 5番～14番 / 東大井1丁目 15番（14号）</value>
        </Data>
        <Data name="町会長">
          <value />
        </Data>
        <Data name="代表者">
          <value />
        </Data>
        <Data name="連絡先">
          <value />
        </Data>
        <Data name="電話">
          <value />
        </Data>
        <Data name="メール">
          <value />
        </Data>
        <Data name="町会の紹介">
          <value>住民の方が本当に町会を必要とする時は「災害時」だと考えています。お互いに協力し合い、災害時に乗り切れる町会作りをしています。その準備として交流を大切にしています。町会の行事を通して、お知り合いを作りましょう！</value>
        </Data>
        <Data name="活動実績">
          <value />
        </Data>
        <Data name="ホームページ">
          <value />
        </Data>
        <Data name="SNS">
          <value />
        </Data>
        <Data name="出典">
          <value>https://www2.wagmap.jp/shinagawa/OpenDataDetail?lid=2100&amp;mids=110
https://www.city.shinagawa.tokyo.jp/PC/chiiki/chiiki-tyokai/hpg000011177.html
https://www.shinagawa-choukaijichikai.jp/association/
https://pc.tamemap.net/1310901/activities?utf8=%E2%9C%93&amp;area=&amp;category=%E7%94%BA%E4%BC%9A%E3%83%BB%E8%87%AA%E6%B2%BB%E4%BC%9A&amp;word=
https://www.shinagawa-choukaijichikai.jp/oiarea/439/</value>
        </Data>
      </ExtendedData>
      <Polygon>
        <tessellate>1</tessellate>
        <altitudeMode>clampToGround</altitudeMode>
        <outerBoundaryIs>
          <LinearRing>
            <coordinates>139.750290,35.607379,0 139.751319,35.607329,0 139.751151,35.605535,0 139.750848,35.605062,0 139.749845,35.603485,0 139.749063,35.602261,0 139.748076,35.602338,0 139.746340,35.602462,0 139.745038,35.602544,0 139.743616,35.602634,0 139.744631,35.604211,0 139.744797,35.604519,0 139.744529,35.604624,0 139.744209,35.604737,0 139.744317,35.604935,0 139.744910,35.604863,0 139.744926,35.604967,0 139.745096,35.606679,0 139.745364,35.606656,0 139.745422,35.606653,0 139.745478,35.606663,0 139.745590,35.606684,0 139.746738,35.606881,0 139.747223,35.606995,0 139.747380,35.607020,0 139.748460,35.607200,0 139.749097,35.607304,0 139.749520,35.607367,0 139.749744,35.607410,0 139.750290,35.607379,0</coordinates>
          </LinearRing>
        </outerBoundaryIs>
      </Polygon>
    </Placemark>
    <Placemark>
      <name>大井立会町会</name>
      <description>町会・自治会名: 大井立会町会
公式町会名: 大井立会町会
地域区分: 大井第一地域
住所区域: 東大井5丁目 1番～20番 / 東大井5丁目 21番（1号～4号） / 東大井5丁目 22番～26番 / 東大井6丁目 5番（1号～5号、7号～10号の一部）
町会の紹介: 今後益々の発展が期待される大井町駅周辺の一翼を担う町会です。地元商店街やマンション自治会の皆様とご一緒に、子ども達の明るい声がする、安心・安全で楽しい町づくりを目指していきたいと考え日夜活動しております。
出典: https://www2.wagmap.jp/shinagawa/OpenDataDetail?lid=2100&amp;mids=110
https://www.city.shinagawa.tokyo.jp/PC/chiiki/chiiki-tyokai/hpg000011177.html
https://www.shinagawa-choukaijichikai.jp/association/
https://pc.tamemap.net/1310901/activities?utf8=%E2%9C%93&amp;area=&amp;category=%E7%94%BA%E4%BC%9A%E3%83%BB%E8%87%AA%E6%B2%BB%E4%BC%9A&amp;word=
https://www.shinagawa-choukaijichikai.jp/oiarea/456/</description>
      <styleUrl>#area-1</styleUrl>
      <ExtendedData>
        <Data name="町会・自治会名">
          <value>大井立会町会</value>
        </Data>
        <Data name="公式町会名">
          <value>大井立会町会</value>
        </Data>
        <Data name="地域区分">
          <value>大井第一地域</value>
        </Data>
        <Data name="住所区域">
          <value>東大井5丁目 1番～20番 / 東大井5丁目 21番（1号～4号） / 東大井5丁目 22番～26番 / 東大井6丁目 5番（1号～5号、7号～10号の一部）</value>
        </Data>
        <Data name="町会長">
          <value />
        </Data>
        <Data name="代表者">
          <value />
        </Data>
        <Data name="連絡先">
          <value />
        </Data>
        <Data name="電話">
          <value />
        </Data>
        <Data name="メール">
          <value />
        </Data>
        <Data name="町会の紹介">
          <value>今後益々の発展が期待される大井町駅周辺の一翼を担う町会です。地元商店街やマンション自治会の皆様とご一緒に、子ども達の明るい声がする、安心・安全で楽しい町づくりを目指していきたいと考え日夜活動しております。</value>
        </Data>
        <Data name="活動実績">
          <value />
        </Data>
        <Data name="ホームページ">
          <value />
        </Data>
        <Data name="SNS">
          <value />
        </Data>
        <Data name="出典">
          <value>https://www2.wagmap.jp/shinagawa/OpenDataDetail?lid=2100&amp;mids=110
https://www.city.shinagawa.tokyo.jp/PC/chiiki/chiiki-tyokai/hpg000011177.html
https://www.shinagawa-choukaijichikai.jp/association/
https://pc.tamemap.net/1310901/activities?utf8=%E2%9C%93&amp;area=&amp;category=%E7%94%BA%E4%BC%9A%E3%83%BB%E8%87%AA%E6%B2%BB%E4%BC%9A&amp;word=
https://www.shinagawa-choukaijichikai.jp/oiarea/456/</value>
        </Data>
      </ExtendedData>
      <Polygon>
        <tessellate>1</tessellate>
        <altitudeMode>clampToGround</altitudeMode>
        <outerBoundaryIs>
          <LinearRing>
            <coordinates>139.735874,35.608522,0 139.736220,35.608363,0 139.736474,35.608269,0 139.736776,35.608142,0 139.736839,35.608123,0 139.737164,35.608002,0 139.737398,35.607921,0 139.737543,35.607877,0 139.737543,35.607876,0 139.737820,35.607783,0 139.738332,35.607600,0 139.738516,35.607559,0 139.738774,35.607507,0 139.739055,35.607444,0 139.739199,35.607410,0 139.739444,35.607344,0 139.739523,35.607320,0 139.739570,35.607285,0 139.739664,35.607210,0 139.739760,35.607156,0 139.739869,35.607103,0 139.739378,35.606571,0 139.739142,35.606321,0 139.738842,35.606031,0 139.738642,35.605825,0 139.738558,35.605722,0 139.738440,35.605606,0 139.738210,35.605403,0 139.738152,35.605367,0 139.738020,35.605267,0 139.737981,35.605227,0 139.737941,35.605178,0 139.737884,35.605094,0 139.737846,35.605054,0 139.737805,35.605010,0 139.737689,35.604877,0 139.737446,35.604573,0 139.737029,35.604050,0 139.736988,35.604065,0 139.736538,35.604151,0 139.736481,35.604168,0 139.736467,35.604175,0 139.736458,35.604185,0 139.736353,35.604307,0 139.736277,35.604334,0 139.736161,35.604328,0 139.736069,35.604486,0 139.735990,35.604574,0 139.735780,35.604658,0 139.735628,35.604618,0 139.735543,35.605091,0 139.735681,35.605252,0 139.735384,35.605473,0 139.734969,35.605554,0 139.735000,35.605774,0 139.735115,35.606598,0 139.735138,35.606666,0 139.735203,35.606756,0 139.735227,35.606800,0 139.735239,35.606874,0 139.735252,35.606969,0 139.735309,35.607290,0 139.735335,35.607450,0 139.735366,35.607684,0 139.735393,35.607876,0 139.735457,35.608329,0 139.735508,35.608673,0 139.735874,35.608522,0</coordinates>
          </LinearRing>
        </outerBoundaryIs>
      </Polygon>
    </Placemark>
    <Placemark>
      <name>三睦会町会</name>
      <description>町会・自治会名: 三睦会町会
公式町会名: 三睦会町会
地域区分: 品川第二地域
住所区域: 南品川3丁目 1番～4番 / 南品川3丁目 5番（1～5号、12～36号） / 南品川3丁目 6番（10～53号） / 南品川3丁目 7番 / 南品川5丁目 13番～16番
連絡先: 03-3458-0700
町会の紹介: 私達の町会は東海道品川宿の南端に位し仙台坂地区、第一国道地区、旧東海道地区の三つの地域から成り立っています。2月の初午祭から始まり、12月の歳末防犯防災パトロールまで色々の行事を行っています。中でも最大の行事は荏原神社の例大祭です。新しくこの街の住人になった人、定年を迎えた人、ぜひ街の行事に参加してください。
出典: https://www2.wagmap.jp/shinagawa/OpenDataDetail?lid=2100&amp;mids=110
https://www.city.shinagawa.tokyo.jp/PC/chiiki/chiiki-tyokai/hpg000011174.html
https://www.shinagawa-choukaijichikai.jp/association/
https://pc.tamemap.net/1310901/activities?utf8=%E2%9C%93&amp;area=&amp;category=%E7%94%BA%E4%BC%9A%E3%83%BB%E8%87%AA%E6%B2%BB%E4%BC%9A&amp;word=
https://www.shinagawa-choukaijichikai.jp/shinagawaarea/487/</description>
      <styleUrl>#area-1</styleUrl>
      <ExtendedData>
        <Data name="町会・自治会名">
          <value>三睦会町会</value>
        </Data>
        <Data name="公式町会名">
          <value>三睦会町会</value>
        </Data>
        <Data name="地域区分">
          <value>品川第二地域</value>
        </Data>
        <Data name="住所区域">
          <value>南品川3丁目 1番～4番 / 南品川3丁目 5番（1～5号、12～36号） / 南品川3丁目 6番（10～53号） / 南品川3丁目 7番 / 南品川5丁目 13番～16番</value>
        </Data>
        <Data name="町会長">
          <value />
        </Data>
        <Data name="代表者">
          <value />
        </Data>
        <Data name="連絡先">
          <value>03-3458-0700</value>
        </Data>
        <Data name="電話">
          <value />
        </Data>
        <Data name="メール">
          <value />
        </Data>
        <Data name="町会の紹介">
          <value>私達の町会は東海道品川宿の南端に位し仙台坂地区、第一国道地区、旧東海道地区の三つの地域から成り立っています。2月の初午祭から始まり、12月の歳末防犯防災パトロールまで色々の行事を行っています。中でも最大の行事は荏原神社の例大祭です。新しくこの街の住人になった人、定年を迎えた人、ぜひ街の行事に参加してください。</value>
        </Data>
        <Data name="活動実績">
          <value />
        </Data>
        <Data name="ホームページ">
          <value />
        </Data>
        <Data name="SNS">
          <value />
        </Data>
        <Data name="出典">
          <value>https://www2.wagmap.jp/shinagawa/OpenDataDetail?lid=2100&amp;mids=110
https://www.city.shinagawa.tokyo.jp/PC/chiiki/chiiki-tyokai/hpg000011174.html
https://www.shinagawa-choukaijichikai.jp/association/
https://pc.tamemap.net/1310901/activities?utf8=%E2%9C%93&amp;area=&amp;category=%E7%94%BA%E4%BC%9A%E3%83%BB%E8%87%AA%E6%B2%BB%E4%BC%9A&amp;word=
https://www.shinagawa-choukaijichikai.jp/shinagawaarea/487/</value>
        </Data>
      </ExtendedData>
      <Polygon>
        <tessellate>1</tessellate>
        <altitudeMode>clampToGround</altitudeMode>
        <outerBoundaryIs>
          <LinearRing>
            <coordinates>139.743773,35.610167,0 139.743885,35.610225,0 139.743878,35.610285,0 139.743941,35.610302,0 139.744172,35.610320,0 139.744190,35.610093,0 139.745052,35.610126,0 139.745111,35.609410,0 139.745210,35.608316,0 139.745245,35.607970,0 139.745322,35.607170,0 139.745364,35.606656,0 139.745096,35.606679,0 139.745037,35.606685,0 139.745033,35.606685,0 139.744816,35.606709,0 139.744536,35.606734,0 139.744399,35.606744,0 139.744188,35.606753,0 139.743946,35.606756,0 139.743335,35.606753,0 139.743153,35.606741,0 139.743058,35.606737,0 139.742784,35.606725,0 139.742672,35.606719,0 139.742553,35.606719,0 139.742125,35.606722,0 139.741894,35.606725,0 139.741798,35.606734,0 139.741306,35.606792,0 139.741128,35.606824,0 139.740967,35.606871,0 139.740577,35.607015,0 139.740541,35.606977,0 139.739906,35.607268,0 139.740229,35.607615,0 139.740634,35.608106,0 139.741007,35.608531,0 139.741096,35.608627,0 139.741194,35.608717,0 139.741272,35.608777,0 139.741505,35.608943,0 139.742031,35.609324,0 139.742343,35.609557,0 139.742657,35.609832,0 139.742833,35.609999,0 139.742982,35.610098,0 139.743194,35.610223,0 139.743389,35.610330,0 139.743584,35.610422,0 139.743773,35.610167,0</coordinates>
          </LinearRing>
        </outerBoundaryIs>
      </Polygon>
    </Placemark>
    <Placemark>
      <name>南品川南睦会</name>
      <description>町会・自治会名: 南品川南睦会
公式町会名: 南品川南睦会
地域区分: 品川第二地域
住所区域: 南品川5丁目 9番～12番
町会の紹介: 戦前からの協親自治町会が3分割され、昭和25年に南品川南睦会が発足。現在、会員約1,600世帯、役員45名6事業部が地域の触れあいをモットーに、町会内広場公園で行う餅つきやお花見をはじめ、地区の運動会、盆踊り、荏原神社祭礼、防犯パトロールなど、皆様のご参加を待っています。
出典: https://www2.wagmap.jp/shinagawa/OpenDataDetail?lid=2100&amp;mids=110
https://www.city.shinagawa.tokyo.jp/PC/chiiki/chiiki-tyokai/hpg000011174.html
https://www.shinagawa-choukaijichikai.jp/association/
https://pc.tamemap.net/1310901/activities?utf8=%E2%9C%93&amp;area=&amp;category=%E7%94%BA%E4%BC%9A%E3%83%BB%E8%87%AA%E6%B2%BB%E4%BC%9A&amp;word=
https://www.shinagawa-choukaijichikai.jp/shinagawaarea/490/</description>
      <styleUrl>#area-0</styleUrl>
      <ExtendedData>
        <Data name="町会・自治会名">
          <value>南品川南睦会</value>
        </Data>
        <Data name="公式町会名">
          <value>南品川南睦会</value>
        </Data>
        <Data name="地域区分">
          <value>品川第二地域</value>
        </Data>
        <Data name="住所区域">
          <value>南品川5丁目 9番～12番</value>
        </Data>
        <Data name="町会長">
          <value />
        </Data>
        <Data name="代表者">
          <value />
        </Data>
        <Data name="連絡先">
          <value />
        </Data>
        <Data name="電話">
          <value />
        </Data>
        <Data name="メール">
          <value />
        </Data>
        <Data name="町会の紹介">
          <value>戦前からの協親自治町会が3分割され、昭和25年に南品川南睦会が発足。現在、会員約1,600世帯、役員45名6事業部が地域の触れあいをモットーに、町会内広場公園で行う餅つきやお花見をはじめ、地区の運動会、盆踊り、荏原神社祭礼、防犯パトロールなど、皆様のご参加を待っています。</value>
        </Data>
        <Data name="活動実績">
          <value />
        </Data>
        <Data name="ホームページ">
          <value />
        </Data>
        <Data name="SNS">
          <value />
        </Data>
        <Data name="出典">
          <value>https://www2.wagmap.jp/shinagawa/OpenDataDetail?lid=2100&amp;mids=110
https://www.city.shinagawa.tokyo.jp/PC/chiiki/chiiki-tyokai/hpg000011174.html
https://www.shinagawa-choukaijichikai.jp/association/
https://pc.tamemap.net/1310901/activities?utf8=%E2%9C%93&amp;area=&amp;category=%E7%94%BA%E4%BC%9A%E3%83%BB%E8%87%AA%E6%B2%BB%E4%BC%9A&amp;word=
https://www.shinagawa-choukaijichikai.jp/shinagawaarea/490/</value>
        </Data>
      </ExtendedData>
      <Polygon>
        <tessellate>1</tessellate>
        <altitudeMode>clampToGround</altitudeMode>
        <outerBoundaryIs>
          <LinearRing>
            <coordinates>139.740258,35.611426,0 139.740250,35.611407,0 139.740244,35.611374,0 139.740242,35.611352,0 139.740246,35.611263,0 139.740253,35.611200,0 139.740288,35.611032,0 139.740324,35.610878,0 139.740347,35.610791,0 139.740381,35.610686,0 139.740412,35.610602,0 139.740477,35.610480,0 139.740557,35.610359,0 139.740612,35.610273,0 139.740660,35.610197,0 139.740709,35.610128,0 139.740850,35.609949,0 139.740893,35.609894,0 139.741110,35.609596,0 139.741123,35.609567,0 139.741225,35.609278,0 139.741237,35.609251,0 139.741505,35.608943,0 139.741272,35.608777,0 139.741194,35.608717,0 139.741096,35.608627,0 139.741007,35.608531,0 139.740634,35.608106,0 139.740229,35.607615,0 139.739906,35.607268,0 139.739760,35.607156,0 139.739664,35.607210,0 139.739570,35.607285,0 139.739523,35.607320,0 139.739444,35.607344,0 139.739199,35.607410,0 139.739055,35.607444,0 139.738774,35.607507,0 139.738516,35.607559,0 139.738332,35.607600,0 139.737820,35.607783,0 139.737543,35.607876,0 139.737543,35.607877,0 139.737398,35.607921,0 139.737164,35.608002,0 139.737353,35.608204,0 139.737587,35.608438,0 139.737812,35.608690,0 139.738175,35.609071,0 139.738450,35.609372,0 139.739067,35.610006,0 139.739292,35.610330,0 139.739507,35.610660,0 139.739680,35.610935,0 139.739880,35.611246,0 139.740042,35.611498,0 139.740258,35.611426,0</coordinates>
          </LinearRing>
        </outerBoundaryIs>
      </Polygon>
    </Placemark>
    <Placemark>
      <name>六丁目睦会</name>
      <description>町会・自治会名: 六丁目睦会
公式町会名: 六丁目睦会
地域区分: 品川第二地域
住所区域: 南品川6丁目 全域
連絡先: 03-3471-6530
町会の紹介: 高村光太郎のレモン哀歌の碑があるゼームス坂や東海道線の線路沿にある当町会は、昭和23年4月に創立されました。荏原神社の祭礼、お餅つき大会、バス旅行、町内清掃、防犯パトロールなど安心・安全で楽しい町づくりを目指していきたいと活動しております。
出典: https://www2.wagmap.jp/shinagawa/OpenDataDetail?lid=2100&amp;mids=110
https://www.city.shinagawa.tokyo.jp/PC/chiiki/chiiki-tyokai/hpg000011174.html
https://www.shinagawa-choukaijichikai.jp/association/
https://pc.tamemap.net/1310901/activities?utf8=%E2%9C%93&amp;area=&amp;category=%E7%94%BA%E4%BC%9A%E3%83%BB%E8%87%AA%E6%B2%BB%E4%BC%9A&amp;word=
https://www.shinagawa-choukaijichikai.jp/shinagawaarea/492/</description>
      <styleUrl>#area-2</styleUrl>
      <ExtendedData>
        <Data name="町会・自治会名">
          <value>六丁目睦会</value>
        </Data>
        <Data name="公式町会名">
          <value>六丁目睦会</value>
        </Data>
        <Data name="地域区分">
          <value>品川第二地域</value>
        </Data>
        <Data name="住所区域">
          <value>南品川6丁目 全域</value>
        </Data>
        <Data name="町会長">
          <value />
        </Data>
        <Data name="代表者">
          <value />
        </Data>
        <Data name="連絡先">
          <value>03-3471-6530</value>
        </Data>
        <Data name="電話">
          <value />
        </Data>
        <Data name="メール">
          <value />
        </Data>
        <Data name="町会の紹介">
          <value>高村光太郎のレモン哀歌の碑があるゼームス坂や東海道線の線路沿にある当町会は、昭和23年4月に創立されました。荏原神社の祭礼、お餅つき大会、バス旅行、町内清掃、防犯パトロールなど安心・安全で楽しい町づくりを目指していきたいと活動しております。</value>
        </Data>
        <Data name="活動実績">
          <value />
        </Data>
        <Data name="ホームページ">
          <value />
        </Data>
        <Data name="SNS">
          <value />
        </Data>
        <Data name="出典">
          <value>https://www2.wagmap.jp/shinagawa/OpenDataDetail?lid=2100&amp;mids=110
https://www.city.shinagawa.tokyo.jp/PC/chiiki/chiiki-tyokai/hpg000011174.html
https://www.shinagawa-choukaijichikai.jp/association/
https://pc.tamemap.net/1310901/activities?utf8=%E2%9C%93&amp;area=&amp;category=%E7%94%BA%E4%BC%9A%E3%83%BB%E8%87%AA%E6%B2%BB%E4%BC%9A&amp;word=
https://www.shinagawa-choukaijichikai.jp/shinagawaarea/492/</value>
        </Data>
      </ExtendedData>
      <Polygon>
        <tessellate>1</tessellate>
        <altitudeMode>clampToGround</altitudeMode>
        <outerBoundaryIs>
          <LinearRing>
            <coordinates>139.740267,35.612213,0 139.740207,35.611971,0 139.740131,35.611729,0 139.740042,35.611498,0 139.739880,35.611246,0 139.739680,35.610935,0 139.739507,35.610660,0 139.739292,35.610330,0 139.739067,35.610006,0 139.738450,35.609372,0 139.738175,35.609071,0 139.737812,35.608690,0 139.737587,35.608438,0 139.737353,35.608204,0 139.737164,35.608002,0 139.736839,35.608123,0 139.736776,35.608142,0 139.736474,35.608269,0 139.736220,35.608363,0 139.735874,35.608522,0 139.735508,35.608673,0 139.735531,35.608833,0 139.735648,35.609746,0 139.735697,35.610174,0 139.735708,35.610368,0 139.735718,35.610515,0 139.735742,35.610747,0 139.735801,35.611082,0 139.735848,35.611453,0 139.735852,35.611536,0 139.735840,35.611579,0 139.735828,35.611626,0 139.735817,35.611668,0 139.735813,35.611711,0 139.735826,35.611782,0 139.735823,35.611844,0 139.735860,35.612153,0 139.736467,35.612163,0 139.736811,35.612165,0 139.737350,35.612158,0 139.738221,35.612167,0 139.738894,35.612167,0 139.739050,35.612166,0 139.739418,35.612169,0 139.739733,35.612178,0 139.739796,35.612182,0 139.739875,35.612192,0 139.739910,35.612215,0 139.739940,35.612236,0 139.740267,35.612213,0</coordinates>
          </LinearRing>
        </outerBoundaryIs>
      </Polygon>
    </Placemark>
    <Placemark>
      <name>東睦会</name>
      <description>町会・自治会名: 東睦会
公式町会名: 東睦会
地域区分: 品川第二地域
住所区域: 南品川2丁目 2番～4番 / 南品川5丁目 1番（6～21号） / 南品川5丁目 2番～8番
町会の紹介: 主な行事は初午祭での餅つき、日帰りバス旅行、祭礼、盆踊り、区民まつり参加、合同運動会、総合防災訓練、歳末警戒運動、町内清掃。また行政や生活に密着した情報の伝達と共有等。町内の親睦と安心安全はなによりの願いです。いざ有事の時はやはり町会が中心的役割を担っていきます。地域の力としてぜひ町会にご参加ください。
出典: https://www2.wagmap.jp/shinagawa/OpenDataDetail?lid=2100&amp;mids=110
https://www.city.shinagawa.tokyo.jp/PC/chiiki/chiiki-tyokai/hpg000011174.html
https://www.shinagawa-choukaijichikai.jp/association/
https://pc.tamemap.net/1310901/activities?utf8=%E2%9C%93&amp;area=&amp;category=%E7%94%BA%E4%BC%9A%E3%83%BB%E8%87%AA%E6%B2%BB%E4%BC%9A&amp;word=
https://www.shinagawa-choukaijichikai.jp/shinagawaarea/491/</description>
      <styleUrl>#area-3</styleUrl>
      <ExtendedData>
        <Data name="町会・自治会名">
          <value>東睦会</value>
        </Data>
        <Data name="公式町会名">
          <value>東睦会</value>
        </Data>
        <Data name="地域区分">
          <value>品川第二地域</value>
        </Data>
        <Data name="住所区域">
          <value>南品川2丁目 2番～4番 / 南品川5丁目 1番（6～21号） / 南品川5丁目 2番～8番</value>
        </Data>
        <Data name="町会長">
          <value />
        </Data>
        <Data name="代表者">
          <value />
        </Data>
        <Data name="連絡先">
          <value />
        </Data>
        <Data name="電話">
          <value />
        </Data>
        <Data name="メール">
          <value />
        </Data>
        <Data name="町会の紹介">
          <value>主な行事は初午祭での餅つき、日帰りバス旅行、祭礼、盆踊り、区民まつり参加、合同運動会、総合防災訓練、歳末警戒運動、町内清掃。また行政や生活に密着した情報の伝達と共有等。町内の親睦と安心安全はなによりの願いです。いざ有事の時はやはり町会が中心的役割を担っていきます。地域の力としてぜひ町会にご参加ください。</value>
        </Data>
        <Data name="活動実績">
          <value />
        </Data>
        <Data name="ホームページ">
          <value />
        </Data>
        <Data name="SNS">
          <value />
        </Data>
        <Data name="出典">
          <value>https://www2.wagmap.jp/shinagawa/OpenDataDetail?lid=2100&amp;mids=110
https://www.city.shinagawa.tokyo.jp/PC/chiiki/chiiki-tyokai/hpg000011174.html
https://www.shinagawa-choukaijichikai.jp/association/
https://pc.tamemap.net/1310901/activities?utf8=%E2%9C%93&amp;area=&amp;category=%E7%94%BA%E4%BC%9A%E3%83%BB%E8%87%AA%E6%B2%BB%E4%BC%9A&amp;word=
https://www.shinagawa-choukaijichikai.jp/shinagawaarea/491/</value>
        </Data>
      </ExtendedData>
      <Polygon>
        <tessellate>1</tessellate>
        <altitudeMode>clampToGround</altitudeMode>
        <outerBoundaryIs>
          <LinearRing>
            <coordinates>139.742485,35.611646,0 139.742671,35.610754,0 139.742752,35.610375,0 139.742809,35.610107,0 139.742833,35.609999,0 139.742657,35.609832,0 139.742343,35.609557,0 139.742031,35.609324,0 139.741505,35.608943,0 139.741237,35.609251,0 139.741225,35.609278,0 139.741123,35.609567,0 139.741110,35.609596,0 139.740893,35.609894,0 139.740850,35.609949,0 139.740709,35.610128,0 139.740660,35.610197,0 139.740612,35.610273,0 139.740557,35.610359,0 139.740477,35.610480,0 139.740412,35.610602,0 139.740381,35.610686,0 139.740347,35.610791,0 139.740324,35.610878,0 139.740288,35.611032,0 139.740253,35.611200,0 139.740246,35.611263,0 139.740242,35.611352,0 139.740244,35.611374,0 139.740250,35.611407,0 139.740258,35.611426,0 139.740042,35.611498,0 139.740131,35.611729,0 139.740207,35.611971,0 139.740267,35.612213,0 139.740322,35.612430,0 139.740346,35.612554,0 139.740469,35.612554,0 139.740560,35.612560,0 139.740674,35.612573,0 139.740758,35.612586,0 139.740896,35.612613,0 139.741015,35.612639,0 139.741060,35.612646,0 139.741119,35.612648,0 139.741190,35.612658,0 139.741234,35.612695,0 139.741339,35.612711,0 139.741450,35.612729,0 139.741569,35.612748,0 139.741910,35.612817,0 139.742180,35.612863,0 139.742227,35.612864,0 139.742485,35.611646,0</coordinates>
          </LinearRing>
        </outerBoundaryIs>
      </Polygon>
    </Placemark>
    <Placemark>
      <name>諏訪町会</name>
      <description>町会・自治会名: 諏訪町会
公式町会名: 諏訪町会
地域区分: 品川第二地域
住所区域: 南品川2丁目 5番～7番 / 南品川2丁目 8番（21～29号、20号の一部） / 南品川2丁目 17番（7～34号） / 南品川3丁目 5番（6～11号） / 南品川3丁目 6番（1～9号、54～58号）
町会の紹介: 東海道南品川宿に位置し、寺社が多く小学校や商店街もあり、活気溢れる町会です。防災支援や防犯活動を中心に、祭礼や各種行事で相互の親睦を図り、開かれた町会、安心・安全・住み良い町会を目指しています。
出典: https://www2.wagmap.jp/shinagawa/OpenDataDetail?lid=2100&amp;mids=110
https://www.city.shinagawa.tokyo.jp/PC/chiiki/chiiki-tyokai/hpg000011174.html
https://www.shinagawa-choukaijichikai.jp/association/
https://pc.tamemap.net/1310901/activities?utf8=%E2%9C%93&amp;area=&amp;category=%E7%94%BA%E4%BC%9A%E3%83%BB%E8%87%AA%E6%B2%BB%E4%BC%9A&amp;word=
https://www.shinagawa-choukaijichikai.jp/shinagawaarea/486/</description>
      <styleUrl>#area-2</styleUrl>
      <ExtendedData>
        <Data name="町会・自治会名">
          <value>諏訪町会</value>
        </Data>
        <Data name="公式町会名">
          <value>諏訪町会</value>
        </Data>
        <Data name="地域区分">
          <value>品川第二地域</value>
        </Data>
        <Data name="住所区域">
          <value>南品川2丁目 5番～7番 / 南品川2丁目 8番（21～29号、20号の一部） / 南品川2丁目 17番（7～34号） / 南品川3丁目 5番（6～11号） / 南品川3丁目 6番（1～9号、54～58号）</value>
        </Data>
        <Data name="町会長">
          <value />
        </Data>
        <Data name="代表者">
          <value />
        </Data>
        <Data name="連絡先">
          <value />
        </Data>
        <Data name="電話">
          <value />
        </Data>
        <Data name="メール">
          <value />
        </Data>
        <Data name="町会の紹介">
          <value>東海道南品川宿に位置し、寺社が多く小学校や商店街もあり、活気溢れる町会です。防災支援や防犯活動を中心に、祭礼や各種行事で相互の親睦を図り、開かれた町会、安心・安全・住み良い町会を目指しています。</value>
        </Data>
        <Data name="活動実績">
          <value />
        </Data>
        <Data name="ホームページ">
          <value />
        </Data>
        <Data name="SNS">
          <value />
        </Data>
        <Data name="出典">
          <value>https://www2.wagmap.jp/shinagawa/OpenDataDetail?lid=2100&amp;mids=110
https://www.city.shinagawa.tokyo.jp/PC/chiiki/chiiki-tyokai/hpg000011174.html
https://www.shinagawa-choukaijichikai.jp/association/
https://pc.tamemap.net/1310901/activities?utf8=%E2%9C%93&amp;area=&amp;category=%E7%94%BA%E4%BC%9A%E3%83%BB%E8%87%AA%E6%B2%BB%E4%BC%9A&amp;word=
https://www.shinagawa-choukaijichikai.jp/shinagawaarea/486/</value>
        </Data>
      </ExtendedData>
      <Polygon>
        <tessellate>1</tessellate>
        <altitudeMode>clampToGround</altitudeMode>
        <outerBoundaryIs>
          <LinearRing>
            <coordinates>139.744107,35.612853,0 139.744128,35.612776,0 139.744151,35.612695,0 139.744156,35.612637,0 139.744639,35.612623,0 139.744641,35.612554,0 139.744862,35.612569,0 139.744880,35.612358,0 139.744948,35.611376,0 139.744989,35.610852,0 139.745052,35.610126,0 139.744190,35.610093,0 139.744172,35.610320,0 139.743941,35.610302,0 139.743878,35.610285,0 139.743885,35.610225,0 139.743773,35.610167,0 139.743584,35.610422,0 139.743389,35.610330,0 139.743194,35.610223,0 139.742982,35.610098,0 139.742833,35.609999,0 139.742809,35.610107,0 139.742752,35.610375,0 139.742671,35.610754,0 139.742485,35.611646,0 139.742227,35.612864,0 139.742281,35.612864,0 139.742333,35.612872,0 139.743275,35.612882,0 139.744107,35.612853,0</coordinates>
          </LinearRing>
        </outerBoundaryIs>
      </Polygon>
    </Placemark>
    <Placemark>
      <name>都営東品川第3アパート自治会</name>
      <description>町会・自治会名: 都営東品川第3アパート自治会
公式町会名: 都営東品川第3ｱﾊﾟｰﾄ自治会
地域区分: 品川第二地域
住所区域: 東品川3丁目 32番（6号、11号）
町会の紹介: 当自治会は、昭和47年に入居が始まり、173戸で構成しています。以来約50年、地域の歴史ある町会との交際も順調に、地域の行事に参加しています。最近の高齢化にともない、住民の交流を大切に、お互いの生活安全確保を目的に住民が心を合わせ、頑張っています。
出典: https://www2.wagmap.jp/shinagawa/OpenDataDetail?lid=2100&amp;mids=110
https://www.city.shinagawa.tokyo.jp/PC/chiiki/chiiki-tyokai/hpg000011174.html
https://www.shinagawa-choukaijichikai.jp/association/
https://pc.tamemap.net/1310901/activities?utf8=%E2%9C%93&amp;area=&amp;category=%E7%94%BA%E4%BC%9A%E3%83%BB%E8%87%AA%E6%B2%BB%E4%BC%9A&amp;word=
https://www.shinagawa-choukaijichikai.jp/shinagawaarea/496/</description>
      <styleUrl>#area-1</styleUrl>
      <ExtendedData>
        <Data name="町会・自治会名">
          <value>都営東品川第3アパート自治会</value>
        </Data>
        <Data name="公式町会名">
          <value>都営東品川第3ｱﾊﾟｰﾄ自治会</value>
        </Data>
        <Data name="地域区分">
          <value>品川第二地域</value>
        </Data>
        <Data name="住所区域">
          <value>東品川3丁目 32番（6号、11号）</value>
        </Data>
        <Data name="町会長">
          <value />
        </Data>
        <Data name="代表者">
          <value />
        </Data>
        <Data name="連絡先">
          <value />
        </Data>
        <Data name="電話">
          <value />
        </Data>
        <Data name="メール">
          <value />
        </Data>
        <Data name="町会の紹介">
          <value>当自治会は、昭和47年に入居が始まり、173戸で構成しています。以来約50年、地域の歴史ある町会との交際も順調に、地域の行事に参加しています。最近の高齢化にともない、住民の交流を大切に、お互いの生活安全確保を目的に住民が心を合わせ、頑張っています。</value>
        </Data>
        <Data name="活動実績">
          <value />
        </Data>
        <Data name="ホームページ">
          <value />
        </Data>
        <Data name="SNS">
          <value />
        </Data>
        <Data name="出典">
          <value>https://www2.wagmap.jp/shinagawa/OpenDataDetail?lid=2100&amp;mids=110
https://www.city.shinagawa.tokyo.jp/PC/chiiki/chiiki-tyokai/hpg000011174.html
https://www.shinagawa-choukaijichikai.jp/association/
https://pc.tamemap.net/1310901/activities?utf8=%E2%9C%93&amp;area=&amp;category=%E7%94%BA%E4%BC%9A%E3%83%BB%E8%87%AA%E6%B2%BB%E4%BC%9A&amp;word=
https://www.shinagawa-choukaijichikai.jp/shinagawaarea/496/</value>
        </Data>
      </ExtendedData>
      <Polygon>
        <tessellate>1</tessellate>
        <altitudeMode>clampToGround</altitudeMode>
        <outerBoundaryIs>
          <LinearRing>
            <coordinates>139.750861,35.613084,0 139.750853,35.612999,0 139.750882,35.612998,0 139.750893,35.612997,0 139.750827,35.612313,0 139.750572,35.612332,0 139.750576,35.612370,0 139.750621,35.612757,0 139.750627,35.612814,0 139.750273,35.612838,0 139.750303,35.613125,0 139.750861,35.613084,0</coordinates>
          </LinearRing>
        </outerBoundaryIs>
      </Polygon>
    </Placemark>
    <Placemark>
      <name>東品川第一自治会</name>
      <description>町会・自治会名: 東品川第一自治会
公式町会名: 東品川第一自治会
地域区分: 品川第二地域
住所区域: 東品川3丁目 29番
出典: https://www2.wagmap.jp/shinagawa/OpenDataDetail?lid=2100&amp;mids=110
https://www.city.shinagawa.tokyo.jp/PC/chiiki/chiiki-tyokai/hpg000011174.html
https://www.shinagawa-choukaijichikai.jp/association/
https://pc.tamemap.net/1310901/activities?utf8=%E2%9C%93&amp;area=&amp;category=%E7%94%BA%E4%BC%9A%E3%83%BB%E8%87%AA%E6%B2%BB%E4%BC%9A&amp;word=
https://www.shinagawa-choukaijichikai.jp/shinagawaarea/494/</description>
      <styleUrl>#area-1</styleUrl>
      <ExtendedData>
        <Data name="町会・自治会名">
          <value>東品川第一自治会</value>
        </Data>
        <Data name="公式町会名">
          <value>東品川第一自治会</value>
        </Data>
        <Data name="地域区分">
          <value>品川第二地域</value>
        </Data>
        <Data name="住所区域">
          <value>東品川3丁目 29番</value>
        </Data>
        <Data name="町会長">
          <value />
        </Data>
        <Data name="代表者">
          <value />
        </Data>
        <Data name="連絡先">
          <value />
        </Data>
        <Data name="電話">
          <value />
        </Data>
        <Data name="メール">
          <value />
        </Data>
        <Data name="町会の紹介">
          <value />
        </Data>
        <Data name="活動実績">
          <value />
        </Data>
        <Data name="ホームページ">
          <value />
        </Data>
        <Data name="SNS">
          <value />
        </Data>
        <Data name="出典">
          <value>https://www2.wagmap.jp/shinagawa/OpenDataDetail?lid=2100&amp;mids=110
https://www.city.shinagawa.tokyo.jp/PC/chiiki/chiiki-tyokai/hpg000011174.html
https://www.shinagawa-choukaijichikai.jp/association/
https://pc.tamemap.net/1310901/activities?utf8=%E2%9C%93&amp;area=&amp;category=%E7%94%BA%E4%BC%9A%E3%83%BB%E8%87%AA%E6%B2%BB%E4%BC%9A&amp;word=
https://www.shinagawa-choukaijichikai.jp/shinagawaarea/494/</value>
        </Data>
      </ExtendedData>
      <Polygon>
        <tessellate>1</tessellate>
        <altitudeMode>clampToGround</altitudeMode>
        <outerBoundaryIs>
          <LinearRing>
            <coordinates>139.749364,35.613203,0 139.749332,35.612756,0 139.749310,35.612739,0 139.749091,35.612740,0 139.748950,35.612745,0 139.748908,35.612747,0 139.748604,35.612760,0 139.748598,35.612768,0 139.748627,35.613143,0 139.748653,35.613165,0 139.748931,35.613190,0 139.748985,35.613191,0 139.749344,35.613222,0 139.749364,35.613203,0</coordinates>
          </LinearRing>
        </outerBoundaryIs>
      </Polygon>
    </Placemark>
    <Placemark>
      <name>博友町会</name>
      <description>町会・自治会名: 博友町会
公式町会名: 博友町会
地域区分: 品川第二地域
住所区域: 南品川2丁目 8番（1～19号、20号の一部） / 南品川2丁目 9番（15～25号、14号の一部） / 南品川2丁目 14番（8～13号） / 南品川2丁目 15番（11～14号） / 南品川2丁目 16番 / 南品川2丁目 17番（1～6号、35～37号）
連絡先: 03-3471-7278
町会の紹介: 博友町会は、旧東海道に位置し古くからの歴史を有する町会です。町会員同士が家族的雰囲気で、様々な町会地域行事を多勢の町会員と共に他町会の人たちも参加・協力してくれて、地域活動が大変活発であります。
出典: https://www2.wagmap.jp/shinagawa/OpenDataDetail?lid=2100&amp;mids=110
https://www.city.shinagawa.tokyo.jp/PC/chiiki/chiiki-tyokai/hpg000011174.html
https://www.shinagawa-choukaijichikai.jp/association/
https://pc.tamemap.net/1310901/activities?utf8=%E2%9C%93&amp;area=&amp;category=%E7%94%BA%E4%BC%9A%E3%83%BB%E8%87%AA%E6%B2%BB%E4%BC%9A&amp;word=
https://www.shinagawa-choukaijichikai.jp/shinagawaarea/485/</description>
      <styleUrl>#area-1</styleUrl>
      <ExtendedData>
        <Data name="町会・自治会名">
          <value>博友町会</value>
        </Data>
        <Data name="公式町会名">
          <value>博友町会</value>
        </Data>
        <Data name="地域区分">
          <value>品川第二地域</value>
        </Data>
        <Data name="住所区域">
          <value>南品川2丁目 8番（1～19号、20号の一部） / 南品川2丁目 9番（15～25号、14号の一部） / 南品川2丁目 14番（8～13号） / 南品川2丁目 15番（11～14号） / 南品川2丁目 16番 / 南品川2丁目 17番（1～6号、35～37号）</value>
        </Data>
        <Data name="町会長">
          <value />
        </Data>
        <Data name="代表者">
          <value />
        </Data>
        <Data name="連絡先">
          <value>03-3471-7278</value>
        </Data>
        <Data name="電話">
          <value />
        </Data>
        <Data name="メール">
          <value />
        </Data>
        <Data name="町会の紹介">
          <value>博友町会は、旧東海道に位置し古くからの歴史を有する町会です。町会員同士が家族的雰囲気で、様々な町会地域行事を多勢の町会員と共に他町会の人たちも参加・協力してくれて、地域活動が大変活発であります。</value>
        </Data>
        <Data name="活動実績">
          <value />
        </Data>
        <Data name="ホームページ">
          <value />
        </Data>
        <Data name="SNS">
          <value />
        </Data>
        <Data name="出典">
          <value>https://www2.wagmap.jp/shinagawa/OpenDataDetail?lid=2100&amp;mids=110
https://www.city.shinagawa.tokyo.jp/PC/chiiki/chiiki-tyokai/hpg000011174.html
https://www.shinagawa-choukaijichikai.jp/association/
https://pc.tamemap.net/1310901/activities?utf8=%E2%9C%93&amp;area=&amp;category=%E7%94%BA%E4%BC%9A%E3%83%BB%E8%87%AA%E6%B2%BB%E4%BC%9A&amp;word=
https://www.shinagawa-choukaijichikai.jp/shinagawaarea/485/</value>
        </Data>
      </ExtendedData>
      <Polygon>
        <tessellate>1</tessellate>
        <altitudeMode>clampToGround</altitudeMode>
        <outerBoundaryIs>
          <LinearRing>
            <coordinates>139.743452,35.613935,0 139.743449,35.613838,0 139.743443,35.613741,0 139.743431,35.613613,0 139.743415,35.613499,0 139.743803,35.613461,0 139.743960,35.613448,0 139.744052,35.613453,0 139.744052,35.613604,0 139.744450,35.613603,0 139.744441,35.613528,0 139.744837,35.613529,0 139.744816,35.613256,0 139.744834,35.612891,0 139.744862,35.612569,0 139.744641,35.612554,0 139.744639,35.612623,0 139.744156,35.612637,0 139.744151,35.612695,0 139.744128,35.612776,0 139.744107,35.612853,0 139.743275,35.612882,0 139.742333,35.612872,0 139.742281,35.612864,0 139.742227,35.612864,0 139.742020,35.613856,0 139.742524,35.613914,0 139.742647,35.613973,0 139.743452,35.613935,0</coordinates>
          </LinearRing>
        </outerBoundaryIs>
      </Polygon>
    </Placemark>
    <Placemark>
      <name>自治八潮会</name>
      <description>町会・自治会名: 自治八潮会
公式町会名: 自治八潮会
地域区分: 品川第二地域
住所区域: 東品川3丁目 17番（15～17号）
町会の紹介: 自治八潮会は、居住者の多くがほぼ五十年余を品川区に居住する高齢者で占めています。活動は、この地に根付いて暮らし始めた当時とは異なり、決して華々しさや猛々しさはないものの、居住者同士が真の思いやりとつながりを大切に、おたがいさまを実践する見守り活動を行っています。
出典: https://www2.wagmap.jp/shinagawa/OpenDataDetail?lid=2100&amp;mids=110
https://www.city.shinagawa.tokyo.jp/PC/chiiki/chiiki-tyokai/hpg000011174.html
https://www.shinagawa-choukaijichikai.jp/association/
https://pc.tamemap.net/1310901/activities?utf8=%E2%9C%93&amp;area=&amp;category=%E7%94%BA%E4%BC%9A%E3%83%BB%E8%87%AA%E6%B2%BB%E4%BC%9A&amp;word=
https://www.shinagawa-choukaijichikai.jp/shinagawaarea/495/</description>
      <styleUrl>#area-1</styleUrl>
      <ExtendedData>
        <Data name="町会・自治会名">
          <value>自治八潮会</value>
        </Data>
        <Data name="公式町会名">
          <value>自治八潮会</value>
        </Data>
        <Data name="地域区分">
          <value>品川第二地域</value>
        </Data>
        <Data name="住所区域">
          <value>東品川3丁目 17番（15～17号）</value>
        </Data>
        <Data name="町会長">
          <value />
        </Data>
        <Data name="代表者">
          <value />
        </Data>
        <Data name="連絡先">
          <value />
        </Data>
        <Data name="電話">
          <value />
        </Data>
        <Data name="メール">
          <value />
        </Data>
        <Data name="町会の紹介">
          <value>自治八潮会は、居住者の多くがほぼ五十年余を品川区に居住する高齢者で占めています。活動は、この地に根付いて暮らし始めた当時とは異なり、決して華々しさや猛々しさはないものの、居住者同士が真の思いやりとつながりを大切に、おたがいさまを実践する見守り活動を行っています。</value>
        </Data>
        <Data name="活動実績">
          <value />
        </Data>
        <Data name="ホームページ">
          <value />
        </Data>
        <Data name="SNS">
          <value />
        </Data>
        <Data name="出典">
          <value>https://www2.wagmap.jp/shinagawa/OpenDataDetail?lid=2100&amp;mids=110
https://www.city.shinagawa.tokyo.jp/PC/chiiki/chiiki-tyokai/hpg000011174.html
https://www.shinagawa-choukaijichikai.jp/association/
https://pc.tamemap.net/1310901/activities?utf8=%E2%9C%93&amp;area=&amp;category=%E7%94%BA%E4%BC%9A%E3%83%BB%E8%87%AA%E6%B2%BB%E4%BC%9A&amp;word=
https://www.shinagawa-choukaijichikai.jp/shinagawaarea/495/</value>
        </Data>
      </ExtendedData>
      <Polygon>
        <tessellate>1</tessellate>
        <altitudeMode>clampToGround</altitudeMode>
        <outerBoundaryIs>
          <LinearRing>
            <coordinates>139.750143,35.614061,0 139.749030,35.613977,0 139.749002,35.614215,0 139.749449,35.614243,0 139.749450,35.614381,0 139.750109,35.614428,0 139.750143,35.614061,0</coordinates>
          </LinearRing>
        </outerBoundaryIs>
      </Polygon>
    </Placemark>
    <Placemark>
      <name>大崎ウエストシティタワーズ自治会</name>
      <description>町会・自治会名: 大崎ウエストシティタワーズ自治会
公式町会名: 大崎ウエストシティタワーズ自治会
地域区分: 大崎第二地域
住所区域: 大崎2丁目 9番(1号～4号)
町会の紹介: 大崎第二地域センター管内では、一番新しい自治会です。 大崎ウエストシティタワーズ（1084世帯）の建設に伴い、防犯設備が厳重で訪問等が不便であること、マンションの生活状況が町会等と違うことから、新たに自治会を設立し、安全で住みやすい街づくりを目指して活動しています。
出典: https://www2.wagmap.jp/shinagawa/OpenDataDetail?lid=2100&amp;mids=110
https://www.city.shinagawa.tokyo.jp/PC/chiiki/chiiki-tyokai/hpg000011176.html
https://www.shinagawa-choukaijichikai.jp/association/
https://pc.tamemap.net/1310901/activities?utf8=%E2%9C%93&amp;area=&amp;category=%E7%94%BA%E4%BC%9A%E3%83%BB%E8%87%AA%E6%B2%BB%E4%BC%9A&amp;word=
https://www.shinagawa-choukaijichikai.jp/osakiarea/437/</description>
      <styleUrl>#area-3</styleUrl>
      <ExtendedData>
        <Data name="町会・自治会名">
          <value>大崎ウエストシティタワーズ自治会</value>
        </Data>
        <Data name="公式町会名">
          <value>大崎ウエストシティタワーズ自治会</value>
        </Data>
        <Data name="地域区分">
          <value>大崎第二地域</value>
        </Data>
        <Data name="住所区域">
          <value>大崎2丁目 9番(1号～4号)</value>
        </Data>
        <Data name="町会長">
          <value />
        </Data>
        <Data name="代表者">
          <value />
        </Data>
        <Data name="連絡先">
          <value />
        </Data>
        <Data name="電話">
          <value />
        </Data>
        <Data name="メール">
          <value />
        </Data>
        <Data name="町会の紹介">
          <value>大崎第二地域センター管内では、一番新しい自治会です。 大崎ウエストシティタワーズ（1084世帯）の建設に伴い、防犯設備が厳重で訪問等が不便であること、マンションの生活状況が町会等と違うことから、新たに自治会を設立し、安全で住みやすい街づくりを目指して活動しています。</value>
        </Data>
        <Data name="活動実績">
          <value />
        </Data>
        <Data name="ホームページ">
          <value />
        </Data>
        <Data name="SNS">
          <value />
        </Data>
        <Data name="出典">
          <value>https://www2.wagmap.jp/shinagawa/OpenDataDetail?lid=2100&amp;mids=110
https://www.city.shinagawa.tokyo.jp/PC/chiiki/chiiki-tyokai/hpg000011176.html
https://www.shinagawa-choukaijichikai.jp/association/
https://pc.tamemap.net/1310901/activities?utf8=%E2%9C%93&amp;area=&amp;category=%E7%94%BA%E4%BC%9A%E3%83%BB%E8%87%AA%E6%B2%BB%E4%BC%9A&amp;word=
https://www.shinagawa-choukaijichikai.jp/osakiarea/437/</value>
        </Data>
      </ExtendedData>
      <Polygon>
        <tessellate>1</tessellate>
        <altitudeMode>clampToGround</altitudeMode>
        <outerBoundaryIs>
          <LinearRing>
            <coordinates>139.727602,35.617409,0 139.727934,35.616819,0 139.727987,35.616797,0 139.728155,35.616715,0 139.728349,35.616629,0 139.728438,35.616580,0 139.728546,35.616506,0 139.728627,35.616328,0 139.728481,35.616294,0 139.728174,35.616221,0 139.728075,35.616204,0 139.727961,35.616191,0 139.727800,35.616191,0 139.727709,35.616194,0 139.727586,35.616206,0 139.727502,35.616217,0 139.727439,35.616228,0 139.727383,35.616240,0 139.727195,35.616291,0 139.727044,35.616330,0 139.726962,35.616352,0 139.726842,35.616385,0 139.726780,35.616396,0 139.726551,35.616419,0 139.726361,35.616438,0 139.726435,35.616833,0 139.726491,35.616975,0 139.726718,35.616983,0 139.726883,35.617003,0 139.727095,35.617054,0 139.727075,35.617278,0 139.726980,35.617575,0 139.727139,35.617593,0 139.727404,35.617663,0 139.727450,35.617675,0 139.727602,35.617409,0</coordinates>
          </LinearRing>
        </outerBoundaryIs>
      </Polygon>
    </Placemark>
    <Placemark>
      <name>品川尚和会</name>
      <description>町会・自治会名: 品川尚和会
公式町会名: 品川尚和会
地域区分: 大崎第二地域
住所区域: 戸越1丁目 25番（1～9号） / 戸越1丁目 26番（1～4、25号） / 戸越1丁目 27番（1～12、32～34号） / 戸越1丁目 29番（1～10、29～35号） / 戸越1丁目 31番 / 西品川3丁目 1番～15番
代表者: 舘野 正実
メール: s_syouwakai@yahoo.co.jp
町会の紹介: 品川尚和会は、品川区西品川３丁目１番から１５番までと、品川区戸越１丁目の一部を区域とする町会であります。会員数は690世帯です。 / 当町会区域は、昭和２０年５月の東京大空襲によりほぼ全焼いたしましたが、その後、住民の懸命の努力により、戦前以上に復興いたしました。 / 昭和２５年４月、和を第一に考え、名称も新たに尚和会として再スタートいたしました。会員数も徐々に増加し、事業も拡大されてきました。 / 現在では、役員ならびに会員各位のご協力を戴き、防犯、交通安全、防災、防火、敬老、青少年育成、環境整備、会員の親睦、資源リサイクル等、各種の事業を活発に実施し、区域の振興と福祉の増進に努めております。 / 今後も、安全で、明るく、住み良い町づくりを目指して参りますので、宜しくお願い申し上げます。
ホームページ: https://syouwakai.client.jp/
出典: https://www2.wagmap.jp/shinagawa/OpenDataDetail?lid=2100&amp;mids=110
https://www.city.shinagawa.tokyo.jp/PC/chiiki/chiiki-tyokai/hpg000011176.html
https://www.shinagawa-choukaijichikai.jp/association/
https://pc.tamemap.net/1310901/activities?utf8=%E2%9C%93&amp;area=&amp;category=%E7%94%BA%E4%BC%9A%E3%83%BB%E8%87%AA%E6%B2%BB%E4%BC%9A&amp;word=
https://www.shinagawa-choukaijichikai.jp/osakiarea/417/
https://pc.tamemap.net/1310901/activities/13109010026</description>
      <styleUrl>#area-2</styleUrl>
      <ExtendedData>
        <Data name="町会・自治会名">
          <value>品川尚和会</value>
        </Data>
        <Data name="公式町会名">
          <value>品川尚和会</value>
        </Data>
        <Data name="地域区分">
          <value>大崎第二地域</value>
        </Data>
        <Data name="住所区域">
          <value>戸越1丁目 25番（1～9号） / 戸越1丁目 26番（1～4、25号） / 戸越1丁目 27番（1～12、32～34号） / 戸越1丁目 29番（1～10、29～35号） / 戸越1丁目 31番 / 西品川3丁目 1番～15番</value>
        </Data>
        <Data name="町会長">
          <value />
        </Data>
        <Data name="代表者">
          <value>舘野 正実</value>
        </Data>
        <Data name="連絡先">
          <value />
        </Data>
        <Data name="電話">
          <value />
        </Data>
        <Data name="メール">
          <value>s_syouwakai@yahoo.co.jp</value>
        </Data>
        <Data name="町会の紹介">
          <value>品川尚和会は、品川区西品川３丁目１番から１５番までと、品川区戸越１丁目の一部を区域とする町会であります。会員数は690世帯です。 / 当町会区域は、昭和２０年５月の東京大空襲によりほぼ全焼いたしましたが、その後、住民の懸命の努力により、戦前以上に復興いたしました。 / 昭和２５年４月、和を第一に考え、名称も新たに尚和会として再スタートいたしました。会員数も徐々に増加し、事業も拡大されてきました。 / 現在では、役員ならびに会員各位のご協力を戴き、防犯、交通安全、防災、防火、敬老、青少年育成、環境整備、会員の親睦、資源リサイクル等、各種の事業を活発に実施し、区域の振興と福祉の増進に努めております。 / 今後も、安全で、明るく、住み良い町づくりを目指して参りますので、宜しくお願い申し上げます。</value>
        </Data>
        <Data name="活動実績">
          <value />
        </Data>
        <Data name="ホームページ">
          <value>https://syouwakai.client.jp/</value>
        </Data>
        <Data name="SNS">
          <value />
        </Data>
        <Data name="出典">
          <value>https://www2.wagmap.jp/shinagawa/OpenDataDetail?lid=2100&amp;mids=110
https://www.city.shinagawa.tokyo.jp/PC/chiiki/chiiki-tyokai/hpg000011176.html
https://www.shinagawa-choukaijichikai.jp/association/
https://pc.tamemap.net/1310901/activities?utf8=%E2%9C%93&amp;area=&amp;category=%E7%94%BA%E4%BC%9A%E3%83%BB%E8%87%AA%E6%B2%BB%E4%BC%9A&amp;word=
https://www.shinagawa-choukaijichikai.jp/osakiarea/417/
https://pc.tamemap.net/1310901/activities/13109010026</value>
        </Data>
      </ExtendedData>
      <Polygon>
        <tessellate>1</tessellate>
        <altitudeMode>clampToGround</altitudeMode>
        <outerBoundaryIs>
          <LinearRing>
            <coordinates>139.719864,35.617667,0 139.720869,35.617298,0 139.721086,35.617231,0 139.721223,35.617204,0 139.721336,35.617192,0 139.721493,35.617185,0 139.721646,35.617182,0 139.721861,35.617180,0 139.722231,35.617188,0 139.722865,35.617216,0 139.722919,35.617215,0 139.722994,35.617208,0 139.723224,35.617179,0 139.723704,35.617135,0 139.723861,35.617123,0 139.724135,35.617103,0 139.724186,35.617092,0 139.724373,35.617056,0 139.724671,35.616998,0 139.724834,35.616967,0 139.724905,35.616944,0 139.725044,35.616884,0 139.725354,35.616741,0 139.725527,35.616662,0 139.725673,35.616592,0 139.725759,35.616552,0 139.725824,35.616530,0 139.725895,35.616511,0 139.725973,35.616491,0 139.726044,35.616474,0 139.726122,35.616462,0 139.726298,35.616444,0 139.726361,35.616438,0 139.726551,35.616419,0 139.726780,35.616396,0 139.726842,35.616385,0 139.726962,35.616352,0 139.727044,35.616330,0 139.726846,35.616157,0 139.726667,35.616027,0 139.726533,35.615927,0 139.726489,35.615898,0 139.726182,35.615658,0 139.726151,35.615629,0 139.726009,35.615447,0 139.725990,35.615408,0 139.725979,35.615334,0 139.725972,35.615224,0 139.725971,35.615125,0 139.725985,35.615074,0 139.726000,35.615036,0 139.726063,35.614897,0 139.726069,35.614867,0 139.725776,35.614923,0 139.725673,35.614936,0 139.725467,35.614921,0 139.725376,35.614903,0 139.724928,35.614794,0 139.724776,35.614768,0 139.724667,35.614757,0 139.724541,35.614751,0 139.724474,35.614742,0 139.724398,35.614741,0 139.724355,35.614748,0 139.724284,35.614770,0 139.724192,35.614815,0 139.724110,35.614865,0 139.724033,35.614934,0 139.723999,35.614957,0 139.723970,35.614980,0 139.723931,35.615006,0 139.723869,35.615040,0 139.723768,35.615093,0 139.723725,35.615112,0 139.723691,35.615128,0 139.723636,35.615157,0 139.723619,35.615156,0 139.723605,35.615150,0 139.723579,35.615034,0 139.723565,35.615018,0 139.723551,35.615014,0 139.723503,35.615032,0 139.723397,35.615095,0 139.723354,35.615115,0 139.723248,35.615166,0 139.723196,35.615181,0 139.722947,35.615253,0 139.722947,35.615253,0 139.722894,35.615268,0 139.722847,35.615279,0 139.722782,35.615298,0 139.722704,35.615302,0 139.722228,35.615331,0 139.722429,35.615646,0 139.722489,35.615733,0 139.722521,35.615772,0 139.722570,35.615836,0 139.722431,35.615925,0 139.722348,35.615959,0 139.722269,35.616011,0 139.722224,35.616033,0 139.722065,35.616142,0 139.722012,35.616173,0 139.721892,35.616253,0 139.721841,35.616303,0 139.721818,35.616320,0 139.721531,35.616522,0 139.721538,35.616535,0 139.721309,35.616691,0 139.721275,35.616715,0 139.721094,35.616842,0 139.721072,35.616857,0 139.720988,35.616921,0 139.720771,35.617000,0 139.720789,35.617031,0 139.720566,35.617131,0 139.720582,35.617161,0 139.720361,35.617246,0 139.720373,35.617271,0 139.720242,35.617313,0 139.720229,35.617298,0 139.720102,35.617330,0 139.719948,35.617376,0 139.719998,35.617528,0 139.719712,35.617580,0 139.719727,35.617706,0 139.719864,35.617667,0</coordinates>
          </LinearRing>
        </outerBoundaryIs>
      </Polygon>
    </Placemark>
    <Placemark>
      <name>荏原四丁目町会</name>
      <description>町会・自治会名: 荏原四丁目町会
公式町会名: 荏原四丁目町会
地域区分: 荏原第一地域
住所区域: 荏原4丁目 1番～3番 / 荏原4丁目 8番～13番
連絡先: 090-1769-0682
出典: https://www2.wagmap.jp/shinagawa/OpenDataDetail?lid=2100&amp;mids=110
https://www.city.shinagawa.tokyo.jp/PC/chiiki/chiiki-tyokai/hpg000011180.html
https://www.shinagawa-choukaijichikai.jp/association/
https://pc.tamemap.net/1310901/activities?utf8=%E2%9C%93&amp;area=&amp;category=%E7%94%BA%E4%BC%9A%E3%83%BB%E8%87%AA%E6%B2%BB%E4%BC%9A&amp;word=
https://www.shinagawa-choukaijichikai.jp/ebaraarea/354/</description>
      <styleUrl>#area-1</styleUrl>
      <ExtendedData>
        <Data name="町会・自治会名">
          <value>荏原四丁目町会</value>
        </Data>
        <Data name="公式町会名">
          <value>荏原四丁目町会</value>
        </Data>
        <Data name="地域区分">
          <value>荏原第一地域</value>
        </Data>
        <Data name="住所区域">
          <value>荏原4丁目 1番～3番 / 荏原4丁目 8番～13番</value>
        </Data>
        <Data name="町会長">
          <value />
        </Data>
        <Data name="代表者">
          <value />
        </Data>
        <Data name="連絡先">
          <value>090-1769-0682</value>
        </Data>
        <Data name="電話">
          <value />
        </Data>
        <Data name="メール">
          <value />
        </Data>
        <Data name="町会の紹介">
          <value />
        </Data>
        <Data name="活動実績">
          <value />
        </Data>
        <Data name="ホームページ">
          <value />
        </Data>
        <Data name="SNS">
          <value />
        </Data>
        <Data name="出典">
          <value>https://www2.wagmap.jp/shinagawa/OpenDataDetail?lid=2100&amp;mids=110
https://www.city.shinagawa.tokyo.jp/PC/chiiki/chiiki-tyokai/hpg000011180.html
https://www.shinagawa-choukaijichikai.jp/association/
https://pc.tamemap.net/1310901/activities?utf8=%E2%9C%93&amp;area=&amp;category=%E7%94%BA%E4%BC%9A%E3%83%BB%E8%87%AA%E6%B2%BB%E4%BC%9A&amp;word=
https://www.shinagawa-choukaijichikai.jp/ebaraarea/354/</value>
        </Data>
      </ExtendedData>
      <Polygon>
        <tessellate>1</tessellate>
        <altitudeMode>clampToGround</altitudeMode>
        <outerBoundaryIs>
          <LinearRing>
            <coordinates>139.706424,35.617125,0 139.707224,35.616581,0 139.707965,35.616103,0 139.706972,35.615540,0 139.706420,35.615227,0 139.706001,35.615029,0 139.705605,35.614852,0 139.704634,35.615681,0 139.703935,35.616276,0 139.705020,35.617376,0 139.705473,35.617836,0 139.706424,35.617125,0</coordinates>
          </LinearRing>
        </outerBoundaryIs>
      </Polygon>
    </Placemark>
    <Placemark>
      <name>荏原三丁目町会</name>
      <description>町会・自治会名: 荏原三丁目町会
公式町会名: 荏原三丁目町会
地域区分: 荏原第一地域
住所区域: 荏原3丁目 全域
出典: https://www2.wagmap.jp/shinagawa/OpenDataDetail?lid=2100&amp;mids=110
https://www.city.shinagawa.tokyo.jp/PC/chiiki/chiiki-tyokai/hpg000011180.html
https://www.shinagawa-choukaijichikai.jp/association/
https://pc.tamemap.net/1310901/activities?utf8=%E2%9C%93&amp;area=&amp;category=%E7%94%BA%E4%BC%9A%E3%83%BB%E8%87%AA%E6%B2%BB%E4%BC%9A&amp;word=
https://www.shinagawa-choukaijichikai.jp/ebaraarea/353/</description>
      <styleUrl>#area-0</styleUrl>
      <ExtendedData>
        <Data name="町会・自治会名">
          <value>荏原三丁目町会</value>
        </Data>
        <Data name="公式町会名">
          <value>荏原三丁目町会</value>
        </Data>
        <Data name="地域区分">
          <value>荏原第一地域</value>
        </Data>
        <Data name="住所区域">
          <value>荏原3丁目 全域</value>
        </Data>
        <Data name="町会長">
          <value />
        </Data>
        <Data name="代表者">
          <value />
        </Data>
        <Data name="連絡先">
          <value />
        </Data>
        <Data name="電話">
          <value />
        </Data>
        <Data name="メール">
          <value />
        </Data>
        <Data name="町会の紹介">
          <value />
        </Data>
        <Data name="活動実績">
          <value />
        </Data>
        <Data name="ホームページ">
          <value />
        </Data>
        <Data name="SNS">
          <value />
        </Data>
        <Data name="出典">
          <value>https://www2.wagmap.jp/shinagawa/OpenDataDetail?lid=2100&amp;mids=110
https://www.city.shinagawa.tokyo.jp/PC/chiiki/chiiki-tyokai/hpg000011180.html
https://www.shinagawa-choukaijichikai.jp/association/
https://pc.tamemap.net/1310901/activities?utf8=%E2%9C%93&amp;area=&amp;category=%E7%94%BA%E4%BC%9A%E3%83%BB%E8%87%AA%E6%B2%BB%E4%BC%9A&amp;word=
https://www.shinagawa-choukaijichikai.jp/ebaraarea/353/</value>
        </Data>
      </ExtendedData>
      <Polygon>
        <tessellate>1</tessellate>
        <altitudeMode>clampToGround</altitudeMode>
        <outerBoundaryIs>
          <LinearRing>
            <coordinates>139.708125,35.619086,0 139.708331,35.618412,0 139.708455,35.618020,0 139.708569,35.617630,0 139.708696,35.616553,0 139.708637,35.616174,0 139.708605,35.616210,0 139.708516,35.616342,0 139.708482,35.616374,0 139.708418,35.616346,0 139.708295,35.616278,0 139.708099,35.616167,0 139.707965,35.616103,0 139.707224,35.616581,0 139.706424,35.617125,0 139.705473,35.617836,0 139.705552,35.617917,0 139.706517,35.618846,0 139.707188,35.619525,0 139.707314,35.619635,0 139.707366,35.619664,0 139.707436,35.619690,0 139.707505,35.619703,0 139.707697,35.619729,0 139.707980,35.619762,0 139.708125,35.619086,0</coordinates>
          </LinearRing>
        </outerBoundaryIs>
      </Polygon>
    </Placemark>
    <Placemark>
      <name>中原共和町会</name>
      <description>町会・自治会名: 中原共和町会
公式町会名: 中原共和町会
地域区分: 荏原第一地域
住所区域: 荏原1丁目 15番～18番、20番～23番 / 平塚2丁目 1番～6番、7番(2、3号を除く)
出典: https://www2.wagmap.jp/shinagawa/OpenDataDetail?lid=2100&amp;mids=110
https://www.city.shinagawa.tokyo.jp/PC/chiiki/chiiki-tyokai/hpg000011180.html
https://www.shinagawa-choukaijichikai.jp/association/
https://pc.tamemap.net/1310901/activities?utf8=%E2%9C%93&amp;area=&amp;category=%E7%94%BA%E4%BC%9A%E3%83%BB%E8%87%AA%E6%B2%BB%E4%BC%9A&amp;word=
https://www.shinagawa-choukaijichikai.jp/ebaraarea/474/</description>
      <styleUrl>#area-2</styleUrl>
      <ExtendedData>
        <Data name="町会・自治会名">
          <value>中原共和町会</value>
        </Data>
        <Data name="公式町会名">
          <value>中原共和町会</value>
        </Data>
        <Data name="地域区分">
          <value>荏原第一地域</value>
        </Data>
        <Data name="住所区域">
          <value>荏原1丁目 15番～18番、20番～23番 / 平塚2丁目 1番～6番、7番(2、3号を除く)</value>
        </Data>
        <Data name="町会長">
          <value />
        </Data>
        <Data name="代表者">
          <value />
        </Data>
        <Data name="連絡先">
          <value />
        </Data>
        <Data name="電話">
          <value />
        </Data>
        <Data name="メール">
          <value />
        </Data>
        <Data name="町会の紹介">
          <value />
        </Data>
        <Data name="活動実績">
          <value />
        </Data>
        <Data name="ホームページ">
          <value />
        </Data>
        <Data name="SNS">
          <value />
        </Data>
        <Data name="出典">
          <value>https://www2.wagmap.jp/shinagawa/OpenDataDetail?lid=2100&amp;mids=110
https://www.city.shinagawa.tokyo.jp/PC/chiiki/chiiki-tyokai/hpg000011180.html
https://www.shinagawa-choukaijichikai.jp/association/
https://pc.tamemap.net/1310901/activities?utf8=%E2%9C%93&amp;area=&amp;category=%E7%94%BA%E4%BC%9A%E3%83%BB%E8%87%AA%E6%B2%BB%E4%BC%9A&amp;word=
https://www.shinagawa-choukaijichikai.jp/ebaraarea/474/</value>
        </Data>
      </ExtendedData>
      <Polygon>
        <tessellate>1</tessellate>
        <altitudeMode>clampToGround</altitudeMode>
        <outerBoundaryIs>
          <LinearRing>
            <coordinates>139.716785,35.619596,0 139.718029,35.618562,0 139.718198,35.618470,0 139.718086,35.618236,0 139.718027,35.618115,0 139.717753,35.618073,0 139.717644,35.618046,0 139.717491,35.618000,0 139.717354,35.617953,0 139.716974,35.617755,0 139.716211,35.617348,0 139.715874,35.617157,0 139.715741,35.617073,0 139.715729,35.617063,0 139.715499,35.617103,0 139.715323,35.617125,0 139.715322,35.617358,0 139.715322,35.617553,0 139.715124,35.617598,0 139.714893,35.617695,0 139.714720,35.617788,0 139.714534,35.618013,0 139.714457,35.618170,0 139.714247,35.618051,0 139.714063,35.617970,0 139.713563,35.618550,0 139.713793,35.618630,0 139.713945,35.618702,0 139.714012,35.618739,0 139.714400,35.618954,0 139.714979,35.619269,0 139.715071,35.619315,0 139.715676,35.619584,0 139.715746,35.619638,0 139.715976,35.619785,0 139.716278,35.619979,0 139.716310,35.619987,0 139.716785,35.619596,0</coordinates>
          </LinearRing>
        </outerBoundaryIs>
      </Polygon>
    </Placemark>
    <Placemark>
      <name>小山四丁目町会</name>
      <description>町会・自治会名: 小山四丁目町会
公式町会名: 小山四丁目町会
地域区分: 荏原第一地域
住所区域: 小山4丁目 全域
連絡先: 03-3782-8313
出典: https://www2.wagmap.jp/shinagawa/OpenDataDetail?lid=2100&amp;mids=110
https://www.city.shinagawa.tokyo.jp/PC/chiiki/chiiki-tyokai/hpg000011180.html
https://www.shinagawa-choukaijichikai.jp/association/
https://pc.tamemap.net/1310901/activities?utf8=%E2%9C%93&amp;area=&amp;category=%E7%94%BA%E4%BC%9A%E3%83%BB%E8%87%AA%E6%B2%BB%E4%BC%9A&amp;word=
https://www.shinagawa-choukaijichikai.jp/ebaraarea/349/</description>
      <styleUrl>#area-0</styleUrl>
      <ExtendedData>
        <Data name="町会・自治会名">
          <value>小山四丁目町会</value>
        </Data>
        <Data name="公式町会名">
          <value>小山四丁目町会</value>
        </Data>
        <Data name="地域区分">
          <value>荏原第一地域</value>
        </Data>
        <Data name="住所区域">
          <value>小山4丁目 全域</value>
        </Data>
        <Data name="町会長">
          <value />
        </Data>
        <Data name="代表者">
          <value />
        </Data>
        <Data name="連絡先">
          <value>03-3782-8313</value>
        </Data>
        <Data name="電話">
          <value />
        </Data>
        <Data name="メール">
          <value />
        </Data>
        <Data name="町会の紹介">
          <value />
        </Data>
        <Data name="活動実績">
          <value />
        </Data>
        <Data name="ホームページ">
          <value />
        </Data>
        <Data name="SNS">
          <value />
        </Data>
        <Data name="出典">
          <value>https://www2.wagmap.jp/shinagawa/OpenDataDetail?lid=2100&amp;mids=110
https://www.city.shinagawa.tokyo.jp/PC/chiiki/chiiki-tyokai/hpg000011180.html
https://www.shinagawa-choukaijichikai.jp/association/
https://pc.tamemap.net/1310901/activities?utf8=%E2%9C%93&amp;area=&amp;category=%E7%94%BA%E4%BC%9A%E3%83%BB%E8%87%AA%E6%B2%BB%E4%BC%9A&amp;word=
https://www.shinagawa-choukaijichikai.jp/ebaraarea/349/</value>
        </Data>
      </ExtendedData>
      <Polygon>
        <tessellate>1</tessellate>
        <altitudeMode>clampToGround</altitudeMode>
        <outerBoundaryIs>
          <LinearRing>
            <coordinates>139.704267,35.618757,0 139.705473,35.617836,0 139.705020,35.617376,0 139.703935,35.616276,0 139.703067,35.617019,0 139.702688,35.617277,0 139.702198,35.617597,0 139.701073,35.618266,0 139.700864,35.618399,0 139.700729,35.618478,0 139.701426,35.619265,0 139.702294,35.620231,0 139.702343,35.620283,0 139.704267,35.618757,0</coordinates>
          </LinearRing>
        </outerBoundaryIs>
      </Polygon>
    </Placemark>
    <Placemark>
      <name>荏原二丁目町会</name>
      <description>町会・自治会名: 荏原二丁目町会
公式町会名: 荏原二丁目町会
地域区分: 荏原第一地域
住所区域: 荏原2丁目 4番～8番 / 荏原2丁目 10番～17番
出典: https://www2.wagmap.jp/shinagawa/OpenDataDetail?lid=2100&amp;mids=110
https://www.city.shinagawa.tokyo.jp/PC/chiiki/chiiki-tyokai/hpg000011180.html
https://www.shinagawa-choukaijichikai.jp/association/
https://pc.tamemap.net/1310901/activities?utf8=%E2%9C%93&amp;area=&amp;category=%E7%94%BA%E4%BC%9A%E3%83%BB%E8%87%AA%E6%B2%BB%E4%BC%9A&amp;word=
https://www.shinagawa-choukaijichikai.jp/ebaraarea/352/</description>
      <styleUrl>#area-1</styleUrl>
      <ExtendedData>
        <Data name="町会・自治会名">
          <value>荏原二丁目町会</value>
        </Data>
        <Data name="公式町会名">
          <value>荏原二丁目町会</value>
        </Data>
        <Data name="地域区分">
          <value>荏原第一地域</value>
        </Data>
        <Data name="住所区域">
          <value>荏原2丁目 4番～8番 / 荏原2丁目 10番～17番</value>
        </Data>
        <Data name="町会長">
          <value />
        </Data>
        <Data name="代表者">
          <value />
        </Data>
        <Data name="連絡先">
          <value />
        </Data>
        <Data name="電話">
          <value />
        </Data>
        <Data name="メール">
          <value />
        </Data>
        <Data name="町会の紹介">
          <value />
        </Data>
        <Data name="活動実績">
          <value />
        </Data>
        <Data name="ホームページ">
          <value />
        </Data>
        <Data name="SNS">
          <value />
        </Data>
        <Data name="出典">
          <value>https://www2.wagmap.jp/shinagawa/OpenDataDetail?lid=2100&amp;mids=110
https://www.city.shinagawa.tokyo.jp/PC/chiiki/chiiki-tyokai/hpg000011180.html
https://www.shinagawa-choukaijichikai.jp/association/
https://pc.tamemap.net/1310901/activities?utf8=%E2%9C%93&amp;area=&amp;category=%E7%94%BA%E4%BC%9A%E3%83%BB%E8%87%AA%E6%B2%BB%E4%BC%9A&amp;word=
https://www.shinagawa-choukaijichikai.jp/ebaraarea/352/</value>
        </Data>
      </ExtendedData>
      <Polygon>
        <tessellate>1</tessellate>
        <altitudeMode>clampToGround</altitudeMode>
        <outerBoundaryIs>
          <LinearRing>
            <coordinates>139.710989,35.620264,0 139.711939,35.619503,0 139.712096,35.619391,0 139.712122,35.619394,0 139.712610,35.619033,0 139.712708,35.618945,0 139.713241,35.618392,0 139.712646,35.618045,0 139.711534,35.617479,0 139.711127,35.617278,0 139.710903,35.617212,0 139.710632,35.617182,0 139.710443,35.617132,0 139.710292,35.617036,0 139.709491,35.616243,0 139.709400,35.616178,0 139.709108,35.615884,0 139.709082,35.615856,0 139.708770,35.616067,0 139.708708,35.616103,0 139.708637,35.616174,0 139.708696,35.616553,0 139.708569,35.617630,0 139.708455,35.618020,0 139.708331,35.618412,0 139.708590,35.618550,0 139.708829,35.618712,0 139.708961,35.618810,0 139.709120,35.618947,0 139.709385,35.619191,0 139.709796,35.619527,0 139.710042,35.619732,0 139.710164,35.619862,0 139.710323,35.620058,0 139.710385,35.620148,0 139.710472,35.620331,0 139.710989,35.620264,0</coordinates>
          </LinearRing>
        </outerBoundaryIs>
      </Polygon>
    </Placemark>
    <Placemark>
      <name>大崎一二三町会</name>
      <description>町会・自治会名: 大崎一二三町会
公式町会名: 大崎一二三町会
地域区分: 大崎第二地域
住所区域: 大崎2丁目 全域（9番1～4号除く） / 大崎3丁目 1番（12～17号） / 大崎3丁目 2番 / 大崎3丁目 3番（1、4～13号） / 大崎3丁目 9番～20番
町会の紹介: 春爛漫の「お花見会」ホッカホカの「焼いも会」はじめ「資源回収」「交通安全見守り」「まちかど防災訓練」など、町会独自の取り組みを進めています。 地域のお祭り、防災訓練、納涼祭など、近隣町会や団体との連携による行事にも積極的に参加し、世代を超えた交流を深め地域の輪を広げています。 町会掲示板・回覧板・会報誌・ホームページで皆さんに様々な情報をお届けしています。是非ご参加ください。お待ちしています。
出典: https://www2.wagmap.jp/shinagawa/OpenDataDetail?lid=2100&amp;mids=110
https://www.city.shinagawa.tokyo.jp/PC/chiiki/chiiki-tyokai/hpg000011176.html
https://www.shinagawa-choukaijichikai.jp/association/
https://pc.tamemap.net/1310901/activities?utf8=%E2%9C%93&amp;area=&amp;category=%E7%94%BA%E4%BC%9A%E3%83%BB%E8%87%AA%E6%B2%BB%E4%BC%9A&amp;word=
https://www.shinagawa-choukaijichikai.jp/osakiarea/430/</description>
      <styleUrl>#area-0</styleUrl>
      <ExtendedData>
        <Data name="町会・自治会名">
          <value>大崎一二三町会</value>
        </Data>
        <Data name="公式町会名">
          <value>大崎一二三町会</value>
        </Data>
        <Data name="地域区分">
          <value>大崎第二地域</value>
        </Data>
        <Data name="住所区域">
          <value>大崎2丁目 全域（9番1～4号除く） / 大崎3丁目 1番（12～17号） / 大崎3丁目 2番 / 大崎3丁目 3番（1、4～13号） / 大崎3丁目 9番～20番</value>
        </Data>
        <Data name="町会長">
          <value />
        </Data>
        <Data name="代表者">
          <value />
        </Data>
        <Data name="連絡先">
          <value />
        </Data>
        <Data name="電話">
          <value />
        </Data>
        <Data name="メール">
          <value />
        </Data>
        <Data name="町会の紹介">
          <value>春爛漫の「お花見会」ホッカホカの「焼いも会」はじめ「資源回収」「交通安全見守り」「まちかど防災訓練」など、町会独自の取り組みを進めています。 地域のお祭り、防災訓練、納涼祭など、近隣町会や団体との連携による行事にも積極的に参加し、世代を超えた交流を深め地域の輪を広げています。 町会掲示板・回覧板・会報誌・ホームページで皆さんに様々な情報をお届けしています。是非ご参加ください。お待ちしています。</value>
        </Data>
        <Data name="活動実績">
          <value />
        </Data>
        <Data name="ホームページ">
          <value />
        </Data>
        <Data name="SNS">
          <value />
        </Data>
        <Data name="出典">
          <value>https://www2.wagmap.jp/shinagawa/OpenDataDetail?lid=2100&amp;mids=110
https://www.city.shinagawa.tokyo.jp/PC/chiiki/chiiki-tyokai/hpg000011176.html
https://www.shinagawa-choukaijichikai.jp/association/
https://pc.tamemap.net/1310901/activities?utf8=%E2%9C%93&amp;area=&amp;category=%E7%94%BA%E4%BC%9A%E3%83%BB%E8%87%AA%E6%B2%BB%E4%BC%9A&amp;word=
https://www.shinagawa-choukaijichikai.jp/osakiarea/430/</value>
        </Data>
      </ExtendedData>
      <Polygon>
        <tessellate>1</tessellate>
        <altitudeMode>clampToGround</altitudeMode>
        <outerBoundaryIs>
          <LinearRing>
            <coordinates>139.724373,35.620966,0 139.724379,35.620946,0 139.724509,35.620862,0 139.724495,35.620814,0 139.724580,35.620801,0 139.724658,35.620800,0 139.724746,35.620793,0 139.724779,35.620786,0 139.724710,35.620611,0 139.724692,35.620614,0 139.724614,35.620347,0 139.724852,35.620298,0 139.724922,35.620287,0 139.724946,35.620279,0 139.724936,35.620267,0 139.724921,35.620244,0 139.724913,35.620224,0 139.724911,35.620210,0 139.724871,35.619726,0 139.724872,35.619691,0 139.724876,35.619677,0 139.724889,35.619660,0 139.724919,35.619635,0 139.724941,35.619628,0 139.725427,35.619514,0 139.725670,35.619477,0 139.725678,35.619464,0 139.725711,35.619191,0 139.726028,35.619190,0 139.726227,35.619191,0 139.726376,35.619189,0 139.726521,35.619192,0 139.726672,35.619203,0 139.726907,35.619243,0 139.727099,35.619267,0 139.727198,35.619286,0 139.727664,35.619396,0 139.727908,35.619479,0 139.728012,35.619340,0 139.728110,35.619203,0 139.728198,35.619092,0 139.728286,35.618974,0 139.728460,35.618725,0 139.728851,35.618210,0 139.729163,35.617835,0 139.729206,35.617801,0 139.729235,35.617782,0 139.729287,35.617752,0 139.729417,35.617685,0 139.729528,35.617609,0 139.729662,35.617519,0 139.729768,35.617435,0 139.729893,35.617345,0 139.730012,35.617254,0 139.730116,35.617157,0 139.730364,35.616872,0 139.730624,35.616556,0 139.730392,35.616512,0 139.730136,35.616463,0 139.729950,35.616429,0 139.729407,35.616334,0 139.729287,35.616321,0 139.729199,35.616321,0 139.729086,35.616327,0 139.728806,35.616345,0 139.728703,35.616341,0 139.728627,35.616328,0 139.728546,35.616506,0 139.728438,35.616580,0 139.728349,35.616629,0 139.728155,35.616715,0 139.727987,35.616797,0 139.727934,35.616819,0 139.727602,35.617409,0 139.727450,35.617675,0 139.727404,35.617663,0 139.727139,35.617593,0 139.726980,35.617575,0 139.727075,35.617278,0 139.727095,35.617054,0 139.726883,35.617003,0 139.726718,35.616983,0 139.726491,35.616975,0 139.726435,35.616833,0 139.726361,35.616438,0 139.726298,35.616444,0 139.726122,35.616462,0 139.726044,35.616474,0 139.725973,35.616491,0 139.725895,35.616511,0 139.725824,35.616530,0 139.725759,35.616552,0 139.725673,35.616592,0 139.725527,35.616662,0 139.725354,35.616741,0 139.725044,35.616884,0 139.724905,35.616944,0 139.724834,35.616967,0 139.724671,35.616998,0 139.724373,35.617056,0 139.724186,35.617092,0 139.724135,35.617103,0 139.723861,35.617123,0 139.723704,35.617135,0 139.723224,35.617179,0 139.722994,35.617208,0 139.722919,35.617215,0 139.722865,35.617216,0 139.722231,35.617188,0 139.721861,35.617180,0 139.721646,35.617182,0 139.721493,35.617185,0 139.721336,35.617192,0 139.721223,35.617204,0 139.721086,35.617231,0 139.720869,35.617298,0 139.719864,35.617667,0 139.720098,35.617785,0 139.721234,35.618305,0 139.722215,35.618745,0 139.722897,35.619012,0 139.722976,35.619052,0 139.723144,35.619158,0 139.723239,35.619225,0 139.723297,35.619276,0 139.723408,35.619382,0 139.723467,35.619440,0 139.723521,35.619559,0 139.723559,35.619634,0 139.723611,35.619735,0 139.723638,35.619798,0 139.723709,35.619996,0 139.723743,35.620105,0 139.723964,35.620669,0 139.724097,35.620945,0 139.724133,35.621052,0 139.724373,35.620966,0</coordinates>
          </LinearRing>
        </outerBoundaryIs>
      </Polygon>
    </Placemark>
    <Placemark>
      <name>荏原一丁目町会</name>
      <description>町会・自治会名: 荏原一丁目町会
公式町会名: 荏原一丁目町会
地域区分: 荏原第一地域
住所区域: 荏原1丁目 1番（5～35号） / 荏原1丁目 2番（5～15号） / 荏原1丁目 3番～4番 / 荏原1丁目 5番（8～20号） / 荏原1丁目 6番（5～15号） / 荏原1丁目 7番～8番 / 荏原1丁目 9番（6～12号） / 荏原1丁目 10番（6～13号） / 荏原1丁目 11番～12番 / 荏原1丁目 14番（7～12号） / 荏原1丁目 19番 / 荏原1丁目 24番～25番
連絡先: 090-4425-4800
出典: https://www2.wagmap.jp/shinagawa/OpenDataDetail?lid=2100&amp;mids=110
https://www.city.shinagawa.tokyo.jp/PC/chiiki/chiiki-tyokai/hpg000011180.html
https://www.shinagawa-choukaijichikai.jp/association/
https://pc.tamemap.net/1310901/activities?utf8=%E2%9C%93&amp;area=&amp;category=%E7%94%BA%E4%BC%9A%E3%83%BB%E8%87%AA%E6%B2%BB%E4%BC%9A&amp;word=
https://www.shinagawa-choukaijichikai.jp/ebaraarea/351/</description>
      <styleUrl>#area-0</styleUrl>
      <ExtendedData>
        <Data name="町会・自治会名">
          <value>荏原一丁目町会</value>
        </Data>
        <Data name="公式町会名">
          <value>荏原一丁目町会</value>
        </Data>
        <Data name="地域区分">
          <value>荏原第一地域</value>
        </Data>
        <Data name="住所区域">
          <value>荏原1丁目 1番（5～35号） / 荏原1丁目 2番（5～15号） / 荏原1丁目 3番～4番 / 荏原1丁目 5番（8～20号） / 荏原1丁目 6番（5～15号） / 荏原1丁目 7番～8番 / 荏原1丁目 9番（6～12号） / 荏原1丁目 10番（6～13号） / 荏原1丁目 11番～12番 / 荏原1丁目 14番（7～12号） / 荏原1丁目 19番 / 荏原1丁目 24番～25番</value>
        </Data>
        <Data name="町会長">
          <value />
        </Data>
        <Data name="代表者">
          <value />
        </Data>
        <Data name="連絡先">
          <value>090-4425-4800</value>
        </Data>
        <Data name="電話">
          <value />
        </Data>
        <Data name="メール">
          <value />
        </Data>
        <Data name="町会の紹介">
          <value />
        </Data>
        <Data name="活動実績">
          <value />
        </Data>
        <Data name="ホームページ">
          <value />
        </Data>
        <Data name="SNS">
          <value />
        </Data>
        <Data name="出典">
          <value>https://www2.wagmap.jp/shinagawa/OpenDataDetail?lid=2100&amp;mids=110
https://www.city.shinagawa.tokyo.jp/PC/chiiki/chiiki-tyokai/hpg000011180.html
https://www.shinagawa-choukaijichikai.jp/association/
https://pc.tamemap.net/1310901/activities?utf8=%E2%9C%93&amp;area=&amp;category=%E7%94%BA%E4%BC%9A%E3%83%BB%E8%87%AA%E6%B2%BB%E4%BC%9A&amp;word=
https://www.shinagawa-choukaijichikai.jp/ebaraarea/351/</value>
        </Data>
      </ExtendedData>
      <Polygon>
        <tessellate>1</tessellate>
        <altitudeMode>clampToGround</altitudeMode>
        <outerBoundaryIs>
          <LinearRing>
            <coordinates>139.713242,35.621744,0 139.713205,35.621698,0 139.713200,35.621686,0 139.713264,35.621614,0 139.713318,35.621587,0 139.713237,35.621474,0 139.713310,35.621439,0 139.713347,35.621420,0 139.713439,35.621557,0 139.713460,35.621547,0 139.713618,35.621486,0 139.713659,35.621462,0 139.713704,35.621434,0 139.713718,35.621433,0 139.713687,35.621402,0 139.713609,35.621313,0 139.713725,35.621256,0 139.713744,35.621271,0 139.713852,35.621222,0 139.713942,35.621172,0 139.714015,35.621134,0 139.714062,35.621112,0 139.714064,35.621112,0 139.714138,35.621076,0 139.714304,35.620995,0 139.714303,35.620991,0 139.714396,35.620943,0 139.714443,35.620918,0 139.714458,35.620936,0 139.714555,35.621063,0 139.714607,35.621032,0 139.714687,35.620974,0 139.714724,35.620955,0 139.714689,35.620915,0 139.714628,35.620822,0 139.714710,35.620770,0 139.714680,35.620677,0 139.714795,35.620633,0 139.714919,35.620628,0 139.714975,35.620662,0 139.715438,35.620362,0 139.715474,35.620340,0 139.715430,35.620302,0 139.715322,35.620141,0 139.715336,35.620119,0 139.715499,35.620067,0 139.715585,35.620022,0 139.715728,35.619934,0 139.715795,35.619912,0 139.715943,35.619817,0 139.715976,35.619785,0 139.715746,35.619638,0 139.715676,35.619584,0 139.715071,35.619315,0 139.714979,35.619269,0 139.714400,35.618954,0 139.714012,35.618739,0 139.713945,35.618702,0 139.713793,35.618630,0 139.713563,35.618550,0 139.713241,35.618392,0 139.712708,35.618945,0 139.712610,35.619033,0 139.712122,35.619394,0 139.712096,35.619391,0 139.711939,35.619503,0 139.710989,35.620264,0 139.711167,35.620241,0 139.711524,35.620636,0 139.711861,35.621006,0 139.712088,35.620855,0 139.712118,35.620839,0 139.712586,35.621353,0 139.712707,35.621476,0 139.712824,35.621402,0 139.713162,35.621809,0 139.713242,35.621744,0</coordinates>
          </LinearRing>
        </outerBoundaryIs>
      </Polygon>
    </Placemark>
    <Placemark>
      <name>小山二丁目東部町会</name>
      <description>町会・自治会名: 小山二丁目東部町会
公式町会名: 小山二丁目東部町会
地域区分: 荏原第一地域
住所区域: 小山2丁目 8番～17番
町会長: 新井 清久
連絡先: 090-3219-8590
町会の紹介: 小山二丁目東部町会は、役員６名、幹部２６名、大樹会、婦人部班長、理事と各部が有り、特に幹部は若手で構成され、連絡網はLINEですのでスピード感が有り、明るく楽しく活動して町会の未来を担う人材が揃っています。お花見、交通安全運動、運動会、お祭、防災訓練の炊き出し、消火隊の訓練、夜間防犯パトロール、夜警、もちつき大会、新年は初詣と色々と行事が有り、幹部会の会議を定期的に行っています。区民防災訓練は年２回有り、後地公園に集まり行動を共にします。避難所は、新校舎となりました後地小学校で、３町会の避難所となり、一時集合場所は、後地シルバーセンターの公園になります。東部町会の一大イベントのお祭りは、友和会、婦人部、各部で頑張って盛り上げます。
出典: https://www2.wagmap.jp/shinagawa/OpenDataDetail?lid=2100&amp;mids=110
https://www.city.shinagawa.tokyo.jp/PC/chiiki/chiiki-tyokai/hpg000011180.html
https://www.shinagawa-choukaijichikai.jp/association/
https://pc.tamemap.net/1310901/activities?utf8=%E2%9C%93&amp;area=&amp;category=%E7%94%BA%E4%BC%9A%E3%83%BB%E8%87%AA%E6%B2%BB%E4%BC%9A&amp;word=
https://www.shinagawa-choukaijichikai.jp/ebaraarea/563/</description>
      <styleUrl>#area-2</styleUrl>
      <ExtendedData>
        <Data name="町会・自治会名">
          <value>小山二丁目東部町会</value>
        </Data>
        <Data name="公式町会名">
          <value>小山二丁目東部町会</value>
        </Data>
        <Data name="地域区分">
          <value>荏原第一地域</value>
        </Data>
        <Data name="住所区域">
          <value>小山2丁目 8番～17番</value>
        </Data>
        <Data name="町会長">
          <value>新井 清久</value>
        </Data>
        <Data name="代表者">
          <value />
        </Data>
        <Data name="連絡先">
          <value>090-3219-8590</value>
        </Data>
        <Data name="電話">
          <value />
        </Data>
        <Data name="メール">
          <value />
        </Data>
        <Data name="町会の紹介">
          <value>小山二丁目東部町会は、役員６名、幹部２６名、大樹会、婦人部班長、理事と各部が有り、特に幹部は若手で構成され、連絡網はLINEですのでスピード感が有り、明るく楽しく活動して町会の未来を担う人材が揃っています。お花見、交通安全運動、運動会、お祭、防災訓練の炊き出し、消火隊の訓練、夜間防犯パトロール、夜警、もちつき大会、新年は初詣と色々と行事が有り、幹部会の会議を定期的に行っています。区民防災訓練は年２回有り、後地公園に集まり行動を共にします。避難所は、新校舎となりました後地小学校で、３町会の避難所となり、一時集合場所は、後地シルバーセンターの公園になります。東部町会の一大イベントのお祭りは、友和会、婦人部、各部で頑張って盛り上げます。</value>
        </Data>
        <Data name="活動実績">
          <value />
        </Data>
        <Data name="ホームページ">
          <value />
        </Data>
        <Data name="SNS">
          <value />
        </Data>
        <Data name="出典">
          <value>https://www2.wagmap.jp/shinagawa/OpenDataDetail?lid=2100&amp;mids=110
https://www.city.shinagawa.tokyo.jp/PC/chiiki/chiiki-tyokai/hpg000011180.html
https://www.shinagawa-choukaijichikai.jp/association/
https://pc.tamemap.net/1310901/activities?utf8=%E2%9C%93&amp;area=&amp;category=%E7%94%BA%E4%BC%9A%E3%83%BB%E8%87%AA%E6%B2%BB%E4%BC%9A&amp;word=
https://www.shinagawa-choukaijichikai.jp/ebaraarea/563/</value>
        </Data>
      </ExtendedData>
      <Polygon>
        <tessellate>1</tessellate>
        <altitudeMode>clampToGround</altitudeMode>
        <outerBoundaryIs>
          <LinearRing>
            <coordinates>139.710092,35.621601,0 139.710432,35.621373,0 139.710788,35.621134,0 139.711524,35.620636,0 139.711167,35.620241,0 139.710989,35.620264,0 139.710472,35.620331,0 139.710385,35.620148,0 139.710323,35.620058,0 139.710164,35.619862,0 139.710042,35.619732,0 139.709796,35.619527,0 139.709385,35.619191,0 139.709120,35.618947,0 139.708961,35.618810,0 139.708829,35.618712,0 139.708590,35.618550,0 139.708331,35.618412,0 139.708125,35.619086,0 139.707980,35.619762,0 139.707935,35.619950,0 139.707870,35.620166,0 139.707809,35.620318,0 139.707739,35.620476,0 139.708234,35.620435,0 139.708427,35.620990,0 139.709189,35.621530,0 139.709605,35.621927,0 139.710092,35.621601,0</coordinates>
          </LinearRing>
        </outerBoundaryIs>
      </Polygon>
    </Placemark>
    <Placemark>
      <name>小山三丁目町会</name>
      <description>町会・自治会名: 小山三丁目町会
公式町会名: 小山三丁目町会
地域区分: 荏原第一地域
住所区域: 小山3丁目 全域
連絡先: 090-8588-2531
出典: https://www2.wagmap.jp/shinagawa/OpenDataDetail?lid=2100&amp;mids=110
https://www.city.shinagawa.tokyo.jp/PC/chiiki/chiiki-tyokai/hpg000011180.html
https://www.shinagawa-choukaijichikai.jp/association/
https://pc.tamemap.net/1310901/activities?utf8=%E2%9C%93&amp;area=&amp;category=%E7%94%BA%E4%BC%9A%E3%83%BB%E8%87%AA%E6%B2%BB%E4%BC%9A&amp;word=
https://www.shinagawa-choukaijichikai.jp/ebaraarea/348/</description>
      <styleUrl>#area-1</styleUrl>
      <ExtendedData>
        <Data name="町会・自治会名">
          <value>小山三丁目町会</value>
        </Data>
        <Data name="公式町会名">
          <value>小山三丁目町会</value>
        </Data>
        <Data name="地域区分">
          <value>荏原第一地域</value>
        </Data>
        <Data name="住所区域">
          <value>小山3丁目 全域</value>
        </Data>
        <Data name="町会長">
          <value />
        </Data>
        <Data name="代表者">
          <value />
        </Data>
        <Data name="連絡先">
          <value>090-8588-2531</value>
        </Data>
        <Data name="電話">
          <value />
        </Data>
        <Data name="メール">
          <value />
        </Data>
        <Data name="町会の紹介">
          <value />
        </Data>
        <Data name="活動実績">
          <value />
        </Data>
        <Data name="ホームページ">
          <value />
        </Data>
        <Data name="SNS">
          <value />
        </Data>
        <Data name="出典">
          <value>https://www2.wagmap.jp/shinagawa/OpenDataDetail?lid=2100&amp;mids=110
https://www.city.shinagawa.tokyo.jp/PC/chiiki/chiiki-tyokai/hpg000011180.html
https://www.shinagawa-choukaijichikai.jp/association/
https://pc.tamemap.net/1310901/activities?utf8=%E2%9C%93&amp;area=&amp;category=%E7%94%BA%E4%BC%9A%E3%83%BB%E8%87%AA%E6%B2%BB%E4%BC%9A&amp;word=
https://www.shinagawa-choukaijichikai.jp/ebaraarea/348/</value>
        </Data>
      </ExtendedData>
      <Polygon>
        <tessellate>1</tessellate>
        <altitudeMode>clampToGround</altitudeMode>
        <outerBoundaryIs>
          <LinearRing>
            <coordinates>139.704038,35.622008,0 139.704121,35.621994,0 139.704418,35.621925,0 139.704570,35.621881,0 139.704871,35.621779,0 139.705432,35.621579,0 139.705788,35.621436,0 139.705907,35.621376,0 139.705953,35.621350,0 139.706482,35.621036,0 139.706677,35.620938,0 139.706897,35.620844,0 139.707170,35.620736,0 139.707419,35.620632,0 139.707739,35.620476,0 139.707809,35.620318,0 139.707870,35.620166,0 139.707935,35.619950,0 139.707980,35.619762,0 139.707697,35.619729,0 139.707505,35.619703,0 139.707436,35.619690,0 139.707366,35.619664,0 139.707314,35.619635,0 139.707188,35.619525,0 139.706517,35.618846,0 139.705552,35.617917,0 139.705473,35.617836,0 139.704267,35.618757,0 139.702343,35.620283,0 139.702446,35.620412,0 139.702486,35.620553,0 139.702533,35.620668,0 139.702833,35.621213,0 139.702864,35.621293,0 139.702870,35.621348,0 139.702861,35.621446,0 139.702823,35.621604,0 139.702815,35.621675,0 139.702835,35.621711,0 139.702861,35.621730,0 139.702908,35.621730,0 139.703046,35.621724,0 139.703167,35.621729,0 139.703323,35.621737,0 139.703424,35.621734,0 139.703490,35.621724,0 139.703608,35.621695,0 139.703626,35.621791,0 139.703655,35.622013,0 139.703922,35.621991,0 139.703968,35.621999,0 139.703951,35.622013,0 139.704038,35.622008,0</coordinates>
          </LinearRing>
        </outerBoundaryIs>
      </Polygon>
    </Placemark>
    <Placemark>
      <name>西五反田南町会</name>
      <description>町会・自治会名: 西五反田南町会
公式町会名: 西五反田南町会
地域区分: 大崎第一地域
住所区域: 西五反田6丁目 11番～15番 / 西五反田6丁目 23番～25番 / 西五反田7丁目 22番（協和町会と1/2） / 西五反田7丁目 23番～25番 / 西五反田8丁目 6番（1号～9号） / 西五反田8丁目 9番～12番 / 大崎4丁目 12番（29号、30号） / 大崎4丁目 13番
出典: https://www2.wagmap.jp/shinagawa/OpenDataDetail?lid=2100&amp;mids=110
https://www.city.shinagawa.tokyo.jp/PC/chiiki/chiiki-tyokai/chiiki-tyokai-oosaki1/index.html
https://www.shinagawa-choukaijichikai.jp/association/
https://pc.tamemap.net/1310901/activities?utf8=%E2%9C%93&amp;area=&amp;category=%E7%94%BA%E4%BC%9A%E3%83%BB%E8%87%AA%E6%B2%BB%E4%BC%9A&amp;word=
https://www.shinagawa-choukaijichikai.jp/osakiarea/408/</description>
      <styleUrl>#area-0</styleUrl>
      <ExtendedData>
        <Data name="町会・自治会名">
          <value>西五反田南町会</value>
        </Data>
        <Data name="公式町会名">
          <value>西五反田南町会</value>
        </Data>
        <Data name="地域区分">
          <value>大崎第一地域</value>
        </Data>
        <Data name="住所区域">
          <value>西五反田6丁目 11番～15番 / 西五反田6丁目 23番～25番 / 西五反田7丁目 22番（協和町会と1/2） / 西五反田7丁目 23番～25番 / 西五反田8丁目 6番（1号～9号） / 西五反田8丁目 9番～12番 / 大崎4丁目 12番（29号、30号） / 大崎4丁目 13番</value>
        </Data>
        <Data name="町会長">
          <value />
        </Data>
        <Data name="代表者">
          <value />
        </Data>
        <Data name="連絡先">
          <value />
        </Data>
        <Data name="電話">
          <value />
        </Data>
        <Data name="メール">
          <value />
        </Data>
        <Data name="町会の紹介">
          <value />
        </Data>
        <Data name="活動実績">
          <value />
        </Data>
        <Data name="ホームページ">
          <value />
        </Data>
        <Data name="SNS">
          <value />
        </Data>
        <Data name="出典">
          <value>https://www2.wagmap.jp/shinagawa/OpenDataDetail?lid=2100&amp;mids=110
https://www.city.shinagawa.tokyo.jp/PC/chiiki/chiiki-tyokai/chiiki-tyokai-oosaki1/index.html
https://www.shinagawa-choukaijichikai.jp/association/
https://pc.tamemap.net/1310901/activities?utf8=%E2%9C%93&amp;area=&amp;category=%E7%94%BA%E4%BC%9A%E3%83%BB%E8%87%AA%E6%B2%BB%E4%BC%9A&amp;word=
https://www.shinagawa-choukaijichikai.jp/osakiarea/408/</value>
        </Data>
      </ExtendedData>
      <Polygon>
        <tessellate>1</tessellate>
        <altitudeMode>clampToGround</altitudeMode>
        <outerBoundaryIs>
          <LinearRing>
            <coordinates>139.719827,35.621225,0 139.719897,35.621192,0 139.720328,35.620971,0 139.720269,35.620830,0 139.720793,35.620619,0 139.720800,35.620636,0 139.720925,35.620593,0 139.720884,35.620468,0 139.720867,35.620398,0 139.720809,35.620145,0 139.720759,35.619985,0 139.720703,35.619848,0 139.720677,35.619797,0 139.720611,35.619694,0 139.720559,35.619618,0 139.720502,35.619551,0 139.720435,35.619476,0 139.720382,35.619435,0 139.720248,35.619329,0 139.720103,35.619240,0 139.720041,35.619206,0 139.720030,35.619095,0 139.719911,35.619028,0 139.720005,35.618924,0 139.719981,35.618908,0 139.720094,35.618875,0 139.719966,35.618608,0 139.719955,35.618490,0 139.719723,35.618396,0 139.719752,35.618314,0 139.719555,35.618221,0 139.719644,35.618040,0 139.719665,35.617952,0 139.719679,35.617781,0 139.719727,35.617706,0 139.719602,35.617732,0 139.719508,35.617757,0 139.719441,35.617787,0 139.719370,35.617826,0 139.718880,35.618107,0 139.718716,35.618199,0 139.718535,35.618308,0 139.718397,35.618384,0 139.718352,35.618407,0 139.718198,35.618470,0 139.718029,35.618562,0 139.716785,35.619596,0 139.716310,35.619987,0 139.716681,35.620153,0 139.716470,35.620314,0 139.716430,35.620339,0 139.716714,35.620575,0 139.716922,35.620804,0 139.716981,35.620859,0 139.717080,35.620953,0 139.717114,35.620979,0 139.717318,35.621100,0 139.717547,35.621230,0 139.717716,35.621353,0 139.718044,35.621566,0 139.717976,35.622042,0 139.720216,35.622048,0 139.719827,35.621225,0</coordinates>
          </LinearRing>
        </outerBoundaryIs>
      </Polygon>
    </Placemark>
    <Placemark>
      <name>都営東五反田二丁目アパート自治会</name>
      <description>町会・自治会名: 都営東五反田二丁目アパート自治会
公式町会名: 都営東五反田二丁目ｱﾊﾟｰﾄ自治会
地域区分: 大崎第一地域
住所区域: 東五反田2丁目 15番（6号）都営アパート
町会長: 松永 光夫
出典: https://www2.wagmap.jp/shinagawa/OpenDataDetail?lid=2100&amp;mids=110
https://www.city.shinagawa.tokyo.jp/PC/chiiki/chiiki-tyokai/chiiki-tyokai-oosaki1/index.html
https://www.shinagawa-choukaijichikai.jp/association/
https://pc.tamemap.net/1310901/activities?utf8=%E2%9C%93&amp;area=&amp;category=%E7%94%BA%E4%BC%9A%E3%83%BB%E8%87%AA%E6%B2%BB%E4%BC%9A&amp;word=
https://www.shinagawa-choukaijichikai.jp/osakiarea/406/</description>
      <styleUrl>#area-2</styleUrl>
      <ExtendedData>
        <Data name="町会・自治会名">
          <value>都営東五反田二丁目アパート自治会</value>
        </Data>
        <Data name="公式町会名">
          <value>都営東五反田二丁目ｱﾊﾟｰﾄ自治会</value>
        </Data>
        <Data name="地域区分">
          <value>大崎第一地域</value>
        </Data>
        <Data name="住所区域">
          <value>東五反田2丁目 15番（6号）都営アパート</value>
        </Data>
        <Data name="町会長">
          <value>松永 光夫</value>
        </Data>
        <Data name="代表者">
          <value />
        </Data>
        <Data name="連絡先">
          <value />
        </Data>
        <Data name="電話">
          <value />
        </Data>
        <Data name="メール">
          <value />
        </Data>
        <Data name="町会の紹介">
          <value />
        </Data>
        <Data name="活動実績">
          <value />
        </Data>
        <Data name="ホームページ">
          <value />
        </Data>
        <Data name="SNS">
          <value />
        </Data>
        <Data name="出典">
          <value>https://www2.wagmap.jp/shinagawa/OpenDataDetail?lid=2100&amp;mids=110
https://www.city.shinagawa.tokyo.jp/PC/chiiki/chiiki-tyokai/chiiki-tyokai-oosaki1/index.html
https://www.shinagawa-choukaijichikai.jp/association/
https://pc.tamemap.net/1310901/activities?utf8=%E2%9C%93&amp;area=&amp;category=%E7%94%BA%E4%BC%9A%E3%83%BB%E8%87%AA%E6%B2%BB%E4%BC%9A&amp;word=
https://www.shinagawa-choukaijichikai.jp/osakiarea/406/</value>
        </Data>
      </ExtendedData>
      <Polygon>
        <tessellate>1</tessellate>
        <altitudeMode>clampToGround</altitudeMode>
        <outerBoundaryIs>
          <LinearRing>
            <coordinates>139.729992,35.622114,0 139.729850,35.621894,0 139.729555,35.621419,0 139.729534,35.621388,0 139.729273,35.621652,0 139.729212,35.622116,0 139.729330,35.622209,0 139.729387,35.622322,0 139.729392,35.622331,0 139.729992,35.622114,0</coordinates>
          </LinearRing>
        </outerBoundaryIs>
      </Polygon>
    </Placemark>
    <Placemark>
      <name>小山二丁目西部町会</name>
      <description>町会・自治会名: 小山二丁目西部町会
公式町会名: 小山二丁目西部町会
地域区分: 荏原第一地域
住所区域: 小山2丁目 1番～7番
連絡先: 080-6528-0246
出典: https://www2.wagmap.jp/shinagawa/OpenDataDetail?lid=2100&amp;mids=110
https://www.city.shinagawa.tokyo.jp/PC/chiiki/chiiki-tyokai/hpg000011180.html
https://www.shinagawa-choukaijichikai.jp/association/
https://pc.tamemap.net/1310901/activities?utf8=%E2%9C%93&amp;area=&amp;category=%E7%94%BA%E4%BC%9A%E3%83%BB%E8%87%AA%E6%B2%BB%E4%BC%9A&amp;word=
https://www.shinagawa-choukaijichikai.jp/ebaraarea/347/</description>
      <styleUrl>#area-0</styleUrl>
      <ExtendedData>
        <Data name="町会・自治会名">
          <value>小山二丁目西部町会</value>
        </Data>
        <Data name="公式町会名">
          <value>小山二丁目西部町会</value>
        </Data>
        <Data name="地域区分">
          <value>荏原第一地域</value>
        </Data>
        <Data name="住所区域">
          <value>小山2丁目 1番～7番</value>
        </Data>
        <Data name="町会長">
          <value />
        </Data>
        <Data name="代表者">
          <value />
        </Data>
        <Data name="連絡先">
          <value>080-6528-0246</value>
        </Data>
        <Data name="電話">
          <value />
        </Data>
        <Data name="メール">
          <value />
        </Data>
        <Data name="町会の紹介">
          <value />
        </Data>
        <Data name="活動実績">
          <value />
        </Data>
        <Data name="ホームページ">
          <value />
        </Data>
        <Data name="SNS">
          <value />
        </Data>
        <Data name="出典">
          <value>https://www2.wagmap.jp/shinagawa/OpenDataDetail?lid=2100&amp;mids=110
https://www.city.shinagawa.tokyo.jp/PC/chiiki/chiiki-tyokai/hpg000011180.html
https://www.shinagawa-choukaijichikai.jp/association/
https://pc.tamemap.net/1310901/activities?utf8=%E2%9C%93&amp;area=&amp;category=%E7%94%BA%E4%BC%9A%E3%83%BB%E8%87%AA%E6%B2%BB%E4%BC%9A&amp;word=
https://www.shinagawa-choukaijichikai.jp/ebaraarea/347/</value>
        </Data>
      </ExtendedData>
      <Polygon>
        <tessellate>1</tessellate>
        <altitudeMode>clampToGround</altitudeMode>
        <outerBoundaryIs>
          <LinearRing>
            <coordinates>139.708288,35.622574,0 139.708481,35.622570,0 139.708590,35.622548,0 139.708844,35.622460,0 139.709356,35.622265,0 139.709430,35.622221,0 139.709512,35.622152,0 139.709549,35.622109,0 139.709589,35.622033,0 139.709605,35.621927,0 139.709189,35.621530,0 139.708427,35.620990,0 139.708234,35.620435,0 139.707739,35.620476,0 139.707419,35.620632,0 139.707170,35.620736,0 139.706897,35.620844,0 139.706677,35.620938,0 139.706482,35.621036,0 139.705953,35.621350,0 139.706414,35.621625,0 139.707005,35.621958,0 139.707496,35.622230,0 139.708127,35.622583,0 139.708288,35.622574,0</coordinates>
          </LinearRing>
        </outerBoundaryIs>
      </Polygon>
    </Placemark>
    <Placemark>
      <name>西五反田六丁目町会</name>
      <description>町会・自治会名: 西五反田六丁目町会
公式町会名: 西五反田六丁目町会
地域区分: 大崎第一地域
住所区域: 西五反田6丁目 5番～10番 / 西五反田6丁目 16番～17番
出典: https://www2.wagmap.jp/shinagawa/OpenDataDetail?lid=2100&amp;mids=110
https://www.city.shinagawa.tokyo.jp/PC/chiiki/chiiki-tyokai/chiiki-tyokai-oosaki1/index.html
https://www.shinagawa-choukaijichikai.jp/association/
https://pc.tamemap.net/1310901/activities?utf8=%E2%9C%93&amp;area=&amp;category=%E7%94%BA%E4%BC%9A%E3%83%BB%E8%87%AA%E6%B2%BB%E4%BC%9A&amp;word=
https://www.shinagawa-choukaijichikai.jp/osakiarea/404/</description>
      <styleUrl>#area-3</styleUrl>
      <ExtendedData>
        <Data name="町会・自治会名">
          <value>西五反田六丁目町会</value>
        </Data>
        <Data name="公式町会名">
          <value>西五反田六丁目町会</value>
        </Data>
        <Data name="地域区分">
          <value>大崎第一地域</value>
        </Data>
        <Data name="住所区域">
          <value>西五反田6丁目 5番～10番 / 西五反田6丁目 16番～17番</value>
        </Data>
        <Data name="町会長">
          <value />
        </Data>
        <Data name="代表者">
          <value />
        </Data>
        <Data name="連絡先">
          <value />
        </Data>
        <Data name="電話">
          <value />
        </Data>
        <Data name="メール">
          <value />
        </Data>
        <Data name="町会の紹介">
          <value />
        </Data>
        <Data name="活動実績">
          <value />
        </Data>
        <Data name="ホームページ">
          <value />
        </Data>
        <Data name="SNS">
          <value />
        </Data>
        <Data name="出典">
          <value>https://www2.wagmap.jp/shinagawa/OpenDataDetail?lid=2100&amp;mids=110
https://www.city.shinagawa.tokyo.jp/PC/chiiki/chiiki-tyokai/chiiki-tyokai-oosaki1/index.html
https://www.shinagawa-choukaijichikai.jp/association/
https://pc.tamemap.net/1310901/activities?utf8=%E2%9C%93&amp;area=&amp;category=%E7%94%BA%E4%BC%9A%E3%83%BB%E8%87%AA%E6%B2%BB%E4%BC%9A&amp;word=
https://www.shinagawa-choukaijichikai.jp/osakiarea/404/</value>
        </Data>
      </ExtendedData>
      <Polygon>
        <tessellate>1</tessellate>
        <altitudeMode>clampToGround</altitudeMode>
        <outerBoundaryIs>
          <LinearRing>
            <coordinates>139.716556,35.622934,0 139.716940,35.622590,0 139.716981,35.622575,0 139.717014,35.622564,0 139.717087,35.622573,0 139.717900,35.622651,0 139.717976,35.622042,0 139.718044,35.621566,0 139.717716,35.621353,0 139.717547,35.621230,0 139.717318,35.621100,0 139.717114,35.620979,0 139.717080,35.620953,0 139.716981,35.620859,0 139.716922,35.620804,0 139.716714,35.620575,0 139.716430,35.620339,0 139.716397,35.620361,0 139.715720,35.620895,0 139.715660,35.620953,0 139.715361,35.621184,0 139.715364,35.621229,0 139.715497,35.621847,0 139.715512,35.621890,0 139.715553,35.621976,0 139.715649,35.622178,0 139.715662,35.622208,0 139.715818,35.622518,0 139.716090,35.622655,0 139.716326,35.622837,0 139.716531,35.622964,0 139.716556,35.622934,0</coordinates>
          </LinearRing>
        </outerBoundaryIs>
      </Polygon>
    </Placemark>
    <Placemark>
      <name>大崎四丁目町会</name>
      <description>町会・自治会名: 大崎四丁目町会
公式町会名: 大崎四丁目町会
地域区分: 大崎第二地域
住所区域: 大崎4丁目 1番～11番 / 大崎4丁目 12番（1～27号） / 西五反田8丁目 4番（14、15号）
連絡先: 090-6518-5122
町会の紹介: 私たちは「明るく元気な住み良い町」を目標に、お花見・お祭など各行事を通して皆様との親睦をはかっています。また防災訓練・防犯運動などの地区活動や、自主的な資源回収・声かけ運動などにも取り組み中です。皆様のご参加を、心よりお待ちしております。
出典: https://www2.wagmap.jp/shinagawa/OpenDataDetail?lid=2100&amp;mids=110
https://www.city.shinagawa.tokyo.jp/PC/chiiki/chiiki-tyokai/hpg000011176.html
https://www.shinagawa-choukaijichikai.jp/association/
https://pc.tamemap.net/1310901/activities?utf8=%E2%9C%93&amp;area=&amp;category=%E7%94%BA%E4%BC%9A%E3%83%BB%E8%87%AA%E6%B2%BB%E4%BC%9A&amp;word=
https://www.shinagawa-choukaijichikai.jp/osakiarea/433/</description>
      <styleUrl>#area-1</styleUrl>
      <ExtendedData>
        <Data name="町会・自治会名">
          <value>大崎四丁目町会</value>
        </Data>
        <Data name="公式町会名">
          <value>大崎四丁目町会</value>
        </Data>
        <Data name="地域区分">
          <value>大崎第二地域</value>
        </Data>
        <Data name="住所区域">
          <value>大崎4丁目 1番～11番 / 大崎4丁目 12番（1～27号） / 西五反田8丁目 4番（14、15号）</value>
        </Data>
        <Data name="町会長">
          <value />
        </Data>
        <Data name="代表者">
          <value />
        </Data>
        <Data name="連絡先">
          <value>090-6518-5122</value>
        </Data>
        <Data name="電話">
          <value />
        </Data>
        <Data name="メール">
          <value />
        </Data>
        <Data name="町会の紹介">
          <value>私たちは「明るく元気な住み良い町」を目標に、お花見・お祭など各行事を通して皆様との親睦をはかっています。また防災訓練・防犯運動などの地区活動や、自主的な資源回収・声かけ運動などにも取り組み中です。皆様のご参加を、心よりお待ちしております。</value>
        </Data>
        <Data name="活動実績">
          <value />
        </Data>
        <Data name="ホームページ">
          <value />
        </Data>
        <Data name="SNS">
          <value />
        </Data>
        <Data name="出典">
          <value>https://www2.wagmap.jp/shinagawa/OpenDataDetail?lid=2100&amp;mids=110
https://www.city.shinagawa.tokyo.jp/PC/chiiki/chiiki-tyokai/hpg000011176.html
https://www.shinagawa-choukaijichikai.jp/association/
https://pc.tamemap.net/1310901/activities?utf8=%E2%9C%93&amp;area=&amp;category=%E7%94%BA%E4%BC%9A%E3%83%BB%E8%87%AA%E6%B2%BB%E4%BC%9A&amp;word=
https://www.shinagawa-choukaijichikai.jp/osakiarea/433/</value>
        </Data>
      </ExtendedData>
      <Polygon>
        <tessellate>1</tessellate>
        <altitudeMode>clampToGround</altitudeMode>
        <outerBoundaryIs>
          <LinearRing>
            <coordinates>139.722842,35.622935,0 139.723078,35.622795,0 139.723442,35.622570,0 139.724036,35.622141,0 139.724289,35.621962,0 139.724578,35.621766,0 139.724505,35.621685,0 139.724453,35.621624,0 139.724402,35.621530,0 139.724332,35.621383,0 139.724271,35.621302,0 139.724182,35.621174,0 139.724133,35.621052,0 139.724097,35.620945,0 139.723964,35.620669,0 139.723743,35.620105,0 139.723709,35.619996,0 139.723638,35.619798,0 139.723611,35.619735,0 139.723559,35.619634,0 139.723521,35.619559,0 139.723467,35.619440,0 139.723408,35.619382,0 139.723297,35.619276,0 139.723239,35.619225,0 139.723144,35.619158,0 139.722976,35.619052,0 139.722897,35.619012,0 139.722215,35.618745,0 139.721234,35.618305,0 139.720098,35.617785,0 139.719864,35.617667,0 139.719727,35.617706,0 139.719679,35.617781,0 139.719665,35.617952,0 139.719644,35.618040,0 139.719555,35.618221,0 139.719752,35.618314,0 139.719723,35.618396,0 139.719955,35.618490,0 139.719966,35.618608,0 139.720094,35.618875,0 139.719981,35.618908,0 139.720005,35.618924,0 139.719911,35.619028,0 139.720030,35.619095,0 139.720041,35.619206,0 139.720103,35.619240,0 139.720248,35.619329,0 139.720382,35.619435,0 139.720435,35.619476,0 139.720502,35.619551,0 139.720559,35.619618,0 139.720611,35.619694,0 139.720677,35.619797,0 139.720703,35.619848,0 139.720759,35.619985,0 139.720809,35.620145,0 139.720867,35.620398,0 139.720884,35.620468,0 139.720925,35.620593,0 139.720957,35.620693,0 139.720976,35.620755,0 139.721013,35.620838,0 139.721050,35.620911,0 139.721119,35.621026,0 139.721166,35.621100,0 139.721199,35.621153,0 139.721280,35.621254,0 139.721375,35.621369,0 139.721465,35.621493,0 139.721565,35.621630,0 139.721674,35.621756,0 139.721789,35.621874,0 139.721904,35.621992,0 139.722021,35.622125,0 139.722195,35.622316,0 139.722329,35.622454,0 139.722552,35.622671,0 139.722242,35.622873,0 139.722506,35.623131,0 139.722842,35.622935,0</coordinates>
          </LinearRing>
        </outerBoundaryIs>
      </Polygon>
    </Placemark>
    <Placemark>
      <name>小山一丁目町会</name>
      <description>町会・自治会名: 小山一丁目町会
公式町会名: 小山一丁目町会
地域区分: 荏原第一地域
住所区域: 小山1丁目 1番（1、9～15号） / 小山1丁目 2番 / 小山1丁目 3番（11～17号） / 小山1丁目 4番(5～8、15、29～34号）、5番～11番
連絡先: 090-3500-2812
町会の紹介: 各部が年間を通じて活動しております。また、地域安全パトロール隊を結成しておりまして、防火・防犯運動期間中は夜間町内パトロールを実施しています。その他祭礼・餅つき等、是非、町会行事に参加してください。皆様と共に住みよい町にしていきましょう。
出典: https://www2.wagmap.jp/shinagawa/OpenDataDetail?lid=2100&amp;mids=110
https://www.city.shinagawa.tokyo.jp/PC/chiiki/chiiki-tyokai/hpg000011180.html
https://www.shinagawa-choukaijichikai.jp/association/
https://pc.tamemap.net/1310901/activities?utf8=%E2%9C%93&amp;area=&amp;category=%E7%94%BA%E4%BC%9A%E3%83%BB%E8%87%AA%E6%B2%BB%E4%BC%9A&amp;word=
https://www.shinagawa-choukaijichikai.jp/ebaraarea/562/</description>
      <styleUrl>#area-3</styleUrl>
      <ExtendedData>
        <Data name="町会・自治会名">
          <value>小山一丁目町会</value>
        </Data>
        <Data name="公式町会名">
          <value>小山一丁目町会</value>
        </Data>
        <Data name="地域区分">
          <value>荏原第一地域</value>
        </Data>
        <Data name="住所区域">
          <value>小山1丁目 1番（1、9～15号） / 小山1丁目 2番 / 小山1丁目 3番（11～17号） / 小山1丁目 4番(5～8、15、29～34号）、5番～11番</value>
        </Data>
        <Data name="町会長">
          <value />
        </Data>
        <Data name="代表者">
          <value />
        </Data>
        <Data name="連絡先">
          <value>090-3500-2812</value>
        </Data>
        <Data name="電話">
          <value />
        </Data>
        <Data name="メール">
          <value />
        </Data>
        <Data name="町会の紹介">
          <value>各部が年間を通じて活動しております。また、地域安全パトロール隊を結成しておりまして、防火・防犯運動期間中は夜間町内パトロールを実施しています。その他祭礼・餅つき等、是非、町会行事に参加してください。皆様と共に住みよい町にしていきましょう。</value>
        </Data>
        <Data name="活動実績">
          <value />
        </Data>
        <Data name="ホームページ">
          <value />
        </Data>
        <Data name="SNS">
          <value />
        </Data>
        <Data name="出典">
          <value>https://www2.wagmap.jp/shinagawa/OpenDataDetail?lid=2100&amp;mids=110
https://www.city.shinagawa.tokyo.jp/PC/chiiki/chiiki-tyokai/hpg000011180.html
https://www.shinagawa-choukaijichikai.jp/association/
https://pc.tamemap.net/1310901/activities?utf8=%E2%9C%93&amp;area=&amp;category=%E7%94%BA%E4%BC%9A%E3%83%BB%E8%87%AA%E6%B2%BB%E4%BC%9A&amp;word=
https://www.shinagawa-choukaijichikai.jp/ebaraarea/562/</value>
        </Data>
      </ExtendedData>
      <Polygon>
        <tessellate>1</tessellate>
        <altitudeMode>clampToGround</altitudeMode>
        <outerBoundaryIs>
          <LinearRing>
            <coordinates>139.710377,35.623756,0 139.710508,35.623650,0 139.710605,35.623538,0 139.710646,35.623503,0 139.710893,35.623316,0 139.711086,35.623156,0 139.711288,35.622984,0 139.711533,35.623197,0 139.711964,35.622802,0 139.711723,35.622613,0 139.711957,35.622387,0 139.712184,35.622163,0 139.712257,35.622084,0 139.712322,35.622031,0 139.712443,35.621910,0 139.712513,35.621838,0 139.712579,35.621781,0 139.711861,35.621006,0 139.711524,35.620636,0 139.710788,35.621134,0 139.710432,35.621373,0 139.710092,35.621601,0 139.709605,35.621927,0 139.709589,35.622033,0 139.709549,35.622109,0 139.709512,35.622152,0 139.709430,35.622221,0 139.709356,35.622265,0 139.708844,35.622460,0 139.708590,35.622548,0 139.708481,35.622570,0 139.708288,35.622574,0 139.708127,35.622583,0 139.708534,35.622814,0 139.708846,35.622993,0 139.709259,35.623223,0 139.709871,35.623573,0 139.710346,35.623837,0 139.710377,35.623756,0</coordinates>
          </LinearRing>
        </outerBoundaryIs>
      </Polygon>
    </Placemark>
    <Placemark>
      <name>小山台一丁目東町会</name>
      <description>町会・自治会名: 小山台一丁目東町会
公式町会名: 小山台一丁目東町会
地域区分: 荏原第一地域
住所区域: 小山台1丁目 15番～27番 / 小山台2丁目 7番（16～22号）、8番
代表者: 会長 石 津 忠 雄
連絡先: 03-3712-8414
電話: 03－3712－8414
メール: izishizu@gmail.com
町会の紹介: 当町会の基本理念として、皆が住み続けたいと思う町を目指し様々な活動を行っています。毎月の交通安全の日運動、防犯パトロール、町内清掃、防火防災活動、高齢者等見守り活動等を行い祭礼時には模擬店を出して町会員の皆様に楽しんで頂いています。
出典: https://www2.wagmap.jp/shinagawa/OpenDataDetail?lid=2100&amp;mids=110
https://www.city.shinagawa.tokyo.jp/PC/chiiki/chiiki-tyokai/hpg000011180.html
https://www.shinagawa-choukaijichikai.jp/association/
https://pc.tamemap.net/1310901/activities?utf8=%E2%9C%93&amp;area=&amp;category=%E7%94%BA%E4%BC%9A%E3%83%BB%E8%87%AA%E6%B2%BB%E4%BC%9A&amp;word=
https://www.shinagawa-choukaijichikai.jp/ebaraarea/343/
https://pc.tamemap.net/1310901/activities/13109010107</description>
      <styleUrl>#area-2</styleUrl>
      <ExtendedData>
        <Data name="町会・自治会名">
          <value>小山台一丁目東町会</value>
        </Data>
        <Data name="公式町会名">
          <value>小山台一丁目東町会</value>
        </Data>
        <Data name="地域区分">
          <value>荏原第一地域</value>
        </Data>
        <Data name="住所区域">
          <value>小山台1丁目 15番～27番 / 小山台2丁目 7番（16～22号）、8番</value>
        </Data>
        <Data name="町会長">
          <value />
        </Data>
        <Data name="代表者">
          <value>会長 石 津 忠 雄</value>
        </Data>
        <Data name="連絡先">
          <value>03-3712-8414</value>
        </Data>
        <Data name="電話">
          <value>03－3712－8414</value>
        </Data>
        <Data name="メール">
          <value>izishizu@gmail.com</value>
        </Data>
        <Data name="町会の紹介">
          <value>当町会の基本理念として、皆が住み続けたいと思う町を目指し様々な活動を行っています。毎月の交通安全の日運動、防犯パトロール、町内清掃、防火防災活動、高齢者等見守り活動等を行い祭礼時には模擬店を出して町会員の皆様に楽しんで頂いています。</value>
        </Data>
        <Data name="活動実績">
          <value />
        </Data>
        <Data name="ホームページ">
          <value />
        </Data>
        <Data name="SNS">
          <value />
        </Data>
        <Data name="出典">
          <value>https://www2.wagmap.jp/shinagawa/OpenDataDetail?lid=2100&amp;mids=110
https://www.city.shinagawa.tokyo.jp/PC/chiiki/chiiki-tyokai/hpg000011180.html
https://www.shinagawa-choukaijichikai.jp/association/
https://pc.tamemap.net/1310901/activities?utf8=%E2%9C%93&amp;area=&amp;category=%E7%94%BA%E4%BC%9A%E3%83%BB%E8%87%AA%E6%B2%BB%E4%BC%9A&amp;word=
https://www.shinagawa-choukaijichikai.jp/ebaraarea/343/
https://pc.tamemap.net/1310901/activities/13109010107</value>
        </Data>
      </ExtendedData>
      <Polygon>
        <tessellate>1</tessellate>
        <altitudeMode>clampToGround</altitudeMode>
        <outerBoundaryIs>
          <LinearRing>
            <coordinates>139.705730,35.623054,0 139.705766,35.622972,0 139.706511,35.623235,0 139.706537,35.623175,0 139.706553,35.622955,0 139.706607,35.622731,0 139.707369,35.622750,0 139.707412,35.622562,0 139.707496,35.622230,0 139.707005,35.621958,0 139.706414,35.621625,0 139.705953,35.621350,0 139.705907,35.621376,0 139.705788,35.621436,0 139.705432,35.621579,0 139.704871,35.621779,0 139.704570,35.621881,0 139.704418,35.621925,0 139.704121,35.621994,0 139.704038,35.622008,0 139.703951,35.622013,0 139.703867,35.622068,0 139.703689,35.622166,0 139.703527,35.622238,0 139.703375,35.622302,0 139.703140,35.622386,0 139.702952,35.622459,0 139.702815,35.622520,0 139.702665,35.622593,0 139.702525,35.622668,0 139.702422,35.622737,0 139.702411,35.622744,0 139.701990,35.623074,0 139.702010,35.623097,0 139.701882,35.623189,0 139.701794,35.623238,0 139.701834,35.623294,0 139.701867,35.623381,0 139.701882,35.623510,0 139.701897,35.623635,0 139.701921,35.623677,0 139.701949,35.623666,0 139.702555,35.623732,0 139.702673,35.623647,0 139.703083,35.623333,0 139.703171,35.623397,0 139.703244,35.623451,0 139.703256,35.623455,0 139.703290,35.623465,0 139.703425,35.623475,0 139.703866,35.623500,0 139.704099,35.623518,0 139.704347,35.623541,0 139.704522,35.623570,0 139.704695,35.623614,0 139.704896,35.623666,0 139.705101,35.623725,0 139.705281,35.623783,0 139.705339,35.623861,0 139.705736,35.623975,0 139.705730,35.623054,0</coordinates>
          </LinearRing>
        </outerBoundaryIs>
      </Polygon>
    </Placemark>
    <Placemark>
      <name>大崎三五町会</name>
      <description>町会・自治会名: 大崎三五町会
公式町会名: 大崎三五町会
地域区分: 大崎第二地域
住所区域: 大崎3丁目 1番（1、3、5、8、11号） / 大崎3丁目 3番（2～4号） / 大崎3丁目 4番～8番 / 大崎5丁目 全域
町会の紹介: 「さくらまつり」、日帰り親子レクリエーション。7月は納涼祭と区民まつり。8月は居木神社の祭礼。12月は町内夜警を行っております。たくさんの親睦行事があります。皆様、奮ってこ参加下さい。
出典: https://www2.wagmap.jp/shinagawa/OpenDataDetail?lid=2100&amp;mids=110
https://www.city.shinagawa.tokyo.jp/PC/chiiki/chiiki-tyokai/hpg000011176.html
https://www.shinagawa-choukaijichikai.jp/association/
https://pc.tamemap.net/1310901/activities?utf8=%E2%9C%93&amp;area=&amp;category=%E7%94%BA%E4%BC%9A%E3%83%BB%E8%87%AA%E6%B2%BB%E4%BC%9A&amp;word=
https://www.shinagawa-choukaijichikai.jp/osakiarea/435/</description>
      <styleUrl>#area-3</styleUrl>
      <ExtendedData>
        <Data name="町会・自治会名">
          <value>大崎三五町会</value>
        </Data>
        <Data name="公式町会名">
          <value>大崎三五町会</value>
        </Data>
        <Data name="地域区分">
          <value>大崎第二地域</value>
        </Data>
        <Data name="住所区域">
          <value>大崎3丁目 1番（1、3、5、8、11号） / 大崎3丁目 3番（2～4号） / 大崎3丁目 4番～8番 / 大崎5丁目 全域</value>
        </Data>
        <Data name="町会長">
          <value />
        </Data>
        <Data name="代表者">
          <value />
        </Data>
        <Data name="連絡先">
          <value />
        </Data>
        <Data name="電話">
          <value />
        </Data>
        <Data name="メール">
          <value />
        </Data>
        <Data name="町会の紹介">
          <value>「さくらまつり」、日帰り親子レクリエーション。7月は納涼祭と区民まつり。8月は居木神社の祭礼。12月は町内夜警を行っております。たくさんの親睦行事があります。皆様、奮ってこ参加下さい。</value>
        </Data>
        <Data name="活動実績">
          <value />
        </Data>
        <Data name="ホームページ">
          <value />
        </Data>
        <Data name="SNS">
          <value />
        </Data>
        <Data name="出典">
          <value>https://www2.wagmap.jp/shinagawa/OpenDataDetail?lid=2100&amp;mids=110
https://www.city.shinagawa.tokyo.jp/PC/chiiki/chiiki-tyokai/hpg000011176.html
https://www.shinagawa-choukaijichikai.jp/association/
https://pc.tamemap.net/1310901/activities?utf8=%E2%9C%93&amp;area=&amp;category=%E7%94%BA%E4%BC%9A%E3%83%BB%E8%87%AA%E6%B2%BB%E4%BC%9A&amp;word=
https://www.shinagawa-choukaijichikai.jp/osakiarea/435/</value>
        </Data>
      </ExtendedData>
      <Polygon>
        <tessellate>1</tessellate>
        <altitudeMode>clampToGround</altitudeMode>
        <outerBoundaryIs>
          <LinearRing>
            <coordinates>139.724854,35.624328,0 139.725211,35.623847,0 139.725281,35.623733,0 139.725351,35.623613,0 139.725590,35.623253,0 139.725843,35.622908,0 139.726054,35.622629,0 139.726220,35.622374,0 139.726297,35.622260,0 139.726507,35.621894,0 139.726926,35.621151,0 139.727032,35.620999,0 139.727166,35.620813,0 139.727294,35.620583,0 139.727339,35.620491,0 139.727528,35.619994,0 139.727553,35.619941,0 139.727719,35.619731,0 139.727908,35.619479,0 139.727664,35.619396,0 139.727198,35.619286,0 139.727099,35.619267,0 139.726907,35.619243,0 139.726672,35.619203,0 139.726521,35.619192,0 139.726376,35.619189,0 139.726227,35.619191,0 139.726028,35.619190,0 139.725711,35.619191,0 139.725678,35.619464,0 139.725670,35.619477,0 139.725427,35.619514,0 139.724941,35.619628,0 139.724919,35.619635,0 139.724889,35.619660,0 139.724876,35.619677,0 139.724872,35.619691,0 139.724871,35.619726,0 139.724911,35.620210,0 139.724913,35.620224,0 139.724921,35.620244,0 139.724936,35.620267,0 139.724946,35.620279,0 139.724922,35.620287,0 139.724852,35.620298,0 139.724614,35.620347,0 139.724692,35.620614,0 139.724710,35.620611,0 139.724779,35.620786,0 139.724746,35.620793,0 139.724658,35.620800,0 139.724580,35.620801,0 139.724495,35.620814,0 139.724509,35.620862,0 139.724379,35.620946,0 139.724373,35.620966,0 139.724133,35.621052,0 139.724182,35.621174,0 139.724271,35.621302,0 139.724332,35.621383,0 139.724402,35.621530,0 139.724453,35.621624,0 139.724505,35.621685,0 139.724578,35.621766,0 139.724289,35.621962,0 139.724036,35.622141,0 139.723442,35.622570,0 139.723583,35.622785,0 139.723956,35.623378,0 139.724296,35.623899,0 139.724580,35.624352,0 139.724854,35.624328,0</coordinates>
          </LinearRing>
        </outerBoundaryIs>
      </Polygon>
    </Placemark>
    <Placemark>
      <name>西五反田協和町会</name>
      <description>町会・自治会名: 西五反田協和町会
公式町会名: 西五反田協和町会
地域区分: 大崎第一地域
住所区域: 西五反田7丁目 6番～18番 / 西五反田7丁目 19番（4号～10号） / 西五反田7丁目 21番 / 西五反田7丁目 22番（TOC＝南町会と1/2） / 西五反田8丁目 1番～8番（除4番14号～15号）
出典: https://www2.wagmap.jp/shinagawa/OpenDataDetail?lid=2100&amp;mids=110
https://www.city.shinagawa.tokyo.jp/PC/chiiki/chiiki-tyokai/chiiki-tyokai-oosaki1/index.html
https://www.shinagawa-choukaijichikai.jp/association/
https://pc.tamemap.net/1310901/activities?utf8=%E2%9C%93&amp;area=&amp;category=%E7%94%BA%E4%BC%9A%E3%83%BB%E8%87%AA%E6%B2%BB%E4%BC%9A&amp;word=
https://www.shinagawa-choukaijichikai.jp/osakiarea/402/</description>
      <styleUrl>#area-2</styleUrl>
      <ExtendedData>
        <Data name="町会・自治会名">
          <value>西五反田協和町会</value>
        </Data>
        <Data name="公式町会名">
          <value>西五反田協和町会</value>
        </Data>
        <Data name="地域区分">
          <value>大崎第一地域</value>
        </Data>
        <Data name="住所区域">
          <value>西五反田7丁目 6番～18番 / 西五反田7丁目 19番（4号～10号） / 西五反田7丁目 21番 / 西五反田7丁目 22番（TOC＝南町会と1/2） / 西五反田8丁目 1番～8番（除4番14号～15号）</value>
        </Data>
        <Data name="町会長">
          <value />
        </Data>
        <Data name="代表者">
          <value />
        </Data>
        <Data name="連絡先">
          <value />
        </Data>
        <Data name="電話">
          <value />
        </Data>
        <Data name="メール">
          <value />
        </Data>
        <Data name="町会の紹介">
          <value />
        </Data>
        <Data name="活動実績">
          <value />
        </Data>
        <Data name="ホームページ">
          <value />
        </Data>
        <Data name="SNS">
          <value />
        </Data>
        <Data name="出典">
          <value>https://www2.wagmap.jp/shinagawa/OpenDataDetail?lid=2100&amp;mids=110
https://www.city.shinagawa.tokyo.jp/PC/chiiki/chiiki-tyokai/chiiki-tyokai-oosaki1/index.html
https://www.shinagawa-choukaijichikai.jp/association/
https://pc.tamemap.net/1310901/activities?utf8=%E2%9C%93&amp;area=&amp;category=%E7%94%BA%E4%BC%9A%E3%83%BB%E8%87%AA%E6%B2%BB%E4%BC%9A&amp;word=
https://www.shinagawa-choukaijichikai.jp/osakiarea/402/</value>
        </Data>
      </ExtendedData>
      <Polygon>
        <tessellate>1</tessellate>
        <altitudeMode>clampToGround</altitudeMode>
        <outerBoundaryIs>
          <LinearRing>
            <coordinates>139.720007,35.624337,0 139.720198,35.624248,0 139.720634,35.624041,0 139.720779,35.623968,0 139.720960,35.623882,0 139.721221,35.623758,0 139.721744,35.623508,0 139.722030,35.623374,0 139.722387,35.623193,0 139.722506,35.623131,0 139.722242,35.622873,0 139.722552,35.622671,0 139.722329,35.622454,0 139.722195,35.622316,0 139.722021,35.622125,0 139.721904,35.621992,0 139.721789,35.621874,0 139.721674,35.621756,0 139.721565,35.621630,0 139.721465,35.621493,0 139.721375,35.621369,0 139.721280,35.621254,0 139.721199,35.621153,0 139.721166,35.621100,0 139.721119,35.621026,0 139.721050,35.620911,0 139.721013,35.620838,0 139.720976,35.620755,0 139.720957,35.620693,0 139.720925,35.620593,0 139.720800,35.620636,0 139.720793,35.620619,0 139.720269,35.620830,0 139.720328,35.620971,0 139.719897,35.621192,0 139.719827,35.621225,0 139.720216,35.622048,0 139.717976,35.622042,0 139.717900,35.622651,0 139.717791,35.623496,0 139.718358,35.623541,0 139.718287,35.624112,0 139.719109,35.623755,0 139.719147,35.623796,0 139.719718,35.624471,0 139.720007,35.624337,0</coordinates>
          </LinearRing>
        </outerBoundaryIs>
      </Polygon>
    </Placemark>
    <Placemark>
      <name>西五反田西二町会</name>
      <description>町会・自治会名: 西五反田西二町会
公式町会名: 西五反田西二町会
地域区分: 大崎第一地域
住所区域: 荏原1丁目 1番～2番 （桐ケ谷通りに接する部分） / 荏原1丁目 5番～6番 （桐ケ谷通りに接する部分） / 荏原1丁目 9番～10番 （桐ケ谷通りに接する部分） / 荏原1丁目 13番～14番 （桐ケ谷通りに接する部分） / 西五反田5丁目 6番 / 西五反田5丁目 15番～22番 / 西五反田5丁目 31番～32番 / 西五反田6丁目 1番～4番 / 西五反田6丁目 6番 / 西五反田6丁目 18番～22番
出典: https://www2.wagmap.jp/shinagawa/OpenDataDetail?lid=2100&amp;mids=110
https://www.city.shinagawa.tokyo.jp/PC/chiiki/chiiki-tyokai/chiiki-tyokai-oosaki1/index.html
https://www.shinagawa-choukaijichikai.jp/association/
https://pc.tamemap.net/1310901/activities?utf8=%E2%9C%93&amp;area=&amp;category=%E7%94%BA%E4%BC%9A%E3%83%BB%E8%87%AA%E6%B2%BB%E4%BC%9A&amp;word=
https://www.shinagawa-choukaijichikai.jp/osakiarea/398/</description>
      <styleUrl>#area-1</styleUrl>
      <ExtendedData>
        <Data name="町会・自治会名">
          <value>西五反田西二町会</value>
        </Data>
        <Data name="公式町会名">
          <value>西五反田西二町会</value>
        </Data>
        <Data name="地域区分">
          <value>大崎第一地域</value>
        </Data>
        <Data name="住所区域">
          <value>荏原1丁目 1番～2番 （桐ケ谷通りに接する部分） / 荏原1丁目 5番～6番 （桐ケ谷通りに接する部分） / 荏原1丁目 9番～10番 （桐ケ谷通りに接する部分） / 荏原1丁目 13番～14番 （桐ケ谷通りに接する部分） / 西五反田5丁目 6番 / 西五反田5丁目 15番～22番 / 西五反田5丁目 31番～32番 / 西五反田6丁目 1番～4番 / 西五反田6丁目 6番 / 西五反田6丁目 18番～22番</value>
        </Data>
        <Data name="町会長">
          <value />
        </Data>
        <Data name="代表者">
          <value />
        </Data>
        <Data name="連絡先">
          <value />
        </Data>
        <Data name="電話">
          <value />
        </Data>
        <Data name="メール">
          <value />
        </Data>
        <Data name="町会の紹介">
          <value />
        </Data>
        <Data name="活動実績">
          <value />
        </Data>
        <Data name="ホームページ">
          <value />
        </Data>
        <Data name="SNS">
          <value />
        </Data>
        <Data name="出典">
          <value>https://www2.wagmap.jp/shinagawa/OpenDataDetail?lid=2100&amp;mids=110
https://www.city.shinagawa.tokyo.jp/PC/chiiki/chiiki-tyokai/chiiki-tyokai-oosaki1/index.html
https://www.shinagawa-choukaijichikai.jp/association/
https://pc.tamemap.net/1310901/activities?utf8=%E2%9C%93&amp;area=&amp;category=%E7%94%BA%E4%BC%9A%E3%83%BB%E8%87%AA%E6%B2%BB%E4%BC%9A&amp;word=
https://www.shinagawa-choukaijichikai.jp/osakiarea/398/</value>
        </Data>
      </ExtendedData>
      <Polygon>
        <tessellate>1</tessellate>
        <altitudeMode>clampToGround</altitudeMode>
        <outerBoundaryIs>
          <LinearRing>
            <coordinates>139.715818,35.625180,0 139.715945,35.625003,0 139.716101,35.624825,0 139.716259,35.624799,0 139.716393,35.624738,0 139.716447,35.624705,0 139.716816,35.624442,0 139.717113,35.624251,0 139.717224,35.624173,0 139.717309,35.624111,0 139.717520,35.623925,0 139.717648,35.623781,0 139.717711,35.623694,0 139.717738,35.623640,0 139.717791,35.623496,0 139.717900,35.622651,0 139.717087,35.622573,0 139.717014,35.622564,0 139.716981,35.622575,0 139.716940,35.622590,0 139.716556,35.622934,0 139.716531,35.622964,0 139.716326,35.622837,0 139.716090,35.622655,0 139.715818,35.622518,0 139.715662,35.622208,0 139.715649,35.622178,0 139.715553,35.621976,0 139.715512,35.621890,0 139.715497,35.621847,0 139.715364,35.621229,0 139.715361,35.621184,0 139.715660,35.620953,0 139.715720,35.620895,0 139.716397,35.620361,0 139.716430,35.620339,0 139.716470,35.620314,0 139.716681,35.620153,0 139.716310,35.619987,0 139.716278,35.619979,0 139.715976,35.619785,0 139.715943,35.619817,0 139.715795,35.619912,0 139.715728,35.619934,0 139.715585,35.620022,0 139.715499,35.620067,0 139.715336,35.620119,0 139.715322,35.620141,0 139.715430,35.620302,0 139.715474,35.620340,0 139.715438,35.620362,0 139.714975,35.620662,0 139.714919,35.620628,0 139.714795,35.620633,0 139.714680,35.620677,0 139.714710,35.620770,0 139.714628,35.620822,0 139.714689,35.620915,0 139.714724,35.620955,0 139.714687,35.620974,0 139.714607,35.621032,0 139.714555,35.621063,0 139.714458,35.620936,0 139.714443,35.620918,0 139.714396,35.620943,0 139.714303,35.620991,0 139.714304,35.620995,0 139.714138,35.621076,0 139.714064,35.621112,0 139.714062,35.621112,0 139.714015,35.621134,0 139.713942,35.621172,0 139.713852,35.621222,0 139.713744,35.621271,0 139.713725,35.621256,0 139.713609,35.621313,0 139.713687,35.621402,0 139.713718,35.621433,0 139.713704,35.621434,0 139.713659,35.621462,0 139.713618,35.621486,0 139.713460,35.621547,0 139.713439,35.621557,0 139.713347,35.621420,0 139.713310,35.621439,0 139.713237,35.621474,0 139.713318,35.621587,0 139.713264,35.621614,0 139.713200,35.621686,0 139.713205,35.621698,0 139.713242,35.621744,0 139.713162,35.621809,0 139.712824,35.621402,0 139.712707,35.621476,0 139.712586,35.621353,0 139.712118,35.620839,0 139.712088,35.620855,0 139.711861,35.621006,0 139.712579,35.621781,0 139.712857,35.622095,0 139.713473,35.622762,0 139.713495,35.622769,0 139.713511,35.622766,0 139.713543,35.622751,0 139.713896,35.622997,0 139.713455,35.623333,0 139.713442,35.623348,0 139.713434,35.623368,0 139.713427,35.623401,0 139.713428,35.623419,0 139.713435,35.623440,0 139.713602,35.623727,0 139.713630,35.623765,0 139.714154,35.624401,0 139.714210,35.624479,0 139.714303,35.624627,0 139.714321,35.624650,0 139.714433,35.624755,0 139.714635,35.624896,0 139.714726,35.624934,0 139.714797,35.624958,0 139.715256,35.625021,0 139.715465,35.625038,0 139.715497,35.625043,0 139.715701,35.625122,0 139.715804,35.625191,0 139.715818,35.625180,0</coordinates>
          </LinearRing>
        </outerBoundaryIs>
      </Polygon>
    </Placemark>
    <Placemark>
      <name>西五反田一丁目町会</name>
      <description>町会・自治会名: 西五反田一丁目町会
公式町会名: 西五反田一丁目町会
地域区分: 大崎第一地域
住所区域: 西五反田1丁目 11番～33番 / 西五反田2丁目 28番（5号）
出典: https://www2.wagmap.jp/shinagawa/OpenDataDetail?lid=2100&amp;mids=110
https://www.city.shinagawa.tokyo.jp/PC/chiiki/chiiki-tyokai/chiiki-tyokai-oosaki1/index.html
https://www.shinagawa-choukaijichikai.jp/association/
https://pc.tamemap.net/1310901/activities?utf8=%E2%9C%93&amp;area=&amp;category=%E7%94%BA%E4%BC%9A%E3%83%BB%E8%87%AA%E6%B2%BB%E4%BC%9A&amp;word=
https://www.shinagawa-choukaijichikai.jp/osakiarea/362/</description>
      <styleUrl>#area-0</styleUrl>
      <ExtendedData>
        <Data name="町会・自治会名">
          <value>西五反田一丁目町会</value>
        </Data>
        <Data name="公式町会名">
          <value>西五反田一丁目町会</value>
        </Data>
        <Data name="地域区分">
          <value>大崎第一地域</value>
        </Data>
        <Data name="住所区域">
          <value>西五反田1丁目 11番～33番 / 西五反田2丁目 28番（5号）</value>
        </Data>
        <Data name="町会長">
          <value />
        </Data>
        <Data name="代表者">
          <value />
        </Data>
        <Data name="連絡先">
          <value />
        </Data>
        <Data name="電話">
          <value />
        </Data>
        <Data name="メール">
          <value />
        </Data>
        <Data name="町会の紹介">
          <value />
        </Data>
        <Data name="活動実績">
          <value />
        </Data>
        <Data name="ホームページ">
          <value />
        </Data>
        <Data name="SNS">
          <value />
        </Data>
        <Data name="出典">
          <value>https://www2.wagmap.jp/shinagawa/OpenDataDetail?lid=2100&amp;mids=110
https://www.city.shinagawa.tokyo.jp/PC/chiiki/chiiki-tyokai/chiiki-tyokai-oosaki1/index.html
https://www.shinagawa-choukaijichikai.jp/association/
https://pc.tamemap.net/1310901/activities?utf8=%E2%9C%93&amp;area=&amp;category=%E7%94%BA%E4%BC%9A%E3%83%BB%E8%87%AA%E6%B2%BB%E4%BC%9A&amp;word=
https://www.shinagawa-choukaijichikai.jp/osakiarea/362/</value>
        </Data>
      </ExtendedData>
      <Polygon>
        <tessellate>1</tessellate>
        <altitudeMode>clampToGround</altitudeMode>
        <outerBoundaryIs>
          <LinearRing>
            <coordinates>139.723008,35.625045,0 139.723425,35.624860,0 139.724246,35.624447,0 139.724580,35.624352,0 139.724296,35.623899,0 139.723956,35.623378,0 139.723583,35.622785,0 139.723442,35.622570,0 139.723078,35.622795,0 139.722842,35.622935,0 139.722506,35.623131,0 139.722387,35.623193,0 139.722030,35.623374,0 139.721744,35.623508,0 139.721221,35.623758,0 139.720960,35.623882,0 139.721054,35.624060,0 139.721210,35.624372,0 139.721076,35.624426,0 139.720461,35.624684,0 139.720612,35.624930,0 139.721207,35.624689,0 139.721368,35.624627,0 139.721466,35.624828,0 139.721636,35.625158,0 139.721721,35.625298,0 139.721780,35.625387,0 139.723008,35.625045,0</coordinates>
          </LinearRing>
        </outerBoundaryIs>
      </Polygon>
    </Placemark>
    <Placemark>
      <name>五反田睦町会</name>
      <description>町会・自治会名: 五反田睦町会
公式町会名: 五反田睦町会
地域区分: 大崎第一地域
住所区域: 西五反田1丁目 6番～10番
出典: https://www2.wagmap.jp/shinagawa/OpenDataDetail?lid=2100&amp;mids=110
https://www.city.shinagawa.tokyo.jp/PC/chiiki/chiiki-tyokai/chiiki-tyokai-oosaki1/index.html
https://www.shinagawa-choukaijichikai.jp/association/
https://pc.tamemap.net/1310901/activities?utf8=%E2%9C%93&amp;area=&amp;category=%E7%94%BA%E4%BC%9A%E3%83%BB%E8%87%AA%E6%B2%BB%E4%BC%9A&amp;word=
https://www.shinagawa-choukaijichikai.jp/osakiarea/363/</description>
      <styleUrl>#area-1</styleUrl>
      <ExtendedData>
        <Data name="町会・自治会名">
          <value>五反田睦町会</value>
        </Data>
        <Data name="公式町会名">
          <value>五反田睦町会</value>
        </Data>
        <Data name="地域区分">
          <value>大崎第一地域</value>
        </Data>
        <Data name="住所区域">
          <value>西五反田1丁目 6番～10番</value>
        </Data>
        <Data name="町会長">
          <value />
        </Data>
        <Data name="代表者">
          <value />
        </Data>
        <Data name="連絡先">
          <value />
        </Data>
        <Data name="電話">
          <value />
        </Data>
        <Data name="メール">
          <value />
        </Data>
        <Data name="町会の紹介">
          <value />
        </Data>
        <Data name="活動実績">
          <value />
        </Data>
        <Data name="ホームページ">
          <value />
        </Data>
        <Data name="SNS">
          <value />
        </Data>
        <Data name="出典">
          <value>https://www2.wagmap.jp/shinagawa/OpenDataDetail?lid=2100&amp;mids=110
https://www.city.shinagawa.tokyo.jp/PC/chiiki/chiiki-tyokai/chiiki-tyokai-oosaki1/index.html
https://www.shinagawa-choukaijichikai.jp/association/
https://pc.tamemap.net/1310901/activities?utf8=%E2%9C%93&amp;area=&amp;category=%E7%94%BA%E4%BC%9A%E3%83%BB%E8%87%AA%E6%B2%BB%E4%BC%9A&amp;word=
https://www.shinagawa-choukaijichikai.jp/osakiarea/363/</value>
        </Data>
      </ExtendedData>
      <Polygon>
        <tessellate>1</tessellate>
        <altitudeMode>clampToGround</altitudeMode>
        <outerBoundaryIs>
          <LinearRing>
            <coordinates>139.723938,35.625495,0 139.724097,35.625273,0 139.724208,35.625079,0 139.724593,35.624592,0 139.724664,35.624501,0 139.724706,35.624524,0 139.724854,35.624328,0 139.724580,35.624352,0 139.724246,35.624447,0 139.723425,35.624860,0 139.723790,35.625466,0 139.723933,35.625502,0 139.723938,35.625495,0</coordinates>
          </LinearRing>
        </outerBoundaryIs>
      </Polygon>
    </Placemark>
    <Placemark>
      <name>小山台一丁目町会</name>
      <description>町会・自治会名: 小山台一丁目町会
公式町会名: 小山台一丁目町会
地域区分: 荏原第一地域
住所区域: 小山台1丁目 1番～14番 / 小山台1丁目 28番～33番
出典: https://www2.wagmap.jp/shinagawa/OpenDataDetail?lid=2100&amp;mids=110
https://www.city.shinagawa.tokyo.jp/PC/chiiki/chiiki-tyokai/hpg000011180.html
https://www.shinagawa-choukaijichikai.jp/association/
https://pc.tamemap.net/1310901/activities?utf8=%E2%9C%93&amp;area=&amp;category=%E7%94%BA%E4%BC%9A%E3%83%BB%E8%87%AA%E6%B2%BB%E4%BC%9A&amp;word=
https://www.shinagawa-choukaijichikai.jp/ebaraarea/345/</description>
      <styleUrl>#area-1</styleUrl>
      <ExtendedData>
        <Data name="町会・自治会名">
          <value>小山台一丁目町会</value>
        </Data>
        <Data name="公式町会名">
          <value>小山台一丁目町会</value>
        </Data>
        <Data name="地域区分">
          <value>荏原第一地域</value>
        </Data>
        <Data name="住所区域">
          <value>小山台1丁目 1番～14番 / 小山台1丁目 28番～33番</value>
        </Data>
        <Data name="町会長">
          <value />
        </Data>
        <Data name="代表者">
          <value />
        </Data>
        <Data name="連絡先">
          <value />
        </Data>
        <Data name="電話">
          <value />
        </Data>
        <Data name="メール">
          <value />
        </Data>
        <Data name="町会の紹介">
          <value />
        </Data>
        <Data name="活動実績">
          <value />
        </Data>
        <Data name="ホームページ">
          <value />
        </Data>
        <Data name="SNS">
          <value />
        </Data>
        <Data name="出典">
          <value>https://www2.wagmap.jp/shinagawa/OpenDataDetail?lid=2100&amp;mids=110
https://www.city.shinagawa.tokyo.jp/PC/chiiki/chiiki-tyokai/hpg000011180.html
https://www.shinagawa-choukaijichikai.jp/association/
https://pc.tamemap.net/1310901/activities?utf8=%E2%9C%93&amp;area=&amp;category=%E7%94%BA%E4%BC%9A%E3%83%BB%E8%87%AA%E6%B2%BB%E4%BC%9A&amp;word=
https://www.shinagawa-choukaijichikai.jp/ebaraarea/345/</value>
        </Data>
      </ExtendedData>
      <Polygon>
        <tessellate>1</tessellate>
        <altitudeMode>clampToGround</altitudeMode>
        <outerBoundaryIs>
          <LinearRing>
            <coordinates>139.707250,35.625349,0 139.707218,35.625215,0 139.707197,35.625070,0 139.707191,35.624952,0 139.707200,35.624817,0 139.707212,35.624664,0 139.707702,35.624710,0 139.707894,35.624707,0 139.708048,35.624699,0 139.708056,35.624664,0 139.708146,35.624395,0 139.708299,35.623975,0 139.708680,35.624154,0 139.708875,35.624215,0 139.709006,35.624244,0 139.709004,35.623979,0 139.709430,35.624007,0 139.709430,35.623974,0 139.709637,35.623930,0 139.709652,35.623917,0 139.710029,35.623901,0 139.710040,35.623884,0 139.710274,35.623898,0 139.710613,35.623974,0 139.710346,35.623837,0 139.709871,35.623573,0 139.709259,35.623223,0 139.708846,35.622993,0 139.708534,35.622814,0 139.708127,35.622583,0 139.707496,35.622230,0 139.707412,35.622562,0 139.707369,35.622750,0 139.706607,35.622731,0 139.706553,35.622955,0 139.706537,35.623175,0 139.706511,35.623235,0 139.705766,35.622972,0 139.705730,35.623054,0 139.705736,35.623975,0 139.705339,35.623861,0 139.705281,35.623783,0 139.705101,35.623725,0 139.704896,35.623666,0 139.704907,35.623711,0 139.704823,35.623806,0 139.704699,35.623959,0 139.704529,35.624177,0 139.704317,35.624473,0 139.704217,35.624572,0 139.704098,35.624738,0 139.704013,35.624794,0 139.704741,35.625033,0 139.704754,35.625078,0 139.705774,35.625408,0 139.706359,35.625570,0 139.706542,35.625460,0 139.706706,35.625498,0 139.706986,35.625547,0 139.707347,35.625595,0 139.707250,35.625349,0</coordinates>
          </LinearRing>
        </outerBoundaryIs>
      </Polygon>
    </Placemark>
    <Placemark>
      <name>小山台二丁目町会</name>
      <description>町会・自治会名: 小山台二丁目町会
公式町会名: 小山台二丁目町会
地域区分: 荏原第一地域
住所区域: 小山台2丁目 1番～4番
出典: https://www2.wagmap.jp/shinagawa/OpenDataDetail?lid=2100&amp;mids=110
https://www.city.shinagawa.tokyo.jp/PC/chiiki/chiiki-tyokai/hpg000011180.html
https://www.shinagawa-choukaijichikai.jp/association/
https://pc.tamemap.net/1310901/activities?utf8=%E2%9C%93&amp;area=&amp;category=%E7%94%BA%E4%BC%9A%E3%83%BB%E8%87%AA%E6%B2%BB%E4%BC%9A&amp;word=
https://www.shinagawa-choukaijichikai.jp/ebaraarea/227/</description>
      <styleUrl>#area-0</styleUrl>
      <ExtendedData>
        <Data name="町会・自治会名">
          <value>小山台二丁目町会</value>
        </Data>
        <Data name="公式町会名">
          <value>小山台二丁目町会</value>
        </Data>
        <Data name="地域区分">
          <value>荏原第一地域</value>
        </Data>
        <Data name="住所区域">
          <value>小山台2丁目 1番～4番</value>
        </Data>
        <Data name="町会長">
          <value />
        </Data>
        <Data name="代表者">
          <value />
        </Data>
        <Data name="連絡先">
          <value />
        </Data>
        <Data name="電話">
          <value />
        </Data>
        <Data name="メール">
          <value />
        </Data>
        <Data name="町会の紹介">
          <value />
        </Data>
        <Data name="活動実績">
          <value />
        </Data>
        <Data name="ホームページ">
          <value />
        </Data>
        <Data name="SNS">
          <value />
        </Data>
        <Data name="出典">
          <value>https://www2.wagmap.jp/shinagawa/OpenDataDetail?lid=2100&amp;mids=110
https://www.city.shinagawa.tokyo.jp/PC/chiiki/chiiki-tyokai/hpg000011180.html
https://www.shinagawa-choukaijichikai.jp/association/
https://pc.tamemap.net/1310901/activities?utf8=%E2%9C%93&amp;area=&amp;category=%E7%94%BA%E4%BC%9A%E3%83%BB%E8%87%AA%E6%B2%BB%E4%BC%9A&amp;word=
https://www.shinagawa-choukaijichikai.jp/ebaraarea/227/</value>
        </Data>
      </ExtendedData>
      <Polygon>
        <tessellate>1</tessellate>
        <altitudeMode>clampToGround</altitudeMode>
        <outerBoundaryIs>
          <LinearRing>
            <coordinates>139.698907,35.625435,0 139.699501,35.625492,0 139.699701,35.623921,0 139.699067,35.624127,0 139.698708,35.624212,0 139.698485,35.624270,0 139.698370,35.624316,0 139.698304,35.624358,0 139.698216,35.624427,0 139.698112,35.624512,0 139.698036,35.624549,0 139.697955,35.624574,0 139.697872,35.624587,0 139.697291,35.624640,0 139.697017,35.624686,0 139.696747,35.624779,0 139.696310,35.624921,0 139.696226,35.624949,0 139.696224,35.624989,0 139.696321,35.624992,0 139.696423,35.624998,0 139.696481,35.625003,0 139.696556,35.625020,0 139.696673,35.625049,0 139.696835,35.625101,0 139.696893,35.625123,0 139.696976,35.625164,0 139.697045,35.625199,0 139.697059,35.625224,0 139.697152,35.625222,0 139.697285,35.625240,0 139.697491,35.625239,0 139.697667,35.625240,0 139.697757,35.625231,0 139.697793,35.625221,0 139.697824,35.625205,0 139.697871,35.625171,0 139.697921,35.625149,0 139.697959,35.625149,0 139.697993,35.625159,0 139.698024,35.625188,0 139.698071,35.625253,0 139.698191,35.625371,0 139.698415,35.625444,0 139.698505,35.625484,0 139.698583,35.625527,0 139.698662,35.625571,0 139.698768,35.625638,0 139.698831,35.625662,0 139.698862,35.625667,0 139.698871,35.625668,0 139.698907,35.625435,0</coordinates>
          </LinearRing>
        </outerBoundaryIs>
      </Polygon>
    </Placemark>
    <Placemark>
      <name>西五反田五丁目西三町会</name>
      <description>町会・自治会名: 西五反田五丁目西三町会
公式町会名: 西五反田五丁目西三町会
地域区分: 大崎第一地域
住所区域: 小山1丁目 1番（1号～5号）、 （桐ケ谷通りに接する部分） / 小山1丁目 2番（1号）、 （桐ケ谷通りに接する部分） / 小山1丁目 3番（3号～10号）、 （桐ケ谷通りに接する部分） / 西五反田5丁目 7番～14番 / 西五反田5丁目 23番～30番
連絡先: 03-3491-3518
出典: https://www2.wagmap.jp/shinagawa/OpenDataDetail?lid=2100&amp;mids=110
https://www.city.shinagawa.tokyo.jp/PC/chiiki/chiiki-tyokai/chiiki-tyokai-oosaki1/index.html
https://www.shinagawa-choukaijichikai.jp/association/
https://pc.tamemap.net/1310901/activities?utf8=%E2%9C%93&amp;area=&amp;category=%E7%94%BA%E4%BC%9A%E3%83%BB%E8%87%AA%E6%B2%BB%E4%BC%9A&amp;word=
https://www.shinagawa-choukaijichikai.jp/osakiarea/399/</description>
      <styleUrl>#area-2</styleUrl>
      <ExtendedData>
        <Data name="町会・自治会名">
          <value>西五反田五丁目西三町会</value>
        </Data>
        <Data name="公式町会名">
          <value>西五反田五丁目西三町会</value>
        </Data>
        <Data name="地域区分">
          <value>大崎第一地域</value>
        </Data>
        <Data name="住所区域">
          <value>小山1丁目 1番（1号～5号）、 （桐ケ谷通りに接する部分） / 小山1丁目 2番（1号）、 （桐ケ谷通りに接する部分） / 小山1丁目 3番（3号～10号）、 （桐ケ谷通りに接する部分） / 西五反田5丁目 7番～14番 / 西五反田5丁目 23番～30番</value>
        </Data>
        <Data name="町会長">
          <value />
        </Data>
        <Data name="代表者">
          <value />
        </Data>
        <Data name="連絡先">
          <value>03-3491-3518</value>
        </Data>
        <Data name="電話">
          <value />
        </Data>
        <Data name="メール">
          <value />
        </Data>
        <Data name="町会の紹介">
          <value />
        </Data>
        <Data name="活動実績">
          <value />
        </Data>
        <Data name="ホームページ">
          <value />
        </Data>
        <Data name="SNS">
          <value />
        </Data>
        <Data name="出典">
          <value>https://www2.wagmap.jp/shinagawa/OpenDataDetail?lid=2100&amp;mids=110
https://www.city.shinagawa.tokyo.jp/PC/chiiki/chiiki-tyokai/chiiki-tyokai-oosaki1/index.html
https://www.shinagawa-choukaijichikai.jp/association/
https://pc.tamemap.net/1310901/activities?utf8=%E2%9C%93&amp;area=&amp;category=%E7%94%BA%E4%BC%9A%E3%83%BB%E8%87%AA%E6%B2%BB%E4%BC%9A&amp;word=
https://www.shinagawa-choukaijichikai.jp/osakiarea/399/</value>
        </Data>
      </ExtendedData>
      <Polygon>
        <tessellate>1</tessellate>
        <altitudeMode>clampToGround</altitudeMode>
        <outerBoundaryIs>
          <LinearRing>
            <coordinates>139.714037,35.625779,0 139.714385,35.625727,0 139.714481,35.625719,0 139.714823,35.625691,0 139.714878,35.625666,0 139.715090,35.625555,0 139.715674,35.625287,0 139.715804,35.625191,0 139.715701,35.625122,0 139.715497,35.625043,0 139.715465,35.625038,0 139.715256,35.625021,0 139.714797,35.624958,0 139.714726,35.624934,0 139.714635,35.624896,0 139.714433,35.624755,0 139.714321,35.624650,0 139.714303,35.624627,0 139.714210,35.624479,0 139.714154,35.624401,0 139.713630,35.623765,0 139.713602,35.623727,0 139.713435,35.623440,0 139.713428,35.623419,0 139.713427,35.623401,0 139.713434,35.623368,0 139.713442,35.623348,0 139.713455,35.623333,0 139.713896,35.622997,0 139.713543,35.622751,0 139.713511,35.622766,0 139.713495,35.622769,0 139.713473,35.622762,0 139.712857,35.622095,0 139.712579,35.621781,0 139.712513,35.621838,0 139.712443,35.621910,0 139.712322,35.622031,0 139.712257,35.622084,0 139.712184,35.622163,0 139.711957,35.622387,0 139.711723,35.622613,0 139.711964,35.622802,0 139.711533,35.623197,0 139.711288,35.622984,0 139.711086,35.623156,0 139.710893,35.623316,0 139.710646,35.623503,0 139.710605,35.623538,0 139.710508,35.623650,0 139.710377,35.623756,0 139.710346,35.623837,0 139.710613,35.623974,0 139.710878,35.624127,0 139.711302,35.624371,0 139.711650,35.624562,0 139.712353,35.624956,0 139.713089,35.625371,0 139.713871,35.625827,0 139.714037,35.625779,0</coordinates>
          </LinearRing>
        </outerBoundaryIs>
      </Polygon>
    </Placemark>
    <Placemark>
      <name>町会名未登録区域</name>
      <description>町会・自治会名: 町会名未登録区域
出典: https://www2.wagmap.jp/shinagawa/OpenDataDetail?lid=2100&amp;mids=110
https://www.shinagawa-choukaijichikai.jp/association/
https://pc.tamemap.net/1310901/activities?utf8=%E2%9C%93&amp;area=&amp;category=%E7%94%BA%E4%BC%9A%E3%83%BB%E8%87%AA%E6%B2%BB%E4%BC%9A&amp;word=</description>
      <styleUrl>#area-unassigned</styleUrl>
      <ExtendedData>
        <Data name="町会・自治会名">
          <value>町会名未登録区域</value>
        </Data>
        <Data name="公式町会名">
          <value />
        </Data>
        <Data name="地域区分">
          <value />
        </Data>
        <Data name="住所区域">
          <value />
        </Data>
        <Data name="町会長">
          <value />
        </Data>
        <Data name="代表者">
          <value />
        </Data>
        <Data name="連絡先">
          <value />
        </Data>
        <Data name="電話">
          <value />
        </Data>
        <Data name="メール">
          <value />
        </Data>
        <Data name="町会の紹介">
          <value />
        </Data>
        <Data name="活動実績">
          <value />
        </Data>
        <Data name="ホームページ">
          <value />
        </Data>
        <Data name="SNS">
          <value />
        </Data>
        <Data name="出典">
          <value>https://www2.wagmap.jp/shinagawa/OpenDataDetail?lid=2100&amp;mids=110
https://www.shinagawa-choukaijichikai.jp/association/
https://pc.tamemap.net/1310901/activities?utf8=%E2%9C%93&amp;area=&amp;category=%E7%94%BA%E4%BC%9A%E3%83%BB%E8%87%AA%E6%B2%BB%E4%BC%9A&amp;word=</value>
        </Data>
      </ExtendedData>
      <Polygon>
        <tessellate>1</tessellate>
        <altitudeMode>clampToGround</altitudeMode>
        <outerBoundaryIs>
          <LinearRing>
            <coordinates>139.700851,35.626092,0 139.700851,35.626093,0 139.700947,35.626086,0 139.701612,35.626062,0 139.701664,35.626045,0 139.701783,35.625926,0 139.701979,35.625734,0 139.702131,35.625719,0 139.702215,35.625347,0 139.702273,35.625242,0 139.702556,35.624838,0 139.702930,35.624953,0 139.703041,35.625003,0 139.703245,35.625114,0 139.703558,35.625288,0 139.703798,35.625406,0 139.703825,35.625372,0 139.703850,35.625325,0 139.703870,35.625236,0 139.703874,35.625142,0 139.703894,35.625027,0 139.704013,35.624794,0 139.704098,35.624738,0 139.704217,35.624572,0 139.704317,35.624473,0 139.704529,35.624177,0 139.704699,35.623959,0 139.704823,35.623806,0 139.704907,35.623711,0 139.704896,35.623666,0 139.704695,35.623614,0 139.704522,35.623570,0 139.704347,35.623541,0 139.704099,35.623518,0 139.703866,35.623500,0 139.703425,35.623475,0 139.703290,35.623465,0 139.703256,35.623455,0 139.703244,35.623451,0 139.703171,35.623397,0 139.703083,35.623333,0 139.702673,35.623647,0 139.702555,35.623732,0 139.701949,35.623666,0 139.701921,35.623677,0 139.701897,35.623635,0 139.701882,35.623510,0 139.701867,35.623381,0 139.701834,35.623294,0 139.701794,35.623238,0 139.701634,35.623328,0 139.701277,35.623511,0 139.701024,35.623635,0 139.700855,35.623681,0 139.700855,35.623680,0 139.700764,35.623705,0 139.700605,35.623742,0 139.700334,35.623786,0 139.699969,35.623850,0 139.699752,35.623905,0 139.699701,35.623921,0 139.699501,35.625492,0 139.698907,35.625435,0 139.698871,35.625668,0 139.699650,35.625748,0 139.699731,35.625780,0 139.699791,35.625813,0 139.699840,35.625838,0 139.699914,35.625859,0 139.700202,35.625947,0 139.700312,35.625994,0 139.700431,35.626036,0 139.700547,35.626074,0 139.700654,35.626092,0 139.700800,35.626096,0 139.700851,35.626092,0</coordinates>
          </LinearRing>
        </outerBoundaryIs>
      </Polygon>
    </Placemark>
    <Placemark>
      <name>東五反田みづほ町会</name>
      <description>町会・自治会名: 東五反田みづほ町会
公式町会名: 東五反田みづほ町会
地域区分: 大崎第一地域
住所区域: 東五反田1丁目 22番（一部） / 東五反田1丁目 23番（一部） / 東五反田1丁目 24番～25番 / 東五反田2丁目 4番～6番 / 東五反田2丁目 10番～14番 / 東五反田2丁目 15番（除 都営アパート）
出典: https://www2.wagmap.jp/shinagawa/OpenDataDetail?lid=2100&amp;mids=110
https://www.city.shinagawa.tokyo.jp/PC/chiiki/chiiki-tyokai/chiiki-tyokai-oosaki1/index.html
https://www.shinagawa-choukaijichikai.jp/association/
https://pc.tamemap.net/1310901/activities?utf8=%E2%9C%93&amp;area=&amp;category=%E7%94%BA%E4%BC%9A%E3%83%BB%E8%87%AA%E6%B2%BB%E4%BC%9A&amp;word=
https://www.shinagawa-choukaijichikai.jp/osakiarea/357/</description>
      <styleUrl>#area-0</styleUrl>
      <ExtendedData>
        <Data name="町会・自治会名">
          <value>東五反田みづほ町会</value>
        </Data>
        <Data name="公式町会名">
          <value>東五反田みづほ町会</value>
        </Data>
        <Data name="地域区分">
          <value>大崎第一地域</value>
        </Data>
        <Data name="住所区域">
          <value>東五反田1丁目 22番（一部） / 東五反田1丁目 23番（一部） / 東五反田1丁目 24番～25番 / 東五反田2丁目 4番～6番 / 東五反田2丁目 10番～14番 / 東五反田2丁目 15番（除 都営アパート）</value>
        </Data>
        <Data name="町会長">
          <value />
        </Data>
        <Data name="代表者">
          <value />
        </Data>
        <Data name="連絡先">
          <value />
        </Data>
        <Data name="電話">
          <value />
        </Data>
        <Data name="メール">
          <value />
        </Data>
        <Data name="町会の紹介">
          <value />
        </Data>
        <Data name="活動実績">
          <value />
        </Data>
        <Data name="ホームページ">
          <value />
        </Data>
        <Data name="SNS">
          <value />
        </Data>
        <Data name="出典">
          <value>https://www2.wagmap.jp/shinagawa/OpenDataDetail?lid=2100&amp;mids=110
https://www.city.shinagawa.tokyo.jp/PC/chiiki/chiiki-tyokai/chiiki-tyokai-oosaki1/index.html
https://www.shinagawa-choukaijichikai.jp/association/
https://pc.tamemap.net/1310901/activities?utf8=%E2%9C%93&amp;area=&amp;category=%E7%94%BA%E4%BC%9A%E3%83%BB%E8%87%AA%E6%B2%BB%E4%BC%9A&amp;word=
https://www.shinagawa-choukaijichikai.jp/osakiarea/357/</value>
        </Data>
      </ExtendedData>
      <Polygon>
        <tessellate>1</tessellate>
        <altitudeMode>clampToGround</altitudeMode>
        <outerBoundaryIs>
          <LinearRing>
            <coordinates>139.727488,35.626498,0 139.727985,35.626254,0 139.728553,35.625988,0 139.728609,35.625946,0 139.728690,35.625902,0 139.728924,35.625837,0 139.728916,35.625394,0 139.728984,35.625374,0 139.728966,35.625047,0 139.728948,35.624876,0 139.728901,35.623785,0 139.728899,35.623711,0 139.728848,35.622528,0 139.729392,35.622331,0 139.729387,35.622322,0 139.729330,35.622209,0 139.729212,35.622116,0 139.729273,35.621652,0 139.729534,35.621388,0 139.729431,35.621234,0 139.729071,35.621632,0 139.728573,35.622164,0 139.728441,35.622288,0 139.727932,35.622671,0 139.727438,35.623033,0 139.726685,35.623592,0 139.726595,35.623649,0 139.726667,35.623766,0 139.726721,35.623891,0 139.726751,35.624027,0 139.726750,35.624805,0 139.726732,35.624897,0 139.726701,35.625156,0 139.726693,35.625264,0 139.726694,35.625571,0 139.726718,35.626003,0 139.727002,35.625989,0 139.727045,35.626219,0 139.727243,35.626200,0 139.727258,35.626493,0 139.727262,35.626533,0 139.727288,35.626553,0 139.727488,35.626498,0</coordinates>
          </LinearRing>
        </outerBoundaryIs>
      </Polygon>
    </Placemark>
    <Placemark>
      <name>西五反田本町会</name>
      <description>町会・自治会名: 西五反田本町会
公式町会名: 西五反田本町会
地域区分: 大崎第一地域
住所区域: 西五反田2丁目 22番～27番 / 西五反田2丁目 28番（除 5号） / 西五反田2丁目 29番～32番 / 西五反田3丁目 7番
町会長: 山内 義也
出典: https://www2.wagmap.jp/shinagawa/OpenDataDetail?lid=2100&amp;mids=110
https://www.city.shinagawa.tokyo.jp/PC/chiiki/chiiki-tyokai/chiiki-tyokai-oosaki1/index.html
https://www.shinagawa-choukaijichikai.jp/association/
https://pc.tamemap.net/1310901/activities?utf8=%E2%9C%93&amp;area=&amp;category=%E7%94%BA%E4%BC%9A%E3%83%BB%E8%87%AA%E6%B2%BB%E4%BC%9A&amp;word=
https://www.shinagawa-choukaijichikai.jp/osakiarea/391/</description>
      <styleUrl>#area-1</styleUrl>
      <ExtendedData>
        <Data name="町会・自治会名">
          <value>西五反田本町会</value>
        </Data>
        <Data name="公式町会名">
          <value>西五反田本町会</value>
        </Data>
        <Data name="地域区分">
          <value>大崎第一地域</value>
        </Data>
        <Data name="住所区域">
          <value>西五反田2丁目 22番～27番 / 西五反田2丁目 28番（除 5号） / 西五反田2丁目 29番～32番 / 西五反田3丁目 7番</value>
        </Data>
        <Data name="町会長">
          <value>山内 義也</value>
        </Data>
        <Data name="代表者">
          <value />
        </Data>
        <Data name="連絡先">
          <value />
        </Data>
        <Data name="電話">
          <value />
        </Data>
        <Data name="メール">
          <value />
        </Data>
        <Data name="町会の紹介">
          <value />
        </Data>
        <Data name="活動実績">
          <value />
        </Data>
        <Data name="ホームページ">
          <value />
        </Data>
        <Data name="SNS">
          <value />
        </Data>
        <Data name="出典">
          <value>https://www2.wagmap.jp/shinagawa/OpenDataDetail?lid=2100&amp;mids=110
https://www.city.shinagawa.tokyo.jp/PC/chiiki/chiiki-tyokai/chiiki-tyokai-oosaki1/index.html
https://www.shinagawa-choukaijichikai.jp/association/
https://pc.tamemap.net/1310901/activities?utf8=%E2%9C%93&amp;area=&amp;category=%E7%94%BA%E4%BC%9A%E3%83%BB%E8%87%AA%E6%B2%BB%E4%BC%9A&amp;word=
https://www.shinagawa-choukaijichikai.jp/osakiarea/391/</value>
        </Data>
      </ExtendedData>
      <Polygon>
        <tessellate>1</tessellate>
        <altitudeMode>clampToGround</altitudeMode>
        <outerBoundaryIs>
          <LinearRing>
            <coordinates>139.718908,35.626446,0 139.720758,35.625686,0 139.721559,35.625447,0 139.721780,35.625387,0 139.721721,35.625298,0 139.721636,35.625158,0 139.721466,35.624828,0 139.721368,35.624627,0 139.721207,35.624689,0 139.720612,35.624930,0 139.720461,35.624684,0 139.721076,35.624426,0 139.721210,35.624372,0 139.721054,35.624060,0 139.720960,35.623882,0 139.720779,35.623968,0 139.720634,35.624041,0 139.720198,35.624248,0 139.720007,35.624337,0 139.719718,35.624471,0 139.719429,35.624601,0 139.718944,35.624832,0 139.718302,35.625181,0 139.717604,35.625507,0 139.718349,35.626469,0 139.718451,35.626621,0 139.718908,35.626446,0</coordinates>
          </LinearRing>
        </outerBoundaryIs>
      </Polygon>
    </Placemark>
    <Placemark>
      <name>五反田一丁目町会</name>
      <description>町会・自治会名: 五反田一丁目町会
公式町会名: 五反田一丁目町会
地域区分: 大崎第一地域
住所区域: 東五反田1丁目 13番（一部） / 東五反田1丁目 14番～15番 / 東五反田1丁目 21番 / 東五反田2丁目 1番～3番 / 東五反田2丁目 7番～9番
出典: https://www2.wagmap.jp/shinagawa/OpenDataDetail?lid=2100&amp;mids=110
https://www.city.shinagawa.tokyo.jp/PC/chiiki/chiiki-tyokai/chiiki-tyokai-oosaki1/index.html
https://www.shinagawa-choukaijichikai.jp/association/
https://pc.tamemap.net/1310901/activities?utf8=%E2%9C%93&amp;area=&amp;category=%E7%94%BA%E4%BC%9A%E3%83%BB%E8%87%AA%E6%B2%BB%E4%BC%9A&amp;word=
https://www.shinagawa-choukaijichikai.jp/osakiarea/356/</description>
      <styleUrl>#area-3</styleUrl>
      <ExtendedData>
        <Data name="町会・自治会名">
          <value>五反田一丁目町会</value>
        </Data>
        <Data name="公式町会名">
          <value>五反田一丁目町会</value>
        </Data>
        <Data name="地域区分">
          <value>大崎第一地域</value>
        </Data>
        <Data name="住所区域">
          <value>東五反田1丁目 13番（一部） / 東五反田1丁目 14番～15番 / 東五反田1丁目 21番 / 東五反田2丁目 1番～3番 / 東五反田2丁目 7番～9番</value>
        </Data>
        <Data name="町会長">
          <value />
        </Data>
        <Data name="代表者">
          <value />
        </Data>
        <Data name="連絡先">
          <value />
        </Data>
        <Data name="電話">
          <value />
        </Data>
        <Data name="メール">
          <value />
        </Data>
        <Data name="町会の紹介">
          <value />
        </Data>
        <Data name="活動実績">
          <value />
        </Data>
        <Data name="ホームページ">
          <value />
        </Data>
        <Data name="SNS">
          <value />
        </Data>
        <Data name="出典">
          <value>https://www2.wagmap.jp/shinagawa/OpenDataDetail?lid=2100&amp;mids=110
https://www.city.shinagawa.tokyo.jp/PC/chiiki/chiiki-tyokai/chiiki-tyokai-oosaki1/index.html
https://www.shinagawa-choukaijichikai.jp/association/
https://pc.tamemap.net/1310901/activities?utf8=%E2%9C%93&amp;area=&amp;category=%E7%94%BA%E4%BC%9A%E3%83%BB%E8%87%AA%E6%B2%BB%E4%BC%9A&amp;word=
https://www.shinagawa-choukaijichikai.jp/osakiarea/356/</value>
        </Data>
      </ExtendedData>
      <Polygon>
        <tessellate>1</tessellate>
        <altitudeMode>clampToGround</altitudeMode>
        <outerBoundaryIs>
          <LinearRing>
            <coordinates>139.724814,35.626713,0 139.724619,35.626627,0 139.724855,35.626305,0 139.725115,35.626432,0 139.725717,35.626372,0 139.725686,35.626093,0 139.726718,35.626003,0 139.726694,35.625571,0 139.726693,35.625264,0 139.726701,35.625156,0 139.726732,35.624897,0 139.726750,35.624805,0 139.726751,35.624027,0 139.726721,35.623891,0 139.726667,35.623766,0 139.726595,35.623649,0 139.726431,35.623754,0 139.725577,35.624228,0 139.725444,35.624278,0 139.725409,35.624281,0 139.725257,35.624299,0 139.725125,35.624305,0 139.724854,35.624328,0 139.724706,35.624524,0 139.724664,35.624501,0 139.724593,35.624592,0 139.724208,35.625079,0 139.724097,35.625273,0 139.723938,35.625495,0 139.724454,35.625753,0 139.724277,35.626415,0 139.724533,35.626545,0 139.724551,35.626785,0 139.724814,35.626713,0</coordinates>
          </LinearRing>
        </outerBoundaryIs>
      </Polygon>
    </Placemark>
    <Placemark>
      <name>西五反田七･五･三町会</name>
      <description>町会・自治会名: 西五反田七･五･三町会
公式町会名: 西五反田七･五･三町会
地域区分: 大崎第一地域
住所区域: 西五反田3丁目 8番～9番 / 西五反田5丁目 2番～5番 / 西五反田7丁目 1番～5番 / 西五反田7丁目 19番 （1号～3号、11号～） / 西五反田7丁目 20番
出典: https://www2.wagmap.jp/shinagawa/OpenDataDetail?lid=2100&amp;mids=110
https://www.city.shinagawa.tokyo.jp/PC/chiiki/chiiki-tyokai/chiiki-tyokai-oosaki1/index.html
https://www.shinagawa-choukaijichikai.jp/association/
https://pc.tamemap.net/1310901/activities?utf8=%E2%9C%93&amp;area=&amp;category=%E7%94%BA%E4%BC%9A%E3%83%BB%E8%87%AA%E6%B2%BB%E4%BC%9A&amp;word=
https://www.shinagawa-choukaijichikai.jp/osakiarea/393/</description>
      <styleUrl>#area-0</styleUrl>
      <ExtendedData>
        <Data name="町会・自治会名">
          <value>西五反田七･五･三町会</value>
        </Data>
        <Data name="公式町会名">
          <value>西五反田七･五･三町会</value>
        </Data>
        <Data name="地域区分">
          <value>大崎第一地域</value>
        </Data>
        <Data name="住所区域">
          <value>西五反田3丁目 8番～9番 / 西五反田5丁目 2番～5番 / 西五反田7丁目 1番～5番 / 西五反田7丁目 19番 （1号～3号、11号～） / 西五反田7丁目 20番</value>
        </Data>
        <Data name="町会長">
          <value />
        </Data>
        <Data name="代表者">
          <value />
        </Data>
        <Data name="連絡先">
          <value />
        </Data>
        <Data name="電話">
          <value />
        </Data>
        <Data name="メール">
          <value />
        </Data>
        <Data name="町会の紹介">
          <value />
        </Data>
        <Data name="活動実績">
          <value />
        </Data>
        <Data name="ホームページ">
          <value />
        </Data>
        <Data name="SNS">
          <value />
        </Data>
        <Data name="出典">
          <value>https://www2.wagmap.jp/shinagawa/OpenDataDetail?lid=2100&amp;mids=110
https://www.city.shinagawa.tokyo.jp/PC/chiiki/chiiki-tyokai/chiiki-tyokai-oosaki1/index.html
https://www.shinagawa-choukaijichikai.jp/association/
https://pc.tamemap.net/1310901/activities?utf8=%E2%9C%93&amp;area=&amp;category=%E7%94%BA%E4%BC%9A%E3%83%BB%E8%87%AA%E6%B2%BB%E4%BC%9A&amp;word=
https://www.shinagawa-choukaijichikai.jp/osakiarea/393/</value>
        </Data>
      </ExtendedData>
      <Polygon>
        <tessellate>1</tessellate>
        <altitudeMode>clampToGround</altitudeMode>
        <outerBoundaryIs>
          <LinearRing>
            <coordinates>139.718041,35.626951,0 139.718235,35.626852,0 139.718525,35.626730,0 139.718451,35.626621,0 139.718349,35.626469,0 139.717604,35.625507,0 139.718302,35.625181,0 139.718944,35.624832,0 139.719429,35.624601,0 139.719718,35.624471,0 139.719147,35.623796,0 139.719109,35.623755,0 139.718287,35.624112,0 139.718358,35.623541,0 139.717791,35.623496,0 139.717738,35.623640,0 139.717711,35.623694,0 139.717648,35.623781,0 139.717520,35.623925,0 139.717309,35.624111,0 139.717224,35.624173,0 139.717113,35.624251,0 139.716816,35.624442,0 139.716447,35.624705,0 139.716393,35.624738,0 139.716259,35.624799,0 139.716101,35.624825,0 139.715945,35.625003,0 139.715818,35.625180,0 139.715804,35.625191,0 139.715674,35.625287,0 139.715090,35.625555,0 139.715770,35.626441,0 139.715869,35.626562,0 139.716496,35.627368,0 139.716526,35.627410,0 139.716679,35.627647,0 139.718041,35.626951,0</coordinates>
          </LinearRing>
        </outerBoundaryIs>
      </Polygon>
    </Placemark>
    <Placemark>
      <name>西五反田四丁目町会</name>
      <description>町会・自治会名: 西五反田四丁目町会
公式町会名: 西五反田四丁目町会
地域区分: 大崎第一地域
住所区域: 小山台1丁目 32番（一部） / 小山台1丁目 33番（一部） / 西五反田4丁目 5番～29番
連絡先: 03-3492-2455
町会の紹介: 西五反田四丁目町会は、目黒線不動前駅を基点に、目黒不動尊を背にした歴史のある地域で、補助46号線(通称かむろ坂)の桜は圧巻です。『お年寄りを大切に』をモットーに交通安全運動、桜祭り、盆踊り、総合防災訓練、歳末警戒運動など、多岐に渡り活動しております。
出典: https://www2.wagmap.jp/shinagawa/OpenDataDetail?lid=2100&amp;mids=110
https://www.city.shinagawa.tokyo.jp/PC/chiiki/chiiki-tyokai/chiiki-tyokai-oosaki1/index.html
https://www.shinagawa-choukaijichikai.jp/association/
https://pc.tamemap.net/1310901/activities?utf8=%E2%9C%93&amp;area=&amp;category=%E7%94%BA%E4%BC%9A%E3%83%BB%E8%87%AA%E6%B2%BB%E4%BC%9A&amp;word=
https://www.shinagawa-choukaijichikai.jp/osakiarea/395/</description>
      <styleUrl>#area-0</styleUrl>
      <ExtendedData>
        <Data name="町会・自治会名">
          <value>西五反田四丁目町会</value>
        </Data>
        <Data name="公式町会名">
          <value>西五反田四丁目町会</value>
        </Data>
        <Data name="地域区分">
          <value>大崎第一地域</value>
        </Data>
        <Data name="住所区域">
          <value>小山台1丁目 32番（一部） / 小山台1丁目 33番（一部） / 西五反田4丁目 5番～29番</value>
        </Data>
        <Data name="町会長">
          <value />
        </Data>
        <Data name="代表者">
          <value />
        </Data>
        <Data name="連絡先">
          <value>03-3492-2455</value>
        </Data>
        <Data name="電話">
          <value />
        </Data>
        <Data name="メール">
          <value />
        </Data>
        <Data name="町会の紹介">
          <value>西五反田四丁目町会は、目黒線不動前駅を基点に、目黒不動尊を背にした歴史のある地域で、補助46号線(通称かむろ坂)の桜は圧巻です。『お年寄りを大切に』をモットーに交通安全運動、桜祭り、盆踊り、総合防災訓練、歳末警戒運動など、多岐に渡り活動しております。</value>
        </Data>
        <Data name="活動実績">
          <value />
        </Data>
        <Data name="ホームページ">
          <value />
        </Data>
        <Data name="SNS">
          <value />
        </Data>
        <Data name="出典">
          <value>https://www2.wagmap.jp/shinagawa/OpenDataDetail?lid=2100&amp;mids=110
https://www.city.shinagawa.tokyo.jp/PC/chiiki/chiiki-tyokai/chiiki-tyokai-oosaki1/index.html
https://www.shinagawa-choukaijichikai.jp/association/
https://pc.tamemap.net/1310901/activities?utf8=%E2%9C%93&amp;area=&amp;category=%E7%94%BA%E4%BC%9A%E3%83%BB%E8%87%AA%E6%B2%BB%E4%BC%9A&amp;word=
https://www.shinagawa-choukaijichikai.jp/osakiarea/395/</value>
        </Data>
      </ExtendedData>
      <Polygon>
        <tessellate>1</tessellate>
        <altitudeMode>clampToGround</altitudeMode>
        <outerBoundaryIs>
          <LinearRing>
            <coordinates>139.712091,35.627402,0 139.712158,35.627301,0 139.712503,35.626645,0 139.712532,35.626599,0 139.712649,35.626353,0 139.712664,35.626231,0 139.712742,35.626141,0 139.712834,35.626067,0 139.713170,35.625796,0 139.713495,35.625944,0 139.713871,35.625827,0 139.713089,35.625371,0 139.712353,35.624956,0 139.711650,35.624562,0 139.711302,35.624371,0 139.710878,35.624127,0 139.710613,35.623974,0 139.710274,35.623898,0 139.710040,35.623884,0 139.710029,35.623901,0 139.709652,35.623917,0 139.709637,35.623930,0 139.709430,35.623974,0 139.709430,35.624007,0 139.709004,35.623979,0 139.709006,35.624244,0 139.708875,35.624215,0 139.708680,35.624154,0 139.708299,35.623975,0 139.708146,35.624395,0 139.708056,35.624664,0 139.708048,35.624699,0 139.707894,35.624707,0 139.707702,35.624710,0 139.707212,35.624664,0 139.707200,35.624817,0 139.707191,35.624952,0 139.707197,35.625070,0 139.707218,35.625215,0 139.707250,35.625349,0 139.707347,35.625595,0 139.707485,35.625953,0 139.707536,35.626011,0 139.707713,35.626132,0 139.707773,35.626200,0 139.707785,35.626251,0 139.707806,35.626246,0 139.707999,35.626140,0 139.708120,35.626142,0 139.708215,35.626157,0 139.708371,35.626189,0 139.709268,35.626559,0 139.709784,35.626774,0 139.710031,35.626881,0 139.710120,35.626951,0 139.710552,35.627168,0 139.710580,35.627152,0 139.711912,35.627825,0 139.712091,35.627402,0</coordinates>
          </LinearRing>
        </outerBoundaryIs>
      </Polygon>
    </Placemark>
    <Placemark>
      <name>五反田中部町会</name>
      <description>町会・自治会名: 五反田中部町会
公式町会名: 五反田中部町会
地域区分: 大崎第一地域
住所区域: 東五反田1丁目 4番～7番 / 東五反田1丁目 8番（3号の一部～13号） / 東五反田1丁目 11番 / 東五反田1丁目 12番（1号～11号） / 東五反田1丁目 13番（1号～10号） / 東五反田1丁目 16番～20番 / 東五反田1丁目 22番（一部） / 東五反田1丁目 23番（一部） / 東五反田5丁目 25番（11号～19号） / 東五反田5丁目 26番（根岸ビル）
連絡先: 03-3442-7075
町会の紹介: 五反田駅東口から品川駅方面に伸びる八ツ山通りと、国道1号桜田通りに囲まれた我が町は、有楽街と称される繁華街と、オフィス・マンションが混合した特殊なエリアです。町内には、32台の防犯力メラを設置し、防災・防犯活動を中心に、安心・安全な町づくりに向けた活動をしています。
出典: https://www2.wagmap.jp/shinagawa/OpenDataDetail?lid=2100&amp;mids=110
https://www.city.shinagawa.tokyo.jp/PC/chiiki/chiiki-tyokai/chiiki-tyokai-oosaki1/index.html
https://www.shinagawa-choukaijichikai.jp/association/
https://pc.tamemap.net/1310901/activities?utf8=%E2%9C%93&amp;area=&amp;category=%E7%94%BA%E4%BC%9A%E3%83%BB%E8%87%AA%E6%B2%BB%E4%BC%9A&amp;word=
https://www.shinagawa-choukaijichikai.jp/osakiarea/359/</description>
      <styleUrl>#area-1</styleUrl>
      <ExtendedData>
        <Data name="町会・自治会名">
          <value>五反田中部町会</value>
        </Data>
        <Data name="公式町会名">
          <value>五反田中部町会</value>
        </Data>
        <Data name="地域区分">
          <value>大崎第一地域</value>
        </Data>
        <Data name="住所区域">
          <value>東五反田1丁目 4番～7番 / 東五反田1丁目 8番（3号の一部～13号） / 東五反田1丁目 11番 / 東五反田1丁目 12番（1号～11号） / 東五反田1丁目 13番（1号～10号） / 東五反田1丁目 16番～20番 / 東五反田1丁目 22番（一部） / 東五反田1丁目 23番（一部） / 東五反田5丁目 25番（11号～19号） / 東五反田5丁目 26番（根岸ビル）</value>
        </Data>
        <Data name="町会長">
          <value />
        </Data>
        <Data name="代表者">
          <value />
        </Data>
        <Data name="連絡先">
          <value>03-3442-7075</value>
        </Data>
        <Data name="電話">
          <value />
        </Data>
        <Data name="メール">
          <value />
        </Data>
        <Data name="町会の紹介">
          <value>五反田駅東口から品川駅方面に伸びる八ツ山通りと、国道1号桜田通りに囲まれた我が町は、有楽街と称される繁華街と、オフィス・マンションが混合した特殊なエリアです。町内には、32台の防犯力メラを設置し、防災・防犯活動を中心に、安心・安全な町づくりに向けた活動をしています。</value>
        </Data>
        <Data name="活動実績">
          <value />
        </Data>
        <Data name="ホームページ">
          <value />
        </Data>
        <Data name="SNS">
          <value />
        </Data>
        <Data name="出典">
          <value>https://www2.wagmap.jp/shinagawa/OpenDataDetail?lid=2100&amp;mids=110
https://www.city.shinagawa.tokyo.jp/PC/chiiki/chiiki-tyokai/chiiki-tyokai-oosaki1/index.html
https://www.shinagawa-choukaijichikai.jp/association/
https://pc.tamemap.net/1310901/activities?utf8=%E2%9C%93&amp;area=&amp;category=%E7%94%BA%E4%BC%9A%E3%83%BB%E8%87%AA%E6%B2%BB%E4%BC%9A&amp;word=
https://www.shinagawa-choukaijichikai.jp/osakiarea/359/</value>
        </Data>
      </ExtendedData>
      <Polygon>
        <tessellate>1</tessellate>
        <altitudeMode>clampToGround</altitudeMode>
        <outerBoundaryIs>
          <LinearRing>
            <coordinates>139.725424,35.628208,0 139.725582,35.627880,0 139.725742,35.627388,0 139.726370,35.627933,0 139.726441,35.627802,0 139.726886,35.628051,0 139.726959,35.627944,0 139.727058,35.627678,0 139.727080,35.627511,0 139.727071,35.627349,0 139.727105,35.627116,0 139.727152,35.626820,0 139.727166,35.626715,0 139.727169,35.626639,0 139.727157,35.626587,0 139.727288,35.626553,0 139.727262,35.626533,0 139.727258,35.626493,0 139.727243,35.626200,0 139.727045,35.626219,0 139.727002,35.625989,0 139.726718,35.626003,0 139.725686,35.626093,0 139.725717,35.626372,0 139.725115,35.626432,0 139.724855,35.626305,0 139.724619,35.626627,0 139.724814,35.626713,0 139.724704,35.626858,0 139.725048,35.627200,0 139.724869,35.627254,0 139.724620,35.627339,0 139.724271,35.627092,0 139.724256,35.627384,0 139.724244,35.627543,0 139.724159,35.627541,0 139.724152,35.627664,0 139.725197,35.628357,0 139.725424,35.628208,0</coordinates>
          </LinearRing>
        </outerBoundaryIs>
      </Polygon>
    </Placemark>
    <Placemark>
      <name>五反田東口町会</name>
      <description>町会・自治会名: 五反田東口町会
公式町会名: 五反田東口町会
地域区分: 大崎第一地域
住所区域: 東五反田1丁目 12番（12号～13号） / 東五反田1丁目 13番（11号～13号） / 東五反田5丁目 22番（11号～36号） / 東五反田5丁目 23番～24番 / 東五反田5丁目 25番（20号） / 東五反田5丁目 26番（除 根岸ビル） / 東五反田5丁目 27番～28番
出典: https://www2.wagmap.jp/shinagawa/OpenDataDetail?lid=2100&amp;mids=110
https://www.city.shinagawa.tokyo.jp/PC/chiiki/chiiki-tyokai/chiiki-tyokai-oosaki1/index.html
https://www.shinagawa-choukaijichikai.jp/association/
https://pc.tamemap.net/1310901/activities?utf8=%E2%9C%93&amp;area=&amp;category=%E7%94%BA%E4%BC%9A%E3%83%BB%E8%87%AA%E6%B2%BB%E4%BC%9A&amp;word=
https://www.shinagawa-choukaijichikai.jp/osakiarea/361/</description>
      <styleUrl>#area-0</styleUrl>
      <ExtendedData>
        <Data name="町会・自治会名">
          <value>五反田東口町会</value>
        </Data>
        <Data name="公式町会名">
          <value>五反田東口町会</value>
        </Data>
        <Data name="地域区分">
          <value>大崎第一地域</value>
        </Data>
        <Data name="住所区域">
          <value>東五反田1丁目 12番（12号～13号） / 東五反田1丁目 13番（11号～13号） / 東五反田5丁目 22番（11号～36号） / 東五反田5丁目 23番～24番 / 東五反田5丁目 25番（20号） / 東五反田5丁目 26番（除 根岸ビル） / 東五反田5丁目 27番～28番</value>
        </Data>
        <Data name="町会長">
          <value />
        </Data>
        <Data name="代表者">
          <value />
        </Data>
        <Data name="連絡先">
          <value />
        </Data>
        <Data name="電話">
          <value />
        </Data>
        <Data name="メール">
          <value />
        </Data>
        <Data name="町会の紹介">
          <value />
        </Data>
        <Data name="活動実績">
          <value />
        </Data>
        <Data name="ホームページ">
          <value />
        </Data>
        <Data name="SNS">
          <value />
        </Data>
        <Data name="出典">
          <value>https://www2.wagmap.jp/shinagawa/OpenDataDetail?lid=2100&amp;mids=110
https://www.city.shinagawa.tokyo.jp/PC/chiiki/chiiki-tyokai/chiiki-tyokai-oosaki1/index.html
https://www.shinagawa-choukaijichikai.jp/association/
https://pc.tamemap.net/1310901/activities?utf8=%E2%9C%93&amp;area=&amp;category=%E7%94%BA%E4%BC%9A%E3%83%BB%E8%87%AA%E6%B2%BB%E4%BC%9A&amp;word=
https://www.shinagawa-choukaijichikai.jp/osakiarea/361/</value>
        </Data>
      </ExtendedData>
      <Polygon>
        <tessellate>1</tessellate>
        <altitudeMode>clampToGround</altitudeMode>
        <outerBoundaryIs>
          <LinearRing>
            <coordinates>139.723607,35.628119,0 139.723608,35.628103,0 139.723605,35.628081,0 139.723616,35.627896,0 139.723642,35.627818,0 139.723699,35.627745,0 139.723769,35.627664,0 139.724152,35.627664,0 139.724159,35.627541,0 139.724244,35.627543,0 139.724256,35.627384,0 139.724271,35.627092,0 139.724620,35.627339,0 139.724869,35.627254,0 139.725048,35.627200,0 139.724704,35.626858,0 139.724814,35.626713,0 139.724551,35.626785,0 139.724533,35.626545,0 139.724277,35.626415,0 139.724454,35.625753,0 139.723938,35.625495,0 139.723933,35.625502,0 139.723804,35.625682,0 139.723758,35.625689,0 139.723704,35.625730,0 139.723281,35.626207,0 139.723277,35.626242,0 139.723281,35.626276,0 139.723352,35.626323,0 139.723063,35.626586,0 139.722971,35.626695,0 139.722931,35.626732,0 139.722764,35.626882,0 139.722542,35.627082,0 139.722228,35.627343,0 139.722144,35.627407,0 139.721645,35.627741,0 139.721528,35.627806,0 139.722011,35.628353,0 139.722136,35.628282,0 139.723600,35.628395,0 139.723607,35.628119,0</coordinates>
          </LinearRing>
        </outerBoundaryIs>
      </Polygon>
    </Placemark>
    <Placemark>
      <name>西五反田谷山会</name>
      <description>町会・自治会名: 西五反田谷山会
公式町会名: 西五反田谷山会
地域区分: 大崎第一地域
住所区域: 西五反田3丁目 6番（3号～12号、38号）
出典: https://www2.wagmap.jp/shinagawa/OpenDataDetail?lid=2100&amp;mids=110
https://www.city.shinagawa.tokyo.jp/PC/chiiki/chiiki-tyokai/chiiki-tyokai-oosaki1/index.html
https://www.shinagawa-choukaijichikai.jp/association/
https://pc.tamemap.net/1310901/activities?utf8=%E2%9C%93&amp;area=&amp;category=%E7%94%BA%E4%BC%9A%E3%83%BB%E8%87%AA%E6%B2%BB%E4%BC%9A&amp;word=
https://www.shinagawa-choukaijichikai.jp/osakiarea/410/</description>
      <styleUrl>#area-3</styleUrl>
      <ExtendedData>
        <Data name="町会・自治会名">
          <value>西五反田谷山会</value>
        </Data>
        <Data name="公式町会名">
          <value>西五反田谷山会</value>
        </Data>
        <Data name="地域区分">
          <value>大崎第一地域</value>
        </Data>
        <Data name="住所区域">
          <value>西五反田3丁目 6番（3号～12号、38号）</value>
        </Data>
        <Data name="町会長">
          <value />
        </Data>
        <Data name="代表者">
          <value />
        </Data>
        <Data name="連絡先">
          <value />
        </Data>
        <Data name="電話">
          <value />
        </Data>
        <Data name="メール">
          <value />
        </Data>
        <Data name="町会の紹介">
          <value />
        </Data>
        <Data name="活動実績">
          <value />
        </Data>
        <Data name="ホームページ">
          <value />
        </Data>
        <Data name="SNS">
          <value />
        </Data>
        <Data name="出典">
          <value>https://www2.wagmap.jp/shinagawa/OpenDataDetail?lid=2100&amp;mids=110
https://www.city.shinagawa.tokyo.jp/PC/chiiki/chiiki-tyokai/chiiki-tyokai-oosaki1/index.html
https://www.shinagawa-choukaijichikai.jp/association/
https://pc.tamemap.net/1310901/activities?utf8=%E2%9C%93&amp;area=&amp;category=%E7%94%BA%E4%BC%9A%E3%83%BB%E8%87%AA%E6%B2%BB%E4%BC%9A&amp;word=
https://www.shinagawa-choukaijichikai.jp/osakiarea/410/</value>
        </Data>
      </ExtendedData>
      <Polygon>
        <tessellate>1</tessellate>
        <altitudeMode>clampToGround</altitudeMode>
        <outerBoundaryIs>
          <LinearRing>
            <coordinates>139.716899,35.628385,0 139.717537,35.628227,0 139.717676,35.628164,0 139.717861,35.628040,0 139.717933,35.627989,0 139.718019,35.627957,0 139.718153,35.627962,0 139.718001,35.627773,0 139.718177,35.627646,0 139.718140,35.627593,0 139.718407,35.627440,0 139.718041,35.626951,0 139.716679,35.627647,0 139.716198,35.627897,0 139.716231,35.627946,0 139.716638,35.628465,0 139.716899,35.628385,0</coordinates>
          </LinearRing>
        </outerBoundaryIs>
      </Polygon>
    </Placemark>
    <Placemark>
      <name>西五反田一二三町会</name>
      <description>町会・自治会名: 西五反田一二三町会
公式町会名: 西五反田一･二･三町会
地域区分: 大崎第一地域
住所区域: 西五反田1丁目 1番～5番 / 西五反田2丁目 1番～21番 / 西五反田3丁目 5番（15号～17号） / 西五反田3丁目 6番 （除 桜コート目黒の一画、3号～15号、38号）
出典: https://www2.wagmap.jp/shinagawa/OpenDataDetail?lid=2100&amp;mids=110
https://www.city.shinagawa.tokyo.jp/PC/chiiki/chiiki-tyokai/chiiki-tyokai-oosaki1/index.html
https://www.shinagawa-choukaijichikai.jp/association/
https://pc.tamemap.net/1310901/activities?utf8=%E2%9C%93&amp;area=&amp;category=%E7%94%BA%E4%BC%9A%E3%83%BB%E8%87%AA%E6%B2%BB%E4%BC%9A&amp;word=
https://www.shinagawa-choukaijichikai.jp/osakiarea/355/</description>
      <styleUrl>#area-2</styleUrl>
      <ExtendedData>
        <Data name="町会・自治会名">
          <value>西五反田一二三町会</value>
        </Data>
        <Data name="公式町会名">
          <value>西五反田一･二･三町会</value>
        </Data>
        <Data name="地域区分">
          <value>大崎第一地域</value>
        </Data>
        <Data name="住所区域">
          <value>西五反田1丁目 1番～5番 / 西五反田2丁目 1番～21番 / 西五反田3丁目 5番（15号～17号） / 西五反田3丁目 6番 （除 桜コート目黒の一画、3号～15号、38号）</value>
        </Data>
        <Data name="町会長">
          <value />
        </Data>
        <Data name="代表者">
          <value />
        </Data>
        <Data name="連絡先">
          <value />
        </Data>
        <Data name="電話">
          <value />
        </Data>
        <Data name="メール">
          <value />
        </Data>
        <Data name="町会の紹介">
          <value />
        </Data>
        <Data name="活動実績">
          <value />
        </Data>
        <Data name="ホームページ">
          <value />
        </Data>
        <Data name="SNS">
          <value />
        </Data>
        <Data name="出典">
          <value>https://www2.wagmap.jp/shinagawa/OpenDataDetail?lid=2100&amp;mids=110
https://www.city.shinagawa.tokyo.jp/PC/chiiki/chiiki-tyokai/chiiki-tyokai-oosaki1/index.html
https://www.shinagawa-choukaijichikai.jp/association/
https://pc.tamemap.net/1310901/activities?utf8=%E2%9C%93&amp;area=&amp;category=%E7%94%BA%E4%BC%9A%E3%83%BB%E8%87%AA%E6%B2%BB%E4%BC%9A&amp;word=
https://www.shinagawa-choukaijichikai.jp/osakiarea/355/</value>
        </Data>
      </ExtendedData>
      <Polygon>
        <tessellate>1</tessellate>
        <altitudeMode>clampToGround</altitudeMode>
        <outerBoundaryIs>
          <LinearRing>
            <coordinates>139.719838,35.628629,0 139.719983,35.628549,0 139.720990,35.628104,0 139.721528,35.627806,0 139.721645,35.627741,0 139.722144,35.627407,0 139.722228,35.627343,0 139.722542,35.627082,0 139.722764,35.626882,0 139.722931,35.626732,0 139.722971,35.626695,0 139.723063,35.626586,0 139.723352,35.626323,0 139.723281,35.626276,0 139.723277,35.626242,0 139.723281,35.626207,0 139.723704,35.625730,0 139.723758,35.625689,0 139.723804,35.625682,0 139.723933,35.625502,0 139.723790,35.625466,0 139.723425,35.624860,0 139.723008,35.625045,0 139.721780,35.625387,0 139.721559,35.625447,0 139.720758,35.625686,0 139.718908,35.626446,0 139.718451,35.626621,0 139.718525,35.626730,0 139.718235,35.626852,0 139.718041,35.626951,0 139.718407,35.627440,0 139.718140,35.627593,0 139.718177,35.627646,0 139.718001,35.627773,0 139.718153,35.627962,0 139.718221,35.627964,0 139.718406,35.627987,0 139.718662,35.627989,0 139.719417,35.627983,0 139.719606,35.628352,0 139.719183,35.628568,0 139.719390,35.628867,0 139.719838,35.628629,0</coordinates>
          </LinearRing>
        </outerBoundaryIs>
      </Polygon>
    </Placemark>
    <Placemark>
      <name>大崎本町三丁目町会</name>
      <description>町会・自治会名: 大崎本町三丁目町会
公式町会名: 大崎本町三丁目町会
地域区分: 大崎第一地域
住所区域: 西五反田3丁目 6番 （桜コート目黒の一画） / 西五反田3丁目 10番～16番 / 西五反田4丁目 1番～4番 / 西五反田4丁目 30番～32番 / 西五反田5丁目 1番
連絡先: 03-3491-2634
町会の紹介: 我が本三町会（通称）は不動前駅・かむろ坂・環六・目黒川にかけての町会です。氷川神社氏子町会になり、祭礼活動を頭に幅広く活動を行っています。防犯カメラも数多く設置し、防災でも発電機を倉庫に装備する等有事に備えている先駆的町会です。本三町会のHPはhttp://osaki-hon3.chokai.gr.jpです。是非ご覧くださいませ！
出典: https://www2.wagmap.jp/shinagawa/OpenDataDetail?lid=2100&amp;mids=110
https://www.city.shinagawa.tokyo.jp/PC/chiiki/chiiki-tyokai/chiiki-tyokai-oosaki1/index.html
https://www.shinagawa-choukaijichikai.jp/association/
https://pc.tamemap.net/1310901/activities?utf8=%E2%9C%93&amp;area=&amp;category=%E7%94%BA%E4%BC%9A%E3%83%BB%E8%87%AA%E6%B2%BB%E4%BC%9A&amp;word=
https://www.shinagawa-choukaijichikai.jp/osakiarea/394/</description>
      <styleUrl>#area-1</styleUrl>
      <ExtendedData>
        <Data name="町会・自治会名">
          <value>大崎本町三丁目町会</value>
        </Data>
        <Data name="公式町会名">
          <value>大崎本町三丁目町会</value>
        </Data>
        <Data name="地域区分">
          <value>大崎第一地域</value>
        </Data>
        <Data name="住所区域">
          <value>西五反田3丁目 6番 （桜コート目黒の一画） / 西五反田3丁目 10番～16番 / 西五反田4丁目 1番～4番 / 西五反田4丁目 30番～32番 / 西五反田5丁目 1番</value>
        </Data>
        <Data name="町会長">
          <value />
        </Data>
        <Data name="代表者">
          <value />
        </Data>
        <Data name="連絡先">
          <value>03-3491-2634</value>
        </Data>
        <Data name="電話">
          <value />
        </Data>
        <Data name="メール">
          <value />
        </Data>
        <Data name="町会の紹介">
          <value>我が本三町会（通称）は不動前駅・かむろ坂・環六・目黒川にかけての町会です。氷川神社氏子町会になり、祭礼活動を頭に幅広く活動を行っています。防犯カメラも数多く設置し、防災でも発電機を倉庫に装備する等有事に備えている先駆的町会です。本三町会のHPはhttp://osaki-hon3.chokai.gr.jpです。是非ご覧くださいませ！</value>
        </Data>
        <Data name="活動実績">
          <value />
        </Data>
        <Data name="ホームページ">
          <value />
        </Data>
        <Data name="SNS">
          <value />
        </Data>
        <Data name="出典">
          <value>https://www2.wagmap.jp/shinagawa/OpenDataDetail?lid=2100&amp;mids=110
https://www.city.shinagawa.tokyo.jp/PC/chiiki/chiiki-tyokai/chiiki-tyokai-oosaki1/index.html
https://www.shinagawa-choukaijichikai.jp/association/
https://pc.tamemap.net/1310901/activities?utf8=%E2%9C%93&amp;area=&amp;category=%E7%94%BA%E4%BC%9A%E3%83%BB%E8%87%AA%E6%B2%BB%E4%BC%9A&amp;word=
https://www.shinagawa-choukaijichikai.jp/osakiarea/394/</value>
        </Data>
      </ExtendedData>
      <Polygon>
        <tessellate>1</tessellate>
        <altitudeMode>clampToGround</altitudeMode>
        <outerBoundaryIs>
          <LinearRing>
            <coordinates>139.714909,35.628665,0 139.715024,35.628512,0 139.715130,35.628382,0 139.715268,35.628255,0 139.715426,35.628122,0 139.715555,35.628042,0 139.715720,35.628232,0 139.715965,35.628526,0 139.716084,35.628698,0 139.716326,35.628607,0 139.716607,35.628485,0 139.716638,35.628465,0 139.716231,35.627946,0 139.716198,35.627897,0 139.716679,35.627647,0 139.716526,35.627410,0 139.716496,35.627368,0 139.715869,35.626562,0 139.715770,35.626441,0 139.715090,35.625555,0 139.714878,35.625666,0 139.714823,35.625691,0 139.714481,35.625719,0 139.714385,35.625727,0 139.714037,35.625779,0 139.713871,35.625827,0 139.713495,35.625944,0 139.713170,35.625796,0 139.712834,35.626067,0 139.712742,35.626141,0 139.712664,35.626231,0 139.712649,35.626353,0 139.712532,35.626599,0 139.712503,35.626645,0 139.712158,35.627301,0 139.712091,35.627402,0 139.711912,35.627825,0 139.711816,35.628054,0 139.712298,35.628258,0 139.712328,35.628272,0 139.712521,35.628358,0 139.713141,35.628614,0 139.713200,35.628641,0 139.713871,35.628921,0 139.714528,35.629218,0 139.714909,35.628665,0</coordinates>
          </LinearRing>
        </outerBoundaryIs>
      </Polygon>
    </Placemark>
    <Placemark>
      <name>袖ケ崎新興会</name>
      <description>町会・自治会名: 袖ケ崎新興会
公式町会名: 袖ケ崎新興会
地域区分: 品川第一地域
住所区域: 東五反田2丁目 16番～22番 / 東五反田3丁目 18番～19番 / 東五反田3丁目 20番（17号） / 北品川5丁目 1番～2番 / 北品川6丁目 1番～5番
町会の紹介: 当町会は、八ツ山通りをはさんで二つに分かれ、道路沿いには飲食店などが多く賑わっています。町は、再開発により、高層マンション、オフィスビルの建設で日々変貌していますが、町内親睦を第一にバス旅行などいろいろな行事を多くの方の参加で活動しています。
出典: https://www2.wagmap.jp/shinagawa/OpenDataDetail?lid=2100&amp;mids=110
https://www.city.shinagawa.tokyo.jp/PC/chiiki/chiiki-tyokai/hpg000011172.html
https://www.shinagawa-choukaijichikai.jp/association/
https://pc.tamemap.net/1310901/activities?utf8=%E2%9C%93&amp;area=&amp;category=%E7%94%BA%E4%BC%9A%E3%83%BB%E8%87%AA%E6%B2%BB%E4%BC%9A&amp;word=
https://www.shinagawa-choukaijichikai.jp/shinagawaarea/333/</description>
      <styleUrl>#area-1</styleUrl>
      <ExtendedData>
        <Data name="町会・自治会名">
          <value>袖ケ崎新興会</value>
        </Data>
        <Data name="公式町会名">
          <value>袖ケ崎新興会</value>
        </Data>
        <Data name="地域区分">
          <value>品川第一地域</value>
        </Data>
        <Data name="住所区域">
          <value>東五反田2丁目 16番～22番 / 東五反田3丁目 18番～19番 / 東五反田3丁目 20番（17号） / 北品川5丁目 1番～2番 / 北品川6丁目 1番～5番</value>
        </Data>
        <Data name="町会長">
          <value />
        </Data>
        <Data name="代表者">
          <value />
        </Data>
        <Data name="連絡先">
          <value />
        </Data>
        <Data name="電話">
          <value />
        </Data>
        <Data name="メール">
          <value />
        </Data>
        <Data name="町会の紹介">
          <value>当町会は、八ツ山通りをはさんで二つに分かれ、道路沿いには飲食店などが多く賑わっています。町は、再開発により、高層マンション、オフィスビルの建設で日々変貌していますが、町内親睦を第一にバス旅行などいろいろな行事を多くの方の参加で活動しています。</value>
        </Data>
        <Data name="活動実績">
          <value />
        </Data>
        <Data name="ホームページ">
          <value />
        </Data>
        <Data name="SNS">
          <value />
        </Data>
        <Data name="出典">
          <value>https://www2.wagmap.jp/shinagawa/OpenDataDetail?lid=2100&amp;mids=110
https://www.city.shinagawa.tokyo.jp/PC/chiiki/chiiki-tyokai/hpg000011172.html
https://www.shinagawa-choukaijichikai.jp/association/
https://pc.tamemap.net/1310901/activities?utf8=%E2%9C%93&amp;area=&amp;category=%E7%94%BA%E4%BC%9A%E3%83%BB%E8%87%AA%E6%B2%BB%E4%BC%9A&amp;word=
https://www.shinagawa-choukaijichikai.jp/shinagawaarea/333/</value>
        </Data>
      </ExtendedData>
      <Polygon>
        <tessellate>1</tessellate>
        <altitudeMode>clampToGround</altitudeMode>
        <outerBoundaryIs>
          <LinearRing>
            <coordinates>139.731315,35.628856,0 139.731455,35.628595,0 139.731481,35.628087,0 139.731431,35.627869,0 139.731443,35.627528,0 139.731282,35.627537,0 139.731162,35.627013,0 139.731236,35.626690,0 139.731391,35.626444,0 139.731420,35.626297,0 139.731491,35.626247,0 139.731641,35.626136,0 139.731883,35.626029,0 139.732024,35.625993,0 139.732565,35.626020,0 139.732719,35.626014,0 139.733011,35.625409,0 139.732988,35.624704,0 139.732938,35.624496,0 139.732906,35.624428,0 139.732747,35.623852,0 139.732825,35.623613,0 139.732152,35.622940,0 139.732078,35.622931,0 139.732053,35.622927,0 139.731262,35.622933,0 139.731000,35.622936,0 139.730484,35.622943,0 139.730027,35.622949,0 139.729992,35.622114,0 139.729392,35.622331,0 139.728848,35.622528,0 139.728899,35.623711,0 139.728901,35.623785,0 139.728948,35.624876,0 139.728966,35.625047,0 139.728984,35.625374,0 139.728916,35.625394,0 139.728924,35.625837,0 139.728972,35.625868,0 139.729079,35.625845,0 139.729420,35.625716,0 139.729476,35.625691,0 139.729538,35.625663,0 139.729668,35.625556,0 139.729710,35.625498,0 139.729954,35.625267,0 139.730123,35.625044,0 139.731277,35.624740,0 139.731299,35.624734,0 139.731457,35.624842,0 139.731495,35.624954,0 139.731456,35.625038,0 139.731384,35.625124,0 139.731273,35.625231,0 139.731147,35.625291,0 139.731089,35.625308,0 139.731026,35.625424,0 139.730963,35.625556,0 139.730916,35.625672,0 139.730789,35.626083,0 139.730692,35.626378,0 139.730660,35.626463,0 139.730629,35.626592,0 139.730623,35.626665,0 139.730643,35.627375,0 139.730682,35.627739,0 139.730703,35.627833,0 139.730834,35.628082,0 139.730944,35.628326,0 139.730996,35.628454,0 139.731048,35.628514,0 139.731074,35.628570,0 139.731116,35.628707,0 139.731124,35.628865,0 139.731113,35.629028,0 139.731066,35.629377,0 139.731315,35.628856,0</coordinates>
          </LinearRing>
        </outerBoundaryIs>
      </Polygon>
    </Placemark>
    <Placemark>
      <name>島津山自生会</name>
      <description>町会・自治会名: 島津山自生会
公式町会名: 島津山自生会
地域区分: 大崎第一地域
住所区域: 東五反田1丁目 1番 / 東五反田1丁目 3番 / 東五反田3丁目 5番 / 東五反田3丁目 6番（9号～16号） / 東五反田3丁目 7番（4号～） / 東五反田3丁目 8番（1号～9号） / 東五反田3丁目 9番～17番 / 東五反田3丁目 20番～21番
町会長: 濱谷 忠夫
連絡先: 03-3441-9045
町会の紹介: 明治維新後、当町会区地域は島津家の屋敷となり、島津山と呼ばれたことから町会名を島津山自生会としております。 清泉女子大学を中心にして、周りを囲んだ静かな町内です。 毎月の月例会・春秋全国交通安全運動・五反田駅前をきれいにする会・区民祭り・雉子神社（祭禮・節分祭）・その他町内パトロール・歳末警戒を実施して、安心して住める町内になるように役員一同頑張っています。 町会活動へのご参加を是非お待ちしています。
出典: https://www2.wagmap.jp/shinagawa/OpenDataDetail?lid=2100&amp;mids=110
https://www.city.shinagawa.tokyo.jp/PC/chiiki/chiiki-tyokai/chiiki-tyokai-oosaki1/index.html
https://www.shinagawa-choukaijichikai.jp/association/
https://pc.tamemap.net/1310901/activities?utf8=%E2%9C%93&amp;area=&amp;category=%E7%94%BA%E4%BC%9A%E3%83%BB%E8%87%AA%E6%B2%BB%E4%BC%9A&amp;word=
https://www.shinagawa-choukaijichikai.jp/osakiarea/365/</description>
      <styleUrl>#area-2</styleUrl>
      <ExtendedData>
        <Data name="町会・自治会名">
          <value>島津山自生会</value>
        </Data>
        <Data name="公式町会名">
          <value>島津山自生会</value>
        </Data>
        <Data name="地域区分">
          <value>大崎第一地域</value>
        </Data>
        <Data name="住所区域">
          <value>東五反田1丁目 1番 / 東五反田1丁目 3番 / 東五反田3丁目 5番 / 東五反田3丁目 6番（9号～16号） / 東五反田3丁目 7番（4号～） / 東五反田3丁目 8番（1号～9号） / 東五反田3丁目 9番～17番 / 東五反田3丁目 20番～21番</value>
        </Data>
        <Data name="町会長">
          <value>濱谷 忠夫</value>
        </Data>
        <Data name="代表者">
          <value />
        </Data>
        <Data name="連絡先">
          <value>03-3441-9045</value>
        </Data>
        <Data name="電話">
          <value />
        </Data>
        <Data name="メール">
          <value />
        </Data>
        <Data name="町会の紹介">
          <value>明治維新後、当町会区地域は島津家の屋敷となり、島津山と呼ばれたことから町会名を島津山自生会としております。 清泉女子大学を中心にして、周りを囲んだ静かな町内です。 毎月の月例会・春秋全国交通安全運動・五反田駅前をきれいにする会・区民祭り・雉子神社（祭禮・節分祭）・その他町内パトロール・歳末警戒を実施して、安心して住める町内になるように役員一同頑張っています。 町会活動へのご参加を是非お待ちしています。</value>
        </Data>
        <Data name="活動実績">
          <value />
        </Data>
        <Data name="ホームページ">
          <value />
        </Data>
        <Data name="SNS">
          <value />
        </Data>
        <Data name="出典">
          <value>https://www2.wagmap.jp/shinagawa/OpenDataDetail?lid=2100&amp;mids=110
https://www.city.shinagawa.tokyo.jp/PC/chiiki/chiiki-tyokai/chiiki-tyokai-oosaki1/index.html
https://www.shinagawa-choukaijichikai.jp/association/
https://pc.tamemap.net/1310901/activities?utf8=%E2%9C%93&amp;area=&amp;category=%E7%94%BA%E4%BC%9A%E3%83%BB%E8%87%AA%E6%B2%BB%E4%BC%9A&amp;word=
https://www.shinagawa-choukaijichikai.jp/osakiarea/365/</value>
        </Data>
      </ExtendedData>
      <Polygon>
        <tessellate>1</tessellate>
        <altitudeMode>clampToGround</altitudeMode>
        <outerBoundaryIs>
          <LinearRing>
            <coordinates>139.729413,35.629551,0 139.729388,35.629487,0 139.729273,35.629283,0 139.729307,35.629118,0 139.729339,35.629111,0 139.729248,35.628894,0 139.730078,35.628680,0 139.730080,35.628602,0 139.730309,35.628552,0 139.730486,35.628511,0 139.730503,35.628563,0 139.730564,35.628702,0 139.730555,35.628721,0 139.730562,35.628924,0 139.730538,35.629024,0 139.730540,35.629061,0 139.730545,35.629074,0 139.730562,35.629080,0 139.730484,35.629500,0 139.730503,35.629506,0 139.731082,35.629753,0 139.731082,35.629704,0 139.731070,35.629624,0 139.731060,35.629553,0 139.731060,35.629511,0 139.731063,35.629452,0 139.731066,35.629377,0 139.731113,35.629028,0 139.731124,35.628865,0 139.731116,35.628707,0 139.731074,35.628570,0 139.731048,35.628514,0 139.730996,35.628454,0 139.730944,35.628326,0 139.730834,35.628082,0 139.730703,35.627833,0 139.730682,35.627739,0 139.730643,35.627375,0 139.730623,35.626665,0 139.730629,35.626592,0 139.730660,35.626463,0 139.730692,35.626378,0 139.730789,35.626083,0 139.730916,35.625672,0 139.730963,35.625556,0 139.731026,35.625424,0 139.731089,35.625308,0 139.731147,35.625291,0 139.731273,35.625231,0 139.731384,35.625124,0 139.731456,35.625038,0 139.731495,35.624954,0 139.731457,35.624842,0 139.731299,35.624734,0 139.731277,35.624740,0 139.730123,35.625044,0 139.729954,35.625267,0 139.729710,35.625498,0 139.729668,35.625556,0 139.729538,35.625663,0 139.729476,35.625691,0 139.729420,35.625716,0 139.729079,35.625845,0 139.728972,35.625868,0 139.728924,35.625837,0 139.728690,35.625902,0 139.728609,35.625946,0 139.728553,35.625988,0 139.727985,35.626254,0 139.727488,35.626498,0 139.727288,35.626553,0 139.727157,35.626587,0 139.727169,35.626639,0 139.727166,35.626715,0 139.727152,35.626820,0 139.727105,35.627116,0 139.727071,35.627349,0 139.727080,35.627511,0 139.727261,35.627576,0 139.727355,35.627618,0 139.727730,35.627862,0 139.727795,35.627918,0 139.727859,35.628089,0 139.727674,35.628344,0 139.727817,35.628654,0 139.727958,35.628943,0 139.728108,35.629345,0 139.728240,35.629464,0 139.728400,35.629526,0 139.728468,35.629620,0 139.728419,35.629748,0 139.728596,35.629831,0 139.728481,35.630009,0 139.728432,35.630086,0 139.728566,35.630166,0 139.728626,35.630208,0 139.729413,35.629551,0</coordinates>
          </LinearRing>
        </outerBoundaryIs>
      </Polygon>
    </Placemark>
    <Placemark>
      <name>袖が崎町会</name>
      <description>町会・自治会名: 袖が崎町会
公式町会名: 袖が崎町会
地域区分: 大崎第一地域
住所区域: 東五反田1丁目 2番 （1号～2号、5号の一部、39号～46号） / 東五反田3丁目 1番～4番 / 東五反田3丁目 6番（17号～20号） / 東五反田3丁目 7番（1号～3号） / 東五反田3丁目 8番（10号～） / 東五反田4丁目 3番（1号～13号） / 東五反田4丁目 4番～6番 / 東五反田4丁目 7番（7号～30号）
連絡先: ・03-3441-0923 ・090-3916-5141
町会の紹介: 袖が崎町会は桜田通りに隣接する東五反田１、３、４丁目の一部に居住する住民で組織されています。その中心には６００余年の歴史を持つ「袖ケ崎神社」があり、お宮様を一町会でお守りしているのは大変珍しいようです。袖ケ崎神社の社務所を集会場所として借り受け、この境内において四季折々、町内会行事を行い、町民同士の交流、親睦を図りつつ町民の皆様の健康と安全を祈願しております。近年は高層マンション建設により、多くの会員を迎え入れておりますが、住民同士の交流、相互扶助、連携などに関しては困難な時代・状況です。こうした問題を解決し打破すべく、多くの町民の皆様に呼び掛け、できるだけ大勢の方々の参加を歓迎しております。
出典: https://www2.wagmap.jp/shinagawa/OpenDataDetail?lid=2100&amp;mids=110
https://www.city.shinagawa.tokyo.jp/PC/chiiki/chiiki-tyokai/chiiki-tyokai-oosaki1/index.html
https://www.shinagawa-choukaijichikai.jp/association/
https://pc.tamemap.net/1310901/activities?utf8=%E2%9C%93&amp;area=&amp;category=%E7%94%BA%E4%BC%9A%E3%83%BB%E8%87%AA%E6%B2%BB%E4%BC%9A&amp;word=
https://www.shinagawa-choukaijichikai.jp/osakiarea/366/</description>
      <styleUrl>#area-1</styleUrl>
      <ExtendedData>
        <Data name="町会・自治会名">
          <value>袖が崎町会</value>
        </Data>
        <Data name="公式町会名">
          <value>袖が崎町会</value>
        </Data>
        <Data name="地域区分">
          <value>大崎第一地域</value>
        </Data>
        <Data name="住所区域">
          <value>東五反田1丁目 2番 （1号～2号、5号の一部、39号～46号） / 東五反田3丁目 1番～4番 / 東五反田3丁目 6番（17号～20号） / 東五反田3丁目 7番（1号～3号） / 東五反田3丁目 8番（10号～） / 東五反田4丁目 3番（1号～13号） / 東五反田4丁目 4番～6番 / 東五反田4丁目 7番（7号～30号）</value>
        </Data>
        <Data name="町会長">
          <value />
        </Data>
        <Data name="代表者">
          <value />
        </Data>
        <Data name="連絡先">
          <value>・03-3441-0923 ・090-3916-5141</value>
        </Data>
        <Data name="電話">
          <value />
        </Data>
        <Data name="メール">
          <value />
        </Data>
        <Data name="町会の紹介">
          <value>袖が崎町会は桜田通りに隣接する東五反田１、３、４丁目の一部に居住する住民で組織されています。その中心には６００余年の歴史を持つ「袖ケ崎神社」があり、お宮様を一町会でお守りしているのは大変珍しいようです。袖ケ崎神社の社務所を集会場所として借り受け、この境内において四季折々、町内会行事を行い、町民同士の交流、親睦を図りつつ町民の皆様の健康と安全を祈願しております。近年は高層マンション建設により、多くの会員を迎え入れておりますが、住民同士の交流、相互扶助、連携などに関しては困難な時代・状況です。こうした問題を解決し打破すべく、多くの町民の皆様に呼び掛け、できるだけ大勢の方々の参加を歓迎しております。</value>
        </Data>
        <Data name="活動実績">
          <value />
        </Data>
        <Data name="ホームページ">
          <value />
        </Data>
        <Data name="SNS">
          <value />
        </Data>
        <Data name="出典">
          <value>https://www2.wagmap.jp/shinagawa/OpenDataDetail?lid=2100&amp;mids=110
https://www.city.shinagawa.tokyo.jp/PC/chiiki/chiiki-tyokai/chiiki-tyokai-oosaki1/index.html
https://www.shinagawa-choukaijichikai.jp/association/
https://pc.tamemap.net/1310901/activities?utf8=%E2%9C%93&amp;area=&amp;category=%E7%94%BA%E4%BC%9A%E3%83%BB%E8%87%AA%E6%B2%BB%E4%BC%9A&amp;word=
https://www.shinagawa-choukaijichikai.jp/osakiarea/366/</value>
        </Data>
      </ExtendedData>
      <Polygon>
        <tessellate>1</tessellate>
        <altitudeMode>clampToGround</altitudeMode>
        <outerBoundaryIs>
          <LinearRing>
            <coordinates>139.728820,35.631437,0 139.729091,35.631293,0 139.729361,35.631531,0 139.729554,35.631357,0 139.729663,35.631252,0 139.729780,35.631139,0 139.730215,35.630813,0 139.730276,35.630754,0 139.730472,35.630608,0 139.730671,35.630477,0 139.730688,35.630446,0 139.730757,35.630369,0 139.730805,35.630150,0 139.730822,35.630132,0 139.730848,35.630129,0 139.730911,35.630132,0 139.731004,35.630125,0 139.731029,35.630118,0 139.731050,35.630101,0 139.731070,35.630056,0 139.731079,35.629988,0 139.731082,35.629765,0 139.731082,35.629753,0 139.730503,35.629506,0 139.730484,35.629500,0 139.730562,35.629080,0 139.730545,35.629074,0 139.730540,35.629061,0 139.730538,35.629024,0 139.730562,35.628924,0 139.730555,35.628721,0 139.730564,35.628702,0 139.730503,35.628563,0 139.730486,35.628511,0 139.730309,35.628552,0 139.730080,35.628602,0 139.730078,35.628680,0 139.729248,35.628894,0 139.729339,35.629111,0 139.729307,35.629118,0 139.729273,35.629283,0 139.729388,35.629487,0 139.729413,35.629551,0 139.728626,35.630208,0 139.728566,35.630166,0 139.728432,35.630086,0 139.728481,35.630009,0 139.728596,35.629831,0 139.728419,35.629748,0 139.728006,35.629555,0 139.727930,35.629478,0 139.727843,35.629385,0 139.727796,35.629310,0 139.727793,35.629198,0 139.727785,35.629154,0 139.727840,35.629148,0 139.727754,35.628929,0 139.727684,35.628751,0 139.727651,35.628681,0 139.727629,35.628611,0 139.727607,35.628622,0 139.727583,35.628642,0 139.727564,35.628660,0 139.727516,35.628663,0 139.727344,35.628754,0 139.727150,35.628882,0 139.726869,35.629154,0 139.726749,35.629266,0 139.726964,35.629437,0 139.727091,35.629522,0 139.726956,35.629663,0 139.727005,35.629702,0 139.727084,35.629744,0 139.726794,35.629992,0 139.727131,35.630155,0 139.727280,35.630251,0 139.727302,35.630298,0 139.727295,35.630308,0 139.727015,35.630529,0 139.727272,35.630706,0 139.727387,35.630814,0 139.727367,35.630834,0 139.727396,35.630855,0 139.727384,35.630876,0 139.727460,35.630949,0 139.727357,35.631028,0 139.727797,35.631422,0 139.727771,35.631440,0 139.727914,35.631553,0 139.728124,35.631377,0 139.728445,35.631644,0 139.728820,35.631437,0</coordinates>
          </LinearRing>
        </outerBoundaryIs>
      </Polygon>
    </Placemark>
    <Placemark>
      <name>池田山町会</name>
      <description>町会・自治会名: 池田山町会
公式町会名: 池田山町会
地域区分: 大崎第一地域
住所区域: 東五反田5丁目 2番（5号（一部）、9号～37号（除11号）） / 東五反田5丁目 3番～8番 / 東五反田5丁目 10番～20番、22番（1号～10号） / 東五反田5丁目 25番（1号～10号、21号～）
連絡先: 070-8526-5226
町会の紹介: 「ねむの木の庭」「池田山公園」がある住宅地の町会です。「安全・安心な町」を目指して、防犯・防災・親睦に力を入れています。町会内に24台の防犯カメラを設置し、パトロールを実施。懇親会・講演会開催、防災訓練実施、区民まつり参加など、活動しています。
出典: https://www2.wagmap.jp/shinagawa/OpenDataDetail?lid=2100&amp;mids=110
https://www.city.shinagawa.tokyo.jp/PC/chiiki/chiiki-tyokai/chiiki-tyokai-oosaki1/index.html
https://www.shinagawa-choukaijichikai.jp/association/
https://pc.tamemap.net/1310901/activities?utf8=%E2%9C%93&amp;area=&amp;category=%E7%94%BA%E4%BC%9A%E3%83%BB%E8%87%AA%E6%B2%BB%E4%BC%9A&amp;word=
https://www.shinagawa-choukaijichikai.jp/osakiarea/364/</description>
      <styleUrl>#area-2</styleUrl>
      <ExtendedData>
        <Data name="町会・自治会名">
          <value>池田山町会</value>
        </Data>
        <Data name="公式町会名">
          <value>池田山町会</value>
        </Data>
        <Data name="地域区分">
          <value>大崎第一地域</value>
        </Data>
        <Data name="住所区域">
          <value>東五反田5丁目 2番（5号（一部）、9号～37号（除11号）） / 東五反田5丁目 3番～8番 / 東五反田5丁目 10番～20番、22番（1号～10号） / 東五反田5丁目 25番（1号～10号、21号～）</value>
        </Data>
        <Data name="町会長">
          <value />
        </Data>
        <Data name="代表者">
          <value />
        </Data>
        <Data name="連絡先">
          <value>070-8526-5226</value>
        </Data>
        <Data name="電話">
          <value />
        </Data>
        <Data name="メール">
          <value />
        </Data>
        <Data name="町会の紹介">
          <value>「ねむの木の庭」「池田山公園」がある住宅地の町会です。「安全・安心な町」を目指して、防犯・防災・親睦に力を入れています。町会内に24台の防犯カメラを設置し、パトロールを実施。懇親会・講演会開催、防災訓練実施、区民まつり参加など、活動しています。</value>
        </Data>
        <Data name="活動実績">
          <value />
        </Data>
        <Data name="ホームページ">
          <value />
        </Data>
        <Data name="SNS">
          <value />
        </Data>
        <Data name="出典">
          <value>https://www2.wagmap.jp/shinagawa/OpenDataDetail?lid=2100&amp;mids=110
https://www.city.shinagawa.tokyo.jp/PC/chiiki/chiiki-tyokai/chiiki-tyokai-oosaki1/index.html
https://www.shinagawa-choukaijichikai.jp/association/
https://pc.tamemap.net/1310901/activities?utf8=%E2%9C%93&amp;area=&amp;category=%E7%94%BA%E4%BC%9A%E3%83%BB%E8%87%AA%E6%B2%BB%E4%BC%9A&amp;word=
https://www.shinagawa-choukaijichikai.jp/osakiarea/364/</value>
        </Data>
      </ExtendedData>
      <Polygon>
        <tessellate>1</tessellate>
        <altitudeMode>clampToGround</altitudeMode>
        <outerBoundaryIs>
          <LinearRing>
            <coordinates>139.723034,35.632723,0 139.723293,35.632645,0 139.724167,35.632550,0 139.724228,35.632540,0 139.724372,35.632541,0 139.724877,35.632543,0 139.724766,35.632207,0 139.724711,35.631996,0 139.724672,35.631807,0 139.724675,35.631655,0 139.724683,35.631595,0 139.724701,35.631510,0 139.724726,35.631444,0 139.724742,35.631411,0 139.724754,35.631394,0 139.724545,35.631385,0 139.724565,35.630990,0 139.724756,35.631000,0 139.724751,35.630632,0 139.724747,35.630542,0 139.724709,35.630225,0 139.724676,35.630174,0 139.724666,35.630039,0 139.724943,35.629823,0 139.724997,35.629783,0 139.725361,35.629813,0 139.725458,35.629783,0 139.725453,35.629738,0 139.725367,35.628922,0 139.725447,35.628570,0 139.725466,35.628538,0 139.725482,35.628517,0 139.725916,35.628196,0 139.725661,35.627941,0 139.725582,35.627880,0 139.725424,35.628208,0 139.725197,35.628357,0 139.724152,35.627664,0 139.723769,35.627664,0 139.723699,35.627745,0 139.723642,35.627818,0 139.723616,35.627896,0 139.723605,35.628081,0 139.723608,35.628103,0 139.723607,35.628119,0 139.723600,35.628395,0 139.722136,35.628282,0 139.722011,35.628353,0 139.721669,35.628557,0 139.721414,35.628533,0 139.721358,35.628547,0 139.721333,35.628626,0 139.721386,35.628714,0 139.721323,35.628945,0 139.721297,35.628980,0 139.721212,35.629030,0 139.721027,35.629165,0 139.720967,35.629158,0 139.720949,35.629198,0 139.720938,35.629342,0 139.720993,35.629352,0 139.721035,35.629474,0 139.721029,35.629546,0 139.721059,35.629596,0 139.721136,35.629561,0 139.721261,35.629651,0 139.721333,35.629756,0 139.721346,35.629810,0 139.721295,35.629810,0 139.721301,35.629961,0 139.721262,35.629971,0 139.721220,35.630097,0 139.721200,35.630227,0 139.721211,35.630354,0 139.721298,35.630367,0 139.721354,35.630762,0 139.721421,35.630949,0 139.721558,35.631097,0 139.721565,35.631192,0 139.721119,35.631284,0 139.721108,35.631500,0 139.721264,35.631544,0 139.721276,35.631603,0 139.721405,35.631782,0 139.721215,35.631896,0 139.721325,35.632037,0 139.721357,35.632081,0 139.721568,35.632351,0 139.721574,35.632382,0 139.721615,35.632404,0 139.722340,35.632626,0 139.722438,35.632644,0 139.722933,35.632733,0 139.723034,35.632723,0</coordinates>
          </LinearRing>
        </outerBoundaryIs>
      </Polygon>
    </Placemark>
    <Placemark>
      <name>上大崎三丁目町会</name>
      <description>町会・自治会名: 上大崎三丁目町会
公式町会名: 上大崎三丁目町会
地域区分: 大崎第一地域
住所区域: 上大崎3丁目 9番（1号～11号、12号（一部）） / 上大崎3丁目 10番 （8号～40号） / 上大崎3丁目 11番～13番 / 上大崎3丁目 14番（18号～）
町会の紹介: 目黒にほど近い花房山から五反田方向に向かう一画の閑静な住宅街です。餅つき、ラジオ体操、バーベキュー、例大祭などの行事や防犯、防災活動にも力を入れ、安心安全で楽しい町づくりに積極的に取り組んでいます。
出典: https://www2.wagmap.jp/shinagawa/OpenDataDetail?lid=2100&amp;mids=110
https://www.city.shinagawa.tokyo.jp/PC/chiiki/chiiki-tyokai/chiiki-tyokai-oosaki1/index.html
https://www.shinagawa-choukaijichikai.jp/association/
https://pc.tamemap.net/1310901/activities?utf8=%E2%9C%93&amp;area=&amp;category=%E7%94%BA%E4%BC%9A%E3%83%BB%E8%87%AA%E6%B2%BB%E4%BC%9A&amp;word=
https://www.shinagawa-choukaijichikai.jp/osakiarea/378/</description>
      <styleUrl>#area-3</styleUrl>
      <ExtendedData>
        <Data name="町会・自治会名">
          <value>上大崎三丁目町会</value>
        </Data>
        <Data name="公式町会名">
          <value>上大崎三丁目町会</value>
        </Data>
        <Data name="地域区分">
          <value>大崎第一地域</value>
        </Data>
        <Data name="住所区域">
          <value>上大崎3丁目 9番（1号～11号、12号（一部）） / 上大崎3丁目 10番 （8号～40号） / 上大崎3丁目 11番～13番 / 上大崎3丁目 14番（18号～）</value>
        </Data>
        <Data name="町会長">
          <value />
        </Data>
        <Data name="代表者">
          <value />
        </Data>
        <Data name="連絡先">
          <value />
        </Data>
        <Data name="電話">
          <value />
        </Data>
        <Data name="メール">
          <value />
        </Data>
        <Data name="町会の紹介">
          <value>目黒にほど近い花房山から五反田方向に向かう一画の閑静な住宅街です。餅つき、ラジオ体操、バーベキュー、例大祭などの行事や防犯、防災活動にも力を入れ、安心安全で楽しい町づくりに積極的に取り組んでいます。</value>
        </Data>
        <Data name="活動実績">
          <value />
        </Data>
        <Data name="ホームページ">
          <value />
        </Data>
        <Data name="SNS">
          <value />
        </Data>
        <Data name="出典">
          <value>https://www2.wagmap.jp/shinagawa/OpenDataDetail?lid=2100&amp;mids=110
https://www.city.shinagawa.tokyo.jp/PC/chiiki/chiiki-tyokai/chiiki-tyokai-oosaki1/index.html
https://www.shinagawa-choukaijichikai.jp/association/
https://pc.tamemap.net/1310901/activities?utf8=%E2%9C%93&amp;area=&amp;category=%E7%94%BA%E4%BC%9A%E3%83%BB%E8%87%AA%E6%B2%BB%E4%BC%9A&amp;word=
https://www.shinagawa-choukaijichikai.jp/osakiarea/378/</value>
        </Data>
      </ExtendedData>
      <Polygon>
        <tessellate>1</tessellate>
        <altitudeMode>clampToGround</altitudeMode>
        <outerBoundaryIs>
          <LinearRing>
            <coordinates>139.719013,35.633330,0 139.719281,35.633372,0 139.719380,35.633332,0 139.719399,35.633242,0 139.719435,35.633092,0 139.719449,35.633043,0 139.719493,35.632964,0 139.719624,35.632816,0 139.719636,35.632795,0 139.719584,35.632699,0 139.719565,35.632664,0 139.719485,35.632561,0 139.719275,35.632483,0 139.719163,35.632448,0 139.719055,35.632399,0 139.718895,35.632308,0 139.718782,35.632211,0 139.718841,35.631911,0 139.718902,35.631910,0 139.718974,35.631650,0 139.719202,35.631694,0 139.719586,35.631643,0 139.720040,35.630550,0 139.720121,35.630461,0 139.720178,35.630210,0 139.720097,35.630132,0 139.720107,35.630078,0 139.720011,35.630028,0 139.719995,35.629805,0 139.720454,35.629692,0 139.720371,35.629540,0 139.720110,35.629074,0 139.719838,35.628629,0 139.719390,35.628867,0 139.719247,35.628941,0 139.718839,35.629110,0 139.718715,35.629167,0 139.718459,35.629277,0 139.718121,35.629444,0 139.717965,35.629523,0 139.717801,35.629619,0 139.717642,35.629728,0 139.717509,35.629823,0 139.717260,35.630028,0 139.717037,35.630228,0 139.716801,35.630489,0 139.716682,35.630643,0 139.716532,35.630853,0 139.716461,35.630970,0 139.717252,35.631281,0 139.717309,35.631043,0 139.717735,35.631167,0 139.717634,35.631562,0 139.717996,35.631608,0 139.718088,35.632049,0 139.718260,35.632279,0 139.718404,35.632710,0 139.718828,35.633506,0 139.719013,35.633330,0</coordinates>
          </LinearRing>
        </outerBoundaryIs>
      </Polygon>
    </Placemark>
    <Placemark>
      <name>夕陽会</name>
      <description>町会・自治会名: 夕陽会
公式町会名: 夕陽会
地域区分: 大崎第一地域
住所区域: 上大崎3丁目 1番（1号） / 上大崎4丁目 全域 / 西五反田3丁目 1番～4番 / 西五反田3丁目 5番 （除15号～17号）
代表者: 椎野 開八郎
連絡先: 090-2459-0604
電話: 090-2459-0604
メール: sakuma5@hotmail.com
町会の紹介: 夕陽会: 夕陽会エリアは上大崎４丁目全域と上大崎３丁目・西五反田３丁目・目黒区下目黒１丁目の一部で、他町と他区の４ヵ所で構成される珍しい町会です。 目黒駅西口近くにある当会のメインストリートの「ドレメ通り」には杉野学園、喜多能楽堂、教会などがあり、地域環境にも恵まれた町会です。 ２０２１年４月に夕陽会のホームページを開設しました。 / 夕陽会: 品川区上大崎4丁目、西五反田3丁目、目黒区下目黒1丁目の一部を含む、町会です。より安心・安全な生活を営める地域環境を目指し、防災、防犯、健康測定会、子ども会など各種活動を行っている町会です。
ホームページ: https://yuhikai.choukai.org/
出典: https://www2.wagmap.jp/shinagawa/OpenDataDetail?lid=2100&amp;mids=110
https://www.city.shinagawa.tokyo.jp/PC/chiiki/chiiki-tyokai/chiiki-tyokai-oosaki1/index.html
https://www.shinagawa-choukaijichikai.jp/association/
https://pc.tamemap.net/1310901/activities?utf8=%E2%9C%93&amp;area=&amp;category=%E7%94%BA%E4%BC%9A%E3%83%BB%E8%87%AA%E6%B2%BB%E4%BC%9A&amp;word=
https://www.shinagawa-choukaijichikai.jp/osakiarea/381/
https://pc.tamemap.net/1310901/activities/13109010117</description>
      <styleUrl>#area-0</styleUrl>
      <ExtendedData>
        <Data name="町会・自治会名">
          <value>夕陽会</value>
        </Data>
        <Data name="公式町会名">
          <value>夕陽会</value>
        </Data>
        <Data name="地域区分">
          <value>大崎第一地域</value>
        </Data>
        <Data name="住所区域">
          <value>上大崎3丁目 1番（1号） / 上大崎4丁目 全域 / 西五反田3丁目 1番～4番 / 西五反田3丁目 5番 （除15号～17号）</value>
        </Data>
        <Data name="町会長">
          <value />
        </Data>
        <Data name="代表者">
          <value>椎野 開八郎</value>
        </Data>
        <Data name="連絡先">
          <value>090-2459-0604</value>
        </Data>
        <Data name="電話">
          <value>090-2459-0604</value>
        </Data>
        <Data name="メール">
          <value>sakuma5@hotmail.com</value>
        </Data>
        <Data name="町会の紹介">
          <value>夕陽会: 夕陽会エリアは上大崎４丁目全域と上大崎３丁目・西五反田３丁目・目黒区下目黒１丁目の一部で、他町と他区の４ヵ所で構成される珍しい町会です。 目黒駅西口近くにある当会のメインストリートの「ドレメ通り」には杉野学園、喜多能楽堂、教会などがあり、地域環境にも恵まれた町会です。 ２０２１年４月に夕陽会のホームページを開設しました。 / 夕陽会: 品川区上大崎4丁目、西五反田3丁目、目黒区下目黒1丁目の一部を含む、町会です。より安心・安全な生活を営める地域環境を目指し、防災、防犯、健康測定会、子ども会など各種活動を行っている町会です。</value>
        </Data>
        <Data name="活動実績">
          <value />
        </Data>
        <Data name="ホームページ">
          <value>https://yuhikai.choukai.org/</value>
        </Data>
        <Data name="SNS">
          <value />
        </Data>
        <Data name="出典">
          <value>https://www2.wagmap.jp/shinagawa/OpenDataDetail?lid=2100&amp;mids=110
https://www.city.shinagawa.tokyo.jp/PC/chiiki/chiiki-tyokai/chiiki-tyokai-oosaki1/index.html
https://www.shinagawa-choukaijichikai.jp/association/
https://pc.tamemap.net/1310901/activities?utf8=%E2%9C%93&amp;area=&amp;category=%E7%94%BA%E4%BC%9A%E3%83%BB%E8%87%AA%E6%B2%BB%E4%BC%9A&amp;word=
https://www.shinagawa-choukaijichikai.jp/osakiarea/381/
https://pc.tamemap.net/1310901/activities/13109010117</value>
        </Data>
      </ExtendedData>
      <Polygon>
        <tessellate>1</tessellate>
        <altitudeMode>clampToGround</altitudeMode>
        <outerBoundaryIs>
          <LinearRing>
            <coordinates>139.714683,35.633846,0 139.714865,35.633815,0 139.715150,35.633775,0 139.715401,35.633744,0 139.715585,35.633724,0 139.715624,35.633530,0 139.715863,35.632658,0 139.715938,35.632337,0 139.716008,35.632059,0 139.716241,35.631398,0 139.716323,35.631221,0 139.716405,35.631062,0 139.716461,35.630970,0 139.716532,35.630853,0 139.716682,35.630643,0 139.716801,35.630489,0 139.717037,35.630228,0 139.717260,35.630028,0 139.717509,35.629823,0 139.717642,35.629728,0 139.717801,35.629619,0 139.717965,35.629523,0 139.718121,35.629444,0 139.718459,35.629277,0 139.718715,35.629167,0 139.718839,35.629110,0 139.719247,35.628941,0 139.719390,35.628867,0 139.719183,35.628568,0 139.719606,35.628352,0 139.719417,35.627983,0 139.718662,35.627989,0 139.718406,35.627987,0 139.718221,35.627964,0 139.718153,35.627962,0 139.718019,35.627957,0 139.717933,35.627989,0 139.717861,35.628040,0 139.717676,35.628164,0 139.717537,35.628227,0 139.716899,35.628385,0 139.716638,35.628465,0 139.716607,35.628485,0 139.716326,35.628607,0 139.716084,35.628698,0 139.715965,35.628526,0 139.715720,35.628232,0 139.715555,35.628042,0 139.715426,35.628122,0 139.715268,35.628255,0 139.715130,35.628382,0 139.715024,35.628512,0 139.714909,35.628665,0 139.714528,35.629218,0 139.714286,35.629566,0 139.715148,35.629886,0 139.714857,35.630616,0 139.714802,35.630823,0 139.714776,35.630945,0 139.714692,35.631169,0 139.714604,35.631361,0 139.714528,35.631466,0 139.714497,35.631523,0 139.714466,35.631616,0 139.714446,35.631698,0 139.714448,35.631786,0 139.714454,35.631845,0 139.714485,35.631878,0 139.714522,35.631895,0 139.714617,35.631910,0 139.714629,35.631918,0 139.714635,35.631934,0 139.714607,35.632144,0 139.714500,35.632444,0 139.714431,35.632554,0 139.714277,35.632730,0 139.714207,35.632867,0 139.714205,35.632911,0 139.714209,35.633059,0 139.714214,35.633097,0 139.714230,35.633124,0 139.714348,35.633242,0 139.714448,35.633382,0 139.714406,35.633741,0 139.714510,35.633897,0 139.714683,35.633846,0</coordinates>
          </LinearRing>
        </outerBoundaryIs>
      </Polygon>
    </Placemark>
    <Placemark>
      <name>中丸親和町会</name>
      <description>町会・自治会名: 中丸親和町会
公式町会名: 中丸親和町会
地域区分: 大崎第一地域
住所区域: 上大崎1丁目 1番（6号～14号） / 上大崎1丁目 20番（18号～26号） / 上大崎1丁目 21番～23番 / 上大崎3丁目 5番（11号～15号） / 上大崎3丁目 6番～8番 / 上大崎3丁目 9番（12号（一部）、13号～37号） / 上大崎3丁目 14番（1号～17号） / 東五反田5丁目 1番 / 東五反田5丁目 2番 （1号～3号、5号（一部）、6号、11号） / 東五反田5丁目 21番 / 東五反田5丁目 22番（一部）
連絡先: 03-3443-6288
町会の紹介: 町名の中丸は現在ありませんが、地域は上大崎１丁目、３丁目と東五反田５丁目の各々一部で町会の真ん中を首都高２号目黒線が縦断しています。 町会活動は会員相互の親睦を深めるため戸建住民とマンション居住者の皆様と共に餅つき、お祭り、バス旅行、防災訓練、防犯パトロール等の活動をしています。
出典: https://www2.wagmap.jp/shinagawa/OpenDataDetail?lid=2100&amp;mids=110
https://www.city.shinagawa.tokyo.jp/PC/chiiki/chiiki-tyokai/chiiki-tyokai-oosaki1/index.html
https://www.shinagawa-choukaijichikai.jp/association/
https://pc.tamemap.net/1310901/activities?utf8=%E2%9C%93&amp;area=&amp;category=%E7%94%BA%E4%BC%9A%E3%83%BB%E8%87%AA%E6%B2%BB%E4%BC%9A&amp;word=
https://www.shinagawa-choukaijichikai.jp/osakiarea/387/</description>
      <styleUrl>#area-1</styleUrl>
      <ExtendedData>
        <Data name="町会・自治会名">
          <value>中丸親和町会</value>
        </Data>
        <Data name="公式町会名">
          <value>中丸親和町会</value>
        </Data>
        <Data name="地域区分">
          <value>大崎第一地域</value>
        </Data>
        <Data name="住所区域">
          <value>上大崎1丁目 1番（6号～14号） / 上大崎1丁目 20番（18号～26号） / 上大崎1丁目 21番～23番 / 上大崎3丁目 5番（11号～15号） / 上大崎3丁目 6番～8番 / 上大崎3丁目 9番（12号（一部）、13号～37号） / 上大崎3丁目 14番（1号～17号） / 東五反田5丁目 1番 / 東五反田5丁目 2番 （1号～3号、5号（一部）、6号、11号） / 東五反田5丁目 21番 / 東五反田5丁目 22番（一部）</value>
        </Data>
        <Data name="町会長">
          <value />
        </Data>
        <Data name="代表者">
          <value />
        </Data>
        <Data name="連絡先">
          <value>03-3443-6288</value>
        </Data>
        <Data name="電話">
          <value />
        </Data>
        <Data name="メール">
          <value />
        </Data>
        <Data name="町会の紹介">
          <value>町名の中丸は現在ありませんが、地域は上大崎１丁目、３丁目と東五反田５丁目の各々一部で町会の真ん中を首都高２号目黒線が縦断しています。 町会活動は会員相互の親睦を深めるため戸建住民とマンション居住者の皆様と共に餅つき、お祭り、バス旅行、防災訓練、防犯パトロール等の活動をしています。</value>
        </Data>
        <Data name="活動実績">
          <value />
        </Data>
        <Data name="ホームページ">
          <value />
        </Data>
        <Data name="SNS">
          <value />
        </Data>
        <Data name="出典">
          <value>https://www2.wagmap.jp/shinagawa/OpenDataDetail?lid=2100&amp;mids=110
https://www.city.shinagawa.tokyo.jp/PC/chiiki/chiiki-tyokai/chiiki-tyokai-oosaki1/index.html
https://www.shinagawa-choukaijichikai.jp/association/
https://pc.tamemap.net/1310901/activities?utf8=%E2%9C%93&amp;area=&amp;category=%E7%94%BA%E4%BC%9A%E3%83%BB%E8%87%AA%E6%B2%BB%E4%BC%9A&amp;word=
https://www.shinagawa-choukaijichikai.jp/osakiarea/387/</value>
        </Data>
      </ExtendedData>
      <Polygon>
        <tessellate>1</tessellate>
        <altitudeMode>clampToGround</altitudeMode>
        <outerBoundaryIs>
          <LinearRing>
            <coordinates>139.721048,35.634252,0 139.721267,35.633554,0 139.721283,35.633506,0 139.721364,35.633262,0 139.721454,35.633017,0 139.721542,35.632792,0 139.721575,35.632800,0 139.722096,35.632986,0 139.722143,35.632909,0 139.722174,35.632848,0 139.722241,35.632882,0 139.722417,35.632668,0 139.722438,35.632644,0 139.722340,35.632626,0 139.721615,35.632404,0 139.721574,35.632382,0 139.721568,35.632351,0 139.721357,35.632081,0 139.721325,35.632037,0 139.721215,35.631896,0 139.721405,35.631782,0 139.721276,35.631603,0 139.721264,35.631544,0 139.721108,35.631500,0 139.721119,35.631284,0 139.721565,35.631192,0 139.721558,35.631097,0 139.721421,35.630949,0 139.721354,35.630762,0 139.721298,35.630367,0 139.721211,35.630354,0 139.721200,35.630227,0 139.721220,35.630097,0 139.721262,35.629971,0 139.721301,35.629961,0 139.721295,35.629810,0 139.721346,35.629810,0 139.721333,35.629756,0 139.721261,35.629651,0 139.721136,35.629561,0 139.721059,35.629596,0 139.721029,35.629546,0 139.721035,35.629474,0 139.720993,35.629352,0 139.720938,35.629342,0 139.720949,35.629198,0 139.720967,35.629158,0 139.721027,35.629165,0 139.721212,35.629030,0 139.721297,35.628980,0 139.721323,35.628945,0 139.721386,35.628714,0 139.721333,35.628626,0 139.721358,35.628547,0 139.721414,35.628533,0 139.721669,35.628557,0 139.722011,35.628353,0 139.721528,35.627806,0 139.720990,35.628104,0 139.719983,35.628549,0 139.719838,35.628629,0 139.720110,35.629074,0 139.720371,35.629540,0 139.720454,35.629692,0 139.719995,35.629805,0 139.720011,35.630028,0 139.720107,35.630078,0 139.720097,35.630132,0 139.720178,35.630210,0 139.720121,35.630461,0 139.720040,35.630550,0 139.719586,35.631643,0 139.719202,35.631694,0 139.718974,35.631650,0 139.718902,35.631910,0 139.718841,35.631911,0 139.718782,35.632211,0 139.718895,35.632308,0 139.719055,35.632399,0 139.719163,35.632448,0 139.719275,35.632483,0 139.719485,35.632561,0 139.719565,35.632664,0 139.719584,35.632699,0 139.719636,35.632795,0 139.719624,35.632816,0 139.719493,35.632964,0 139.719449,35.633043,0 139.719435,35.633092,0 139.719399,35.633242,0 139.719380,35.633332,0 139.719281,35.633372,0 139.719013,35.633330,0 139.718828,35.633506,0 139.718787,35.633565,0 139.719155,35.633811,0 139.719210,35.633850,0 139.719391,35.633917,0 139.719396,35.633919,0 139.719398,35.633920,0 139.721037,35.634367,0 139.721048,35.634252,0</coordinates>
          </LinearRing>
        </outerBoundaryIs>
      </Polygon>
    </Placemark>
    <Placemark>
      <name>相生会</name>
      <description>町会・自治会名: 相生会
公式町会名: 相生会
地域区分: 大崎第一地域
住所区域: 上大崎1丁目 13番～14番 / 上大崎1丁目 15番 （1号～6号、18号、25号（一部）～26号（一部）） / 上大崎1丁目 16番 / 東五反田1丁目 2番（3号～4号、5号の一部～38号） / 東五反田1丁目 8番 （1号、2号、3号の一部） / 東五反田1丁目 9番～10番 / 東五反田4丁目 1番～2番 / 東五反田4丁目 3番（14号～） / 東五反田4丁目 7番 （1号～6号、31号～） / 東五反田4丁目 8番～11番 / 東五反田5丁目 9番
出典: https://www2.wagmap.jp/shinagawa/OpenDataDetail?lid=2100&amp;mids=110
https://www.city.shinagawa.tokyo.jp/PC/chiiki/chiiki-tyokai/chiiki-tyokai-oosaki1/index.html
https://www.shinagawa-choukaijichikai.jp/association/
https://pc.tamemap.net/1310901/activities?utf8=%E2%9C%93&amp;area=&amp;category=%E7%94%BA%E4%BC%9A%E3%83%BB%E8%87%AA%E6%B2%BB%E4%BC%9A&amp;word=
https://www.shinagawa-choukaijichikai.jp/osakiarea/368/</description>
      <styleUrl>#area-0</styleUrl>
      <ExtendedData>
        <Data name="町会・自治会名">
          <value>相生会</value>
        </Data>
        <Data name="公式町会名">
          <value>相生会</value>
        </Data>
        <Data name="地域区分">
          <value>大崎第一地域</value>
        </Data>
        <Data name="住所区域">
          <value>上大崎1丁目 13番～14番 / 上大崎1丁目 15番 （1号～6号、18号、25号（一部）～26号（一部）） / 上大崎1丁目 16番 / 東五反田1丁目 2番（3号～4号、5号の一部～38号） / 東五反田1丁目 8番 （1号、2号、3号の一部） / 東五反田1丁目 9番～10番 / 東五反田4丁目 1番～2番 / 東五反田4丁目 3番（14号～） / 東五反田4丁目 7番 （1号～6号、31号～） / 東五反田4丁目 8番～11番 / 東五反田5丁目 9番</value>
        </Data>
        <Data name="町会長">
          <value />
        </Data>
        <Data name="代表者">
          <value />
        </Data>
        <Data name="連絡先">
          <value />
        </Data>
        <Data name="電話">
          <value />
        </Data>
        <Data name="メール">
          <value />
        </Data>
        <Data name="町会の紹介">
          <value />
        </Data>
        <Data name="活動実績">
          <value />
        </Data>
        <Data name="ホームページ">
          <value />
        </Data>
        <Data name="SNS">
          <value />
        </Data>
        <Data name="出典">
          <value>https://www2.wagmap.jp/shinagawa/OpenDataDetail?lid=2100&amp;mids=110
https://www.city.shinagawa.tokyo.jp/PC/chiiki/chiiki-tyokai/chiiki-tyokai-oosaki1/index.html
https://www.shinagawa-choukaijichikai.jp/association/
https://pc.tamemap.net/1310901/activities?utf8=%E2%9C%93&amp;area=&amp;category=%E7%94%BA%E4%BC%9A%E3%83%BB%E8%87%AA%E6%B2%BB%E4%BC%9A&amp;word=
https://www.shinagawa-choukaijichikai.jp/osakiarea/368/</value>
        </Data>
      </ExtendedData>
      <Polygon>
        <tessellate>1</tessellate>
        <altitudeMode>clampToGround</altitudeMode>
        <outerBoundaryIs>
          <LinearRing>
            <coordinates>139.726600,35.634455,0 139.726804,35.634179,0 139.726674,35.633933,0 139.726686,35.633823,0 139.726652,35.633722,0 139.726326,35.632932,0 139.726594,35.632704,0 139.726812,35.632549,0 139.727324,35.632213,0 139.727617,35.632807,0 139.727827,35.633236,0 139.728040,35.633171,0 139.728281,35.633096,0 139.728724,35.632915,0 139.728380,35.632290,0 139.728312,35.631970,0 139.728238,35.631765,0 139.728246,35.631753,0 139.728445,35.631644,0 139.728124,35.631377,0 139.727914,35.631553,0 139.727771,35.631440,0 139.727797,35.631422,0 139.727357,35.631028,0 139.727460,35.630949,0 139.727384,35.630876,0 139.727396,35.630855,0 139.727367,35.630834,0 139.727387,35.630814,0 139.727272,35.630706,0 139.727015,35.630529,0 139.727295,35.630308,0 139.727302,35.630298,0 139.727280,35.630251,0 139.727131,35.630155,0 139.726794,35.629992,0 139.727084,35.629744,0 139.727005,35.629702,0 139.726956,35.629663,0 139.727091,35.629522,0 139.726964,35.629437,0 139.726749,35.629266,0 139.726869,35.629154,0 139.727150,35.628882,0 139.727344,35.628754,0 139.727516,35.628663,0 139.727564,35.628660,0 139.727583,35.628642,0 139.727607,35.628622,0 139.727629,35.628611,0 139.727651,35.628681,0 139.727684,35.628751,0 139.727754,35.628929,0 139.727840,35.629148,0 139.727785,35.629154,0 139.727793,35.629198,0 139.727796,35.629310,0 139.727843,35.629385,0 139.727930,35.629478,0 139.728006,35.629555,0 139.728419,35.629748,0 139.728468,35.629620,0 139.728400,35.629526,0 139.728240,35.629464,0 139.728108,35.629345,0 139.727958,35.628943,0 139.727817,35.628654,0 139.727674,35.628344,0 139.727859,35.628089,0 139.727795,35.627918,0 139.727730,35.627862,0 139.727355,35.627618,0 139.727261,35.627576,0 139.727080,35.627511,0 139.727058,35.627678,0 139.726959,35.627944,0 139.726886,35.628051,0 139.726441,35.627802,0 139.726370,35.627933,0 139.725742,35.627388,0 139.725582,35.627880,0 139.725661,35.627941,0 139.725916,35.628196,0 139.725482,35.628517,0 139.725466,35.628538,0 139.725447,35.628570,0 139.725367,35.628922,0 139.725453,35.629738,0 139.725458,35.629783,0 139.725361,35.629813,0 139.724997,35.629783,0 139.724943,35.629823,0 139.724666,35.630039,0 139.724676,35.630174,0 139.724709,35.630225,0 139.724747,35.630542,0 139.724751,35.630632,0 139.724756,35.631000,0 139.724565,35.630990,0 139.724545,35.631385,0 139.724754,35.631394,0 139.724742,35.631411,0 139.724726,35.631444,0 139.724701,35.631510,0 139.724683,35.631595,0 139.724675,35.631655,0 139.724672,35.631807,0 139.724711,35.631996,0 139.724766,35.632207,0 139.724877,35.632543,0 139.725714,35.632548,0 139.725740,35.632615,0 139.725771,35.633039,0 139.725858,35.633033,0 139.726173,35.633850,0 139.726135,35.633858,0 139.726190,35.634044,0 139.726021,35.634088,0 139.726268,35.634839,0 139.726600,35.634455,0</coordinates>
          </LinearRing>
        </outerBoundaryIs>
      </Polygon>
    </Placemark>
    <Placemark>
      <name>上大崎池の谷町会</name>
      <description>町会・自治会名: 上大崎池の谷町会
公式町会名: 上大崎池の谷町会
地域区分: 大崎第一地域
住所区域: 上大崎1丁目 5番（34号～41号） / 上大崎1丁目 10番（10号～23号） / 上大崎1丁目 11番～12番 / 上大崎1丁目 15番（19号～24号、25号（一部）、26号（一部）） / 上大崎1丁目 17番～18番
出典: https://www2.wagmap.jp/shinagawa/OpenDataDetail?lid=2100&amp;mids=110
https://www.city.shinagawa.tokyo.jp/PC/chiiki/chiiki-tyokai/chiiki-tyokai-oosaki1/index.html
https://www.shinagawa-choukaijichikai.jp/association/
https://pc.tamemap.net/1310901/activities?utf8=%E2%9C%93&amp;area=&amp;category=%E7%94%BA%E4%BC%9A%E3%83%BB%E8%87%AA%E6%B2%BB%E4%BC%9A&amp;word=
https://www.shinagawa-choukaijichikai.jp/osakiarea/375/</description>
      <styleUrl>#area-1</styleUrl>
      <ExtendedData>
        <Data name="町会・自治会名">
          <value>上大崎池の谷町会</value>
        </Data>
        <Data name="公式町会名">
          <value>上大崎池の谷町会</value>
        </Data>
        <Data name="地域区分">
          <value>大崎第一地域</value>
        </Data>
        <Data name="住所区域">
          <value>上大崎1丁目 5番（34号～41号） / 上大崎1丁目 10番（10号～23号） / 上大崎1丁目 11番～12番 / 上大崎1丁目 15番（19号～24号、25号（一部）、26号（一部）） / 上大崎1丁目 17番～18番</value>
        </Data>
        <Data name="町会長">
          <value />
        </Data>
        <Data name="代表者">
          <value />
        </Data>
        <Data name="連絡先">
          <value />
        </Data>
        <Data name="電話">
          <value />
        </Data>
        <Data name="メール">
          <value />
        </Data>
        <Data name="町会の紹介">
          <value />
        </Data>
        <Data name="活動実績">
          <value />
        </Data>
        <Data name="ホームページ">
          <value />
        </Data>
        <Data name="SNS">
          <value />
        </Data>
        <Data name="出典">
          <value>https://www2.wagmap.jp/shinagawa/OpenDataDetail?lid=2100&amp;mids=110
https://www.city.shinagawa.tokyo.jp/PC/chiiki/chiiki-tyokai/chiiki-tyokai-oosaki1/index.html
https://www.shinagawa-choukaijichikai.jp/association/
https://pc.tamemap.net/1310901/activities?utf8=%E2%9C%93&amp;area=&amp;category=%E7%94%BA%E4%BC%9A%E3%83%BB%E8%87%AA%E6%B2%BB%E4%BC%9A&amp;word=
https://www.shinagawa-choukaijichikai.jp/osakiarea/375/</value>
        </Data>
      </ExtendedData>
      <Polygon>
        <tessellate>1</tessellate>
        <altitudeMode>clampToGround</altitudeMode>
        <outerBoundaryIs>
          <LinearRing>
            <coordinates>139.725316,35.635173,0 139.725616,35.635099,0 139.725833,35.635020,0 139.726150,35.634909,0 139.726232,35.634880,0 139.726268,35.634839,0 139.726021,35.634088,0 139.726190,35.634044,0 139.726135,35.633858,0 139.726173,35.633850,0 139.725858,35.633033,0 139.725771,35.633039,0 139.725740,35.632615,0 139.725714,35.632548,0 139.724877,35.632543,0 139.724372,35.632541,0 139.724383,35.633021,0 139.724380,35.633045,0 139.724571,35.633066,0 139.724581,35.633138,0 139.724627,35.633252,0 139.725009,35.633175,0 139.725094,35.633491,0 139.724735,35.633545,0 139.724781,35.633734,0 139.724771,35.633773,0 139.724864,35.634030,0 139.724953,35.634015,0 139.725052,35.634152,0 139.725164,35.634520,0 139.725233,35.634748,0 139.725229,35.634766,0 139.725174,35.634784,0 139.725282,35.635177,0 139.725316,35.635173,0</coordinates>
          </LinearRing>
        </outerBoundaryIs>
      </Polygon>
    </Placemark>
    <Placemark>
      <name>上大崎一丁目町会</name>
      <description>町会・自治会名: 上大崎一丁目町会
公式町会名: 上大崎一丁目町会
地域区分: 大崎第一地域
住所区域: 上大崎1丁目 5番（4号～30号、32号） / 上大崎1丁目 6番～9番 / 上大崎1丁目 10番 （1号～7号、24号～43号）
出典: https://www2.wagmap.jp/shinagawa/OpenDataDetail?lid=2100&amp;mids=110
https://www.city.shinagawa.tokyo.jp/PC/chiiki/chiiki-tyokai/chiiki-tyokai-oosaki1/index.html
https://www.shinagawa-choukaijichikai.jp/association/
https://pc.tamemap.net/1310901/activities?utf8=%E2%9C%93&amp;area=&amp;category=%E7%94%BA%E4%BC%9A%E3%83%BB%E8%87%AA%E6%B2%BB%E4%BC%9A&amp;word=
https://www.shinagawa-choukaijichikai.jp/osakiarea/369/</description>
      <styleUrl>#area-2</styleUrl>
      <ExtendedData>
        <Data name="町会・自治会名">
          <value>上大崎一丁目町会</value>
        </Data>
        <Data name="公式町会名">
          <value>上大崎一丁目町会</value>
        </Data>
        <Data name="地域区分">
          <value>大崎第一地域</value>
        </Data>
        <Data name="住所区域">
          <value>上大崎1丁目 5番（4号～30号、32号） / 上大崎1丁目 6番～9番 / 上大崎1丁目 10番 （1号～7号、24号～43号）</value>
        </Data>
        <Data name="町会長">
          <value />
        </Data>
        <Data name="代表者">
          <value />
        </Data>
        <Data name="連絡先">
          <value />
        </Data>
        <Data name="電話">
          <value />
        </Data>
        <Data name="メール">
          <value />
        </Data>
        <Data name="町会の紹介">
          <value />
        </Data>
        <Data name="活動実績">
          <value />
        </Data>
        <Data name="ホームページ">
          <value />
        </Data>
        <Data name="SNS">
          <value />
        </Data>
        <Data name="出典">
          <value>https://www2.wagmap.jp/shinagawa/OpenDataDetail?lid=2100&amp;mids=110
https://www.city.shinagawa.tokyo.jp/PC/chiiki/chiiki-tyokai/chiiki-tyokai-oosaki1/index.html
https://www.shinagawa-choukaijichikai.jp/association/
https://pc.tamemap.net/1310901/activities?utf8=%E2%9C%93&amp;area=&amp;category=%E7%94%BA%E4%BC%9A%E3%83%BB%E8%87%AA%E6%B2%BB%E4%BC%9A&amp;word=
https://www.shinagawa-choukaijichikai.jp/osakiarea/369/</value>
        </Data>
      </ExtendedData>
      <Polygon>
        <tessellate>1</tessellate>
        <altitudeMode>clampToGround</altitudeMode>
        <outerBoundaryIs>
          <LinearRing>
            <coordinates>139.723557,35.635508,0 139.724062,35.635374,0 139.724157,35.635364,0 139.724696,35.635249,0 139.725282,35.635177,0 139.725174,35.634784,0 139.725229,35.634766,0 139.725233,35.634748,0 139.725164,35.634520,0 139.725052,35.634152,0 139.724953,35.634015,0 139.724864,35.634030,0 139.724771,35.633773,0 139.724781,35.633734,0 139.724735,35.633545,0 139.725094,35.633491,0 139.725009,35.633175,0 139.724627,35.633252,0 139.724581,35.633138,0 139.724571,35.633066,0 139.724380,35.633045,0 139.724288,35.633036,0 139.724306,35.633179,0 139.723900,35.633209,0 139.723473,35.633309,0 139.723538,35.633415,0 139.723091,35.633560,0 139.722921,35.633578,0 139.722769,35.633665,0 139.722777,35.633681,0 139.722700,35.633774,0 139.722660,35.633875,0 139.722623,35.633870,0 139.722564,35.634091,0 139.722963,35.635231,0 139.723109,35.635187,0 139.723275,35.635580,0 139.723557,35.635508,0</coordinates>
          </LinearRing>
        </outerBoundaryIs>
      </Polygon>
    </Placemark>
    <Placemark>
      <name>上大崎一丁目愛誠会・上大崎一丁目第一愛誠会</name>
      <description>町会・自治会名: 上大崎一丁目愛誠会・上大崎一丁目第一愛誠会
公式町会名: 上大崎一丁目愛誠会,上大崎一丁目第一愛誠会
地域区分: 大崎第一地域
住所区域: 上大崎1丁目 3番～4番 / 上大崎1丁目 5番（3号、41号～） / 上大崎1丁目 19番 / 上大崎1丁目 20番（一部）
出典: https://www2.wagmap.jp/shinagawa/OpenDataDetail?lid=2100&amp;mids=110
https://www.city.shinagawa.tokyo.jp/PC/chiiki/chiiki-tyokai/chiiki-tyokai-oosaki1/index.html
https://www.shinagawa-choukaijichikai.jp/association/
https://pc.tamemap.net/1310901/activities?utf8=%E2%9C%93&amp;area=&amp;category=%E7%94%BA%E4%BC%9A%E3%83%BB%E8%87%AA%E6%B2%BB%E4%BC%9A&amp;word=
https://www.shinagawa-choukaijichikai.jp/osakiarea/370/
https://www.shinagawa-choukaijichikai.jp/osakiarea/372/</description>
      <styleUrl>#area-0</styleUrl>
      <ExtendedData>
        <Data name="町会・自治会名">
          <value>上大崎一丁目愛誠会・上大崎一丁目第一愛誠会</value>
        </Data>
        <Data name="公式町会名">
          <value>上大崎一丁目愛誠会,上大崎一丁目第一愛誠会</value>
        </Data>
        <Data name="地域区分">
          <value>大崎第一地域</value>
        </Data>
        <Data name="住所区域">
          <value>上大崎1丁目 3番～4番 / 上大崎1丁目 5番（3号、41号～） / 上大崎1丁目 19番 / 上大崎1丁目 20番（一部）</value>
        </Data>
        <Data name="町会長">
          <value />
        </Data>
        <Data name="代表者">
          <value />
        </Data>
        <Data name="連絡先">
          <value />
        </Data>
        <Data name="電話">
          <value />
        </Data>
        <Data name="メール">
          <value />
        </Data>
        <Data name="町会の紹介">
          <value />
        </Data>
        <Data name="活動実績">
          <value />
        </Data>
        <Data name="ホームページ">
          <value />
        </Data>
        <Data name="SNS">
          <value />
        </Data>
        <Data name="出典">
          <value>https://www2.wagmap.jp/shinagawa/OpenDataDetail?lid=2100&amp;mids=110
https://www.city.shinagawa.tokyo.jp/PC/chiiki/chiiki-tyokai/chiiki-tyokai-oosaki1/index.html
https://www.shinagawa-choukaijichikai.jp/association/
https://pc.tamemap.net/1310901/activities?utf8=%E2%9C%93&amp;area=&amp;category=%E7%94%BA%E4%BC%9A%E3%83%BB%E8%87%AA%E6%B2%BB%E4%BC%9A&amp;word=
https://www.shinagawa-choukaijichikai.jp/osakiarea/370/
https://www.shinagawa-choukaijichikai.jp/osakiarea/372/</value>
        </Data>
      </ExtendedData>
      <Polygon>
        <tessellate>1</tessellate>
        <altitudeMode>clampToGround</altitudeMode>
        <outerBoundaryIs>
          <LinearRing>
            <coordinates>139.722692,35.635713,0 139.722915,35.635666,0 139.723275,35.635580,0 139.723109,35.635187,0 139.722963,35.635231,0 139.722564,35.634091,0 139.722623,35.633870,0 139.722660,35.633875,0 139.722700,35.633774,0 139.722777,35.633681,0 139.722769,35.633665,0 139.722921,35.633578,0 139.723091,35.633560,0 139.723538,35.633415,0 139.723473,35.633309,0 139.723900,35.633209,0 139.724306,35.633179,0 139.724288,35.633036,0 139.724380,35.633045,0 139.724383,35.633021,0 139.724372,35.632541,0 139.724228,35.632540,0 139.724167,35.632550,0 139.723293,35.632645,0 139.723034,35.632723,0 139.722933,35.632733,0 139.722438,35.632644,0 139.722417,35.632668,0 139.722241,35.632882,0 139.722174,35.632848,0 139.722143,35.632909,0 139.722096,35.632986,0 139.721575,35.632800,0 139.721542,35.632792,0 139.721454,35.633017,0 139.721364,35.633262,0 139.721283,35.633506,0 139.721267,35.633554,0 139.721048,35.634252,0 139.721037,35.634367,0 139.721156,35.634499,0 139.721432,35.635042,0 139.721541,35.635268,0 139.721638,35.635465,0 139.722116,35.635332,0 139.722162,35.635499,0 139.722073,35.635825,0 139.722234,35.635903,0 139.722692,35.635713,0</coordinates>
          </LinearRing>
        </outerBoundaryIs>
      </Polygon>
    </Placemark>
    <Placemark>
      <name>上大崎目黒駅前町会</name>
      <description>町会・自治会名: 上大崎目黒駅前町会
公式町会名: 上大崎目黒駅前町会
地域区分: 大崎第一地域
住所区域: 上大崎1丁目 1番（1号～4号） / 上大崎1丁目 2番 / 上大崎2丁目 10番（41号～43号） / 上大崎2丁目 11番～16番 / 上大崎3丁目 1番～5番 / 上大崎3丁目 10番 （1号～14号、41号～）
出典: https://www2.wagmap.jp/shinagawa/OpenDataDetail?lid=2100&amp;mids=110
https://www.city.shinagawa.tokyo.jp/PC/chiiki/chiiki-tyokai/chiiki-tyokai-oosaki1/index.html
https://www.shinagawa-choukaijichikai.jp/association/
https://pc.tamemap.net/1310901/activities?utf8=%E2%9C%93&amp;area=&amp;category=%E7%94%BA%E4%BC%9A%E3%83%BB%E8%87%AA%E6%B2%BB%E4%BC%9A&amp;word=
https://www.shinagawa-choukaijichikai.jp/osakiarea/377/</description>
      <styleUrl>#area-2</styleUrl>
      <ExtendedData>
        <Data name="町会・自治会名">
          <value>上大崎目黒駅前町会</value>
        </Data>
        <Data name="公式町会名">
          <value>上大崎目黒駅前町会</value>
        </Data>
        <Data name="地域区分">
          <value>大崎第一地域</value>
        </Data>
        <Data name="住所区域">
          <value>上大崎1丁目 1番（1号～4号） / 上大崎1丁目 2番 / 上大崎2丁目 10番（41号～43号） / 上大崎2丁目 11番～16番 / 上大崎3丁目 1番～5番 / 上大崎3丁目 10番 （1号～14号、41号～）</value>
        </Data>
        <Data name="町会長">
          <value />
        </Data>
        <Data name="代表者">
          <value />
        </Data>
        <Data name="連絡先">
          <value />
        </Data>
        <Data name="電話">
          <value />
        </Data>
        <Data name="メール">
          <value />
        </Data>
        <Data name="町会の紹介">
          <value />
        </Data>
        <Data name="活動実績">
          <value />
        </Data>
        <Data name="ホームページ">
          <value />
        </Data>
        <Data name="SNS">
          <value />
        </Data>
        <Data name="出典">
          <value>https://www2.wagmap.jp/shinagawa/OpenDataDetail?lid=2100&amp;mids=110
https://www.city.shinagawa.tokyo.jp/PC/chiiki/chiiki-tyokai/chiiki-tyokai-oosaki1/index.html
https://www.shinagawa-choukaijichikai.jp/association/
https://pc.tamemap.net/1310901/activities?utf8=%E2%9C%93&amp;area=&amp;category=%E7%94%BA%E4%BC%9A%E3%83%BB%E8%87%AA%E6%B2%BB%E4%BC%9A&amp;word=
https://www.shinagawa-choukaijichikai.jp/osakiarea/377/</value>
        </Data>
      </ExtendedData>
      <Polygon>
        <tessellate>1</tessellate>
        <altitudeMode>clampToGround</altitudeMode>
        <outerBoundaryIs>
          <LinearRing>
            <coordinates>139.715681,35.635568,0 139.716150,35.635666,0 139.716406,35.635319,0 139.716526,35.635227,0 139.716675,35.635247,0 139.716699,35.635198,0 139.716927,35.635026,0 139.717292,35.635423,0 139.717419,35.635286,0 139.717495,35.635184,0 139.717451,35.635112,0 139.717481,35.635042,0 139.717538,35.634999,0 139.717608,35.634933,0 139.717638,35.634901,0 139.717855,35.634665,0 139.718070,35.634730,0 139.718021,35.634884,0 139.717944,35.635246,0 139.717957,35.635256,0 139.718647,35.635357,0 139.719126,35.635396,0 139.719140,35.635387,0 139.719336,35.635167,0 139.719403,35.635097,0 139.719408,35.634978,0 139.719479,35.634903,0 139.719606,35.634769,0 139.719668,35.634691,0 139.719683,35.634670,0 139.719741,35.634603,0 139.719787,35.634542,0 139.720193,35.634698,0 139.720636,35.634904,0 139.720902,35.635028,0 139.720959,35.635002,0 139.721310,35.635176,0 139.721432,35.635042,0 139.721156,35.634499,0 139.721037,35.634367,0 139.719398,35.633920,0 139.719396,35.633919,0 139.719391,35.633917,0 139.719210,35.633850,0 139.719155,35.633811,0 139.718787,35.633565,0 139.718828,35.633506,0 139.718404,35.632710,0 139.718260,35.632279,0 139.718088,35.632049,0 139.717996,35.631608,0 139.717634,35.631562,0 139.717735,35.631167,0 139.717309,35.631043,0 139.717252,35.631281,0 139.716461,35.630970,0 139.716405,35.631062,0 139.716323,35.631221,0 139.716241,35.631398,0 139.716008,35.632059,0 139.715938,35.632337,0 139.715863,35.632658,0 139.715624,35.633530,0 139.715585,35.633724,0 139.715330,35.635945,0 139.715681,35.635568,0</coordinates>
          </LinearRing>
        </outerBoundaryIs>
      </Polygon>
    </Placemark>
    <Placemark>
      <name>目黒駅前西口町会</name>
      <description>町会・自治会名: 目黒駅前西口町会
公式町会名: 目黒駅前西口町会
地域区分: 大崎第一地域
住所区域: 上大崎2丁目 17番～28番
出典: https://www2.wagmap.jp/shinagawa/OpenDataDetail?lid=2100&amp;mids=110
https://www.city.shinagawa.tokyo.jp/PC/chiiki/chiiki-tyokai/chiiki-tyokai-oosaki1/index.html
https://www.shinagawa-choukaijichikai.jp/association/
https://pc.tamemap.net/1310901/activities?utf8=%E2%9C%93&amp;area=&amp;category=%E7%94%BA%E4%BC%9A%E3%83%BB%E8%87%AA%E6%B2%BB%E4%BC%9A&amp;word=
https://www.shinagawa-choukaijichikai.jp/osakiarea/382/</description>
      <styleUrl>#area-1</styleUrl>
      <ExtendedData>
        <Data name="町会・自治会名">
          <value>目黒駅前西口町会</value>
        </Data>
        <Data name="公式町会名">
          <value>目黒駅前西口町会</value>
        </Data>
        <Data name="地域区分">
          <value>大崎第一地域</value>
        </Data>
        <Data name="住所区域">
          <value>上大崎2丁目 17番～28番</value>
        </Data>
        <Data name="町会長">
          <value />
        </Data>
        <Data name="代表者">
          <value />
        </Data>
        <Data name="連絡先">
          <value />
        </Data>
        <Data name="電話">
          <value />
        </Data>
        <Data name="メール">
          <value />
        </Data>
        <Data name="町会の紹介">
          <value />
        </Data>
        <Data name="活動実績">
          <value />
        </Data>
        <Data name="ホームページ">
          <value />
        </Data>
        <Data name="SNS">
          <value />
        </Data>
        <Data name="出典">
          <value>https://www2.wagmap.jp/shinagawa/OpenDataDetail?lid=2100&amp;mids=110
https://www.city.shinagawa.tokyo.jp/PC/chiiki/chiiki-tyokai/chiiki-tyokai-oosaki1/index.html
https://www.shinagawa-choukaijichikai.jp/association/
https://pc.tamemap.net/1310901/activities?utf8=%E2%9C%93&amp;area=&amp;category=%E7%94%BA%E4%BC%9A%E3%83%BB%E8%87%AA%E6%B2%BB%E4%BC%9A&amp;word=
https://www.shinagawa-choukaijichikai.jp/osakiarea/382/</value>
        </Data>
      </ExtendedData>
      <Polygon>
        <tessellate>1</tessellate>
        <altitudeMode>clampToGround</altitudeMode>
        <outerBoundaryIs>
          <LinearRing>
            <coordinates>139.714556,35.638694,0 139.714638,35.638503,0 139.714690,35.638408,0 139.714924,35.637843,0 139.714959,35.637705,0 139.715005,35.637388,0 139.715022,35.637307,0 139.715042,35.637267,0 139.715062,35.637046,0 139.715110,35.636732,0 139.715159,35.636524,0 139.715330,35.635945,0 139.715585,35.633724,0 139.715401,35.633744,0 139.715150,35.633775,0 139.714865,35.633815,0 139.714683,35.633846,0 139.714510,35.633897,0 139.714548,35.633956,0 139.714556,35.634015,0 139.714084,35.634897,0 139.713866,35.635302,0 139.713815,35.635599,0 139.713662,35.636342,0 139.713613,35.636610,0 139.713500,35.637081,0 139.713255,35.637612,0 139.713476,35.637757,0 139.713749,35.637938,0 139.713621,35.638102,0 139.713379,35.638418,0 139.713249,35.638556,0 139.712993,35.638776,0 139.712990,35.638797,0 139.713022,35.638802,0 139.713631,35.638333,0 139.713680,35.638285,0 139.713729,35.638244,0 139.713743,35.638219,0 139.713794,35.638230,0 139.714321,35.638571,0 139.714478,35.638803,0 139.714485,35.638813,0 139.714556,35.638694,0</coordinates>
          </LinearRing>
        </outerBoundaryIs>
      </Polygon>
    </Placemark>
    <Placemark>
      <name>町会名未登録区域</name>
      <description>町会・自治会名: 町会名未登録区域
出典: https://www2.wagmap.jp/shinagawa/OpenDataDetail?lid=2100&amp;mids=110
https://www.shinagawa-choukaijichikai.jp/association/
https://pc.tamemap.net/1310901/activities?utf8=%E2%9C%93&amp;area=&amp;category=%E7%94%BA%E4%BC%9A%E3%83%BB%E8%87%AA%E6%B2%BB%E4%BC%9A&amp;word=</description>
      <styleUrl>#area-unassigned</styleUrl>
      <ExtendedData>
        <Data name="町会・自治会名">
          <value>町会名未登録区域</value>
        </Data>
        <Data name="公式町会名">
          <value />
        </Data>
        <Data name="地域区分">
          <value />
        </Data>
        <Data name="住所区域">
          <value />
        </Data>
        <Data name="町会長">
          <value />
        </Data>
        <Data name="代表者">
          <value />
        </Data>
        <Data name="連絡先">
          <value />
        </Data>
        <Data name="電話">
          <value />
        </Data>
        <Data name="メール">
          <value />
        </Data>
        <Data name="町会の紹介">
          <value />
        </Data>
        <Data name="活動実績">
          <value />
        </Data>
        <Data name="ホームページ">
          <value />
        </Data>
        <Data name="SNS">
          <value />
        </Data>
        <Data name="出典">
          <value>https://www2.wagmap.jp/shinagawa/OpenDataDetail?lid=2100&amp;mids=110
https://www.shinagawa-choukaijichikai.jp/association/
https://pc.tamemap.net/1310901/activities?utf8=%E2%9C%93&amp;area=&amp;category=%E7%94%BA%E4%BC%9A%E3%83%BB%E8%87%AA%E6%B2%BB%E4%BC%9A&amp;word=</value>
        </Data>
      </ExtendedData>
      <Polygon>
        <tessellate>1</tessellate>
        <altitudeMode>clampToGround</altitudeMode>
        <outerBoundaryIs>
          <LinearRing>
            <coordinates>139.747528,35.590464,0 139.747829,35.594363,0 139.747833,35.594364,0 139.747939,35.595746,0 139.747943,35.595799,0 139.747949,35.596932,0 139.747992,35.597570,0 139.748236,35.600973,0 139.749063,35.602261,0 139.749845,35.603485,0 139.750848,35.605062,0 139.751151,35.605535,0 139.751319,35.607329,0 139.751376,35.607859,0 139.751584,35.610098,0 139.751699,35.611094,0 139.751759,35.611641,0 139.751785,35.611801,0 139.751870,35.612439,0 139.751959,35.613376,0 139.752344,35.616416,0 139.752460,35.617431,0 139.752552,35.618368,0 139.752943,35.618363,0 139.753238,35.618359,0 139.753742,35.618382,0 139.754033,35.618369,0 139.754847,35.618359,0 139.755706,35.618369,0 139.757418,35.618365,0 139.757981,35.618374,0 139.759963,35.618373,0 139.759744,35.627916,0 139.766273,35.627870,0 139.768424,35.626670,0 139.768855,35.626498,0 139.770625,35.624211,0 139.774027,35.619901,0 139.772394,35.618987,0 139.763544,35.613401,0 139.775381,35.596701,0 139.772945,35.595426,0 139.767083,35.592551,0 139.765379,35.594833,0 139.762280,35.594987,0 139.762385,35.592581,0 139.762475,35.590911,0 139.762590,35.588452,0 139.762685,35.586317,0 139.762805,35.584669,0 139.760045,35.584684,0 139.757059,35.584646,0 139.755431,35.584525,0 139.755342,35.585097,0 139.755298,35.585878,0 139.755314,35.589639,0 139.750548,35.589560,0 139.750543,35.589391,0 139.749509,35.589026,0 139.748474,35.589082,0 139.747877,35.590560,0 139.747528,35.590464,0</coordinates>
          </LinearRing>
        </outerBoundaryIs>
        <innerBoundaryIs>
          <LinearRing>
            <coordinates>139.750282,35.596396,0 139.750310,35.596745,0 139.750303,35.597171,0 139.750279,35.597308,0 139.750308,35.597701,0 139.750309,35.597735,0 139.750309,35.598062,0 139.750301,35.598280,0 139.750054,35.598283,0 139.750059,35.598565,0 139.749286,35.598565,0 139.749282,35.598514,0 139.749264,35.598266,0 139.749238,35.597900,0 139.749203,35.597488,0 139.749176,35.597021,0 139.749162,35.596772,0 139.749154,35.596265,0 139.749150,35.596085,0 139.749618,35.596072,0 139.750064,35.596064,0 139.750100,35.596242,0 139.750282,35.596396,0</coordinates>
          </LinearRing>
        </innerBoundaryIs>
        <innerBoundaryIs>
          <LinearRing>
            <coordinates>139.751016,35.598730,0 139.750371,35.598730,0 139.750326,35.598694,0 139.750329,35.598444,0 139.750379,35.598314,0 139.750378,35.597745,0 139.750369,35.597603,0 139.750333,35.597294,0 139.750356,35.597184,0 139.750372,35.597139,0 139.750484,35.597005,0 139.750534,35.596852,0 139.750535,35.596824,0 139.750554,35.596824,0 139.750561,35.596531,0 139.750577,35.596491,0 139.750616,35.596476,0 139.750665,35.596469,0 139.751091,35.596508,0 139.751119,35.596536,0 139.751139,35.597705,0 139.751136,35.598452,0 139.751016,35.598730,0</coordinates>
          </LinearRing>
        </innerBoundaryIs>
        <innerBoundaryIs>
          <LinearRing>
            <coordinates>139.752589,35.599796,0 139.752589,35.599763,0 139.752468,35.599763,0 139.752468,35.599770,0 139.752438,35.599770,0 139.752438,35.599762,0 139.752314,35.599762,0 139.752314,35.599772,0 139.752280,35.599772,0 139.752280,35.599762,0 139.752220,35.599762,0 139.752221,35.599630,0 139.752242,35.599383,0 139.752242,35.599344,0 139.752214,35.599344,0 139.752214,35.599248,0 139.752851,35.599248,0 139.753014,35.599249,0 139.753015,35.599180,0 139.753016,35.598918,0 139.753066,35.598918,0 139.753068,35.598610,0 139.753235,35.598611,0 139.753235,35.598753,0 139.753369,35.598754,0 139.753538,35.598753,0 139.753538,35.598709,0 139.753835,35.598709,0 139.754045,35.598728,0 139.754089,35.598729,0 139.754090,35.598717,0 139.754155,35.598718,0 139.754155,35.598729,0 139.754204,35.598730,0 139.754190,35.599608,0 139.754147,35.599608,0 139.754147,35.599621,0 139.754083,35.599620,0 139.754083,35.599608,0 139.754036,35.599608,0 139.753788,35.599615,0 139.753652,35.599615,0 139.753652,35.599651,0 139.753568,35.599651,0 139.753568,35.599606,0 139.753457,35.599606,0 139.753457,35.599639,0 139.753351,35.599639,0 139.753351,35.599622,0 139.753268,35.599622,0 139.753268,35.599641,0 139.752983,35.599640,0 139.752838,35.599631,0 139.752838,35.599763,0 139.752781,35.599763,0 139.752781,35.599773,0 139.752746,35.599773,0 139.752746,35.599762,0 139.752621,35.599762,0 139.752621,35.599796,0 139.752589,35.599796,0</coordinates>
          </LinearRing>
        </innerBoundaryIs>
        <innerBoundaryIs>
          <LinearRing>
            <coordinates>139.752047,35.601823,0 139.752038,35.601600,0 139.752425,35.601600,0 139.753150,35.601610,0 139.753157,35.602012,0 139.753268,35.602012,0 139.753762,35.602016,0 139.753764,35.602277,0 139.753745,35.602865,0 139.753648,35.602865,0 139.752580,35.602865,0 139.752572,35.602832,0 139.752571,35.602563,0 139.752438,35.602563,0 139.752437,35.602113,0 139.752758,35.602112,0 139.752758,35.601845,0 139.752376,35.601852,0 139.752097,35.601847,0 139.752047,35.601823,0</coordinates>
          </LinearRing>
        </innerBoundaryIs>
        <innerBoundaryIs>
          <LinearRing>
            <coordinates>139.750408,35.601146,0 139.750395,35.601644,0 139.750227,35.601645,0 139.749732,35.601022,0 139.749683,35.600229,0 139.749865,35.600230,0 139.749934,35.600230,0 139.750404,35.600228,0 139.750408,35.601146,0</coordinates>
          </LinearRing>
        </innerBoundaryIs>
        <innerBoundaryIs>
          <LinearRing>
            <coordinates>139.753823,35.597080,0 139.752976,35.597082,0 139.752977,35.596937,0 139.752932,35.596725,0 139.752932,35.596589,0 139.753435,35.596591,0 139.753494,35.596597,0 139.753494,35.596461,0 139.753859,35.596459,0 139.753860,35.596599,0 139.753884,35.596936,0 139.753885,35.597065,0 139.753823,35.597066,0 139.753823,35.597080,0</coordinates>
          </LinearRing>
        </innerBoundaryIs>
        <innerBoundaryIs>
          <LinearRing>
            <coordinates>139.750825,35.601206,0 139.750923,35.601310,0 139.750995,35.601308,0 139.750996,35.601339,0 139.751071,35.601337,0 139.751080,35.601573,0 139.751098,35.601573,0 139.751154,35.601615,0 139.751155,35.601643,0 139.751508,35.601634,0 139.751511,35.601702,0 139.751538,35.601701,0 139.751540,35.601751,0 139.751508,35.601752,0 139.751508,35.601761,0 139.751374,35.601765,0 139.751375,35.601779,0 139.751297,35.601780,0 139.751296,35.601760,0 139.751084,35.601765,0 139.751083,35.601754,0 139.751050,35.601755,0 139.751048,35.601701,0 139.751084,35.601699,0 139.751082,35.601643,0 139.751059,35.601634,0 139.750998,35.601636,0 139.750999,35.601654,0 139.750936,35.601655,0 139.750730,35.601619,0 139.750662,35.601619,0 139.750662,35.601643,0 139.750600,35.601643,0 139.750600,35.601103,0 139.750735,35.601102,0 139.750785,35.601137,0 139.750785,35.601206,0 139.750825,35.601206,0</coordinates>
          </LinearRing>
        </innerBoundaryIs>
        <innerBoundaryIs>
          <LinearRing>
            <coordinates>139.753942,35.602934,0 139.753943,35.602470,0 139.753987,35.602470,0 139.753987,35.602460,0 139.753987,35.602413,0 139.754009,35.602413,0 139.754009,35.602392,0 139.753991,35.602392,0 139.753989,35.601881,0 139.754027,35.601881,0 139.754027,35.601874,0 139.754034,35.601874,0 139.754034,35.601862,0 139.754034,35.601824,0 139.754053,35.601824,0 139.754053,35.601799,0 139.754034,35.601799,0 139.754035,35.601332,0 139.754130,35.601332,0 139.754130,35.601305,0 139.754188,35.601305,0 139.754188,35.601825,0 139.754207,35.601825,0 139.754207,35.601862,0 139.754141,35.601862,0 139.754141,35.601875,0 139.754143,35.602419,0 139.754158,35.602419,0 139.754158,35.602460,0 139.754106,35.602460,0 139.754106,35.602471,0 139.754106,35.602961,0 139.754035,35.602961,0 139.754035,35.602934,0 139.753942,35.602934,0</coordinates>
          </LinearRing>
        </innerBoundaryIs>
        <innerBoundaryIs>
          <LinearRing>
            <coordinates>139.752353,35.604558,0 139.752275,35.604558,0 139.752275,35.604540,0 139.752218,35.604540,0 139.752217,35.604297,0 139.752333,35.604297,0 139.752333,35.604274,0 139.752219,35.604273,0 139.752218,35.603855,0 139.752365,35.603855,0 139.752364,35.603574,0 139.752440,35.603574,0 139.752440,35.603594,0 139.752499,35.603594,0 139.752500,35.603852,0 139.752604,35.603852,0 139.752604,35.603859,0 139.752669,35.603859,0 139.752669,35.603919,0 139.752606,35.603919,0 139.752607,35.604207,0 139.752657,35.604207,0 139.752657,35.604259,0 139.752602,35.604260,0 139.752602,35.604331,0 139.752467,35.604331,0 139.752467,35.604271,0 139.752353,35.604271,0 139.752353,35.604558,0</coordinates>
          </LinearRing>
        </innerBoundaryIs>
        <innerBoundaryIs>
          <LinearRing>
            <coordinates>139.751358,35.599029,0 139.751357,35.599280,0 139.751384,35.599302,0 139.751493,35.599302,0 139.751493,35.599461,0 139.751450,35.599461,0 139.751450,35.599439,0 139.751358,35.599438,0 139.751356,35.599671,0 139.751171,35.599670,0 139.751172,35.599599,0 139.750837,35.599598,0 139.750837,35.599534,0 139.750851,35.599534,0 139.750852,35.599461,0 139.751059,35.599462,0 139.751059,35.599483,0 139.751083,35.599483,0 139.751083,35.599575,0 139.751111,35.599575,0 139.751112,35.599489,0 139.751167,35.599489,0 139.751171,35.599008,0 139.751252,35.599008,0 139.751252,35.599020,0 139.751310,35.599020,0 139.751310,35.599028,0 139.751358,35.599029,0</coordinates>
          </LinearRing>
        </innerBoundaryIs>
        <innerBoundaryIs>
          <LinearRing>
            <coordinates>139.751458,35.599557,0 139.751588,35.599557,0 139.751588,35.599569,0 139.751622,35.599569,0 139.751622,35.599558,0 139.751670,35.599558,0 139.751670,35.599339,0 139.751672,35.599220,0 139.751745,35.599221,0 139.751745,35.599231,0 139.751776,35.599231,0 139.751777,35.599219,0 139.751901,35.599221,0 139.751901,35.599233,0 139.751934,35.599233,0 139.751934,35.599220,0 139.752007,35.599221,0 139.752005,35.599341,0 139.752006,35.599558,0 139.752007,35.599678,0 139.751930,35.599678,0 139.751930,35.599644,0 139.751902,35.599644,0 139.751902,35.599679,0 139.751776,35.599680,0 139.751776,35.599644,0 139.751743,35.599644,0 139.751743,35.599677,0 139.751620,35.599678,0 139.751619,35.599643,0 139.751590,35.599643,0 139.751590,35.599674,0 139.751453,35.599674,0 139.751452,35.599634,0 139.751438,35.599633,0 139.751438,35.599580,0 139.751458,35.599580,0 139.751458,35.599557,0</coordinates>
          </LinearRing>
        </innerBoundaryIs>
        <innerBoundaryIs>
          <LinearRing>
            <coordinates>139.752029,35.602181,0 139.752030,35.602265,0 139.752050,35.602265,0 139.752051,35.602322,0 139.751569,35.602325,0 139.751572,35.602621,0 139.751508,35.602622,0 139.751508,35.602600,0 139.751398,35.602600,0 139.751396,35.602502,0 139.751367,35.602502,0 139.751366,35.602347,0 139.751404,35.602347,0 139.751404,35.602311,0 139.751350,35.602311,0 139.751348,35.602185,0 139.751416,35.602185,0 139.751416,35.602194,0 139.751568,35.602193,0 139.751569,35.602304,0 139.751597,35.602304,0 139.751596,35.602184,0 139.752029,35.602181,0</coordinates>
          </LinearRing>
        </innerBoundaryIs>
        <innerBoundaryIs>
          <LinearRing>
            <coordinates>139.752833,35.604609,0 139.752833,35.604640,0 139.752875,35.604641,0 139.753451,35.604639,0 139.753451,35.604688,0 139.753488,35.604688,0 139.753489,35.604773,0 139.753451,35.604773,0 139.753451,35.604815,0 139.753385,35.604815,0 139.753384,35.604790,0 139.752879,35.604791,0 139.752879,35.604770,0 139.752860,35.604770,0 139.752860,35.604736,0 139.752542,35.604733,0 139.752542,35.604719,0 139.752530,35.604719,0 139.752530,35.604688,0 139.752514,35.604688,0 139.752514,35.604644,0 139.752552,35.604644,0 139.752553,35.604608,0 139.752833,35.604609,0</coordinates>
          </LinearRing>
        </innerBoundaryIs>
        <innerBoundaryIs>
          <LinearRing>
            <coordinates>139.754011,35.598530,0 139.754011,35.597676,0 139.754086,35.597676,0 139.754086,35.597651,0 139.754147,35.597651,0 139.754147,35.598552,0 139.754078,35.598552,0 139.754078,35.598530,0 139.754011,35.598530,0</coordinates>
          </LinearRing>
        </innerBoundaryIs>
        <innerBoundaryIs>
          <LinearRing>
            <coordinates>139.753232,35.605115,0 139.753232,35.605092,0 139.753208,35.605092,0 139.752815,35.605093,0 139.752815,35.605024,0 139.752836,35.605024,0 139.752836,35.604983,0 139.753207,35.604981,0 139.753207,35.605007,0 139.753232,35.605007,0 139.753742,35.605006,0 139.753742,35.605046,0 139.753764,35.605046,0 139.753764,35.605113,0 139.753232,35.605115,0</coordinates>
          </LinearRing>
        </innerBoundaryIs>
        <innerBoundaryIs>
          <LinearRing>
            <coordinates>139.753738,35.597757,0 139.753737,35.597822,0 139.753527,35.597822,0 139.753526,35.597932,0 139.753552,35.597932,0 139.753551,35.598042,0 139.753521,35.598042,0 139.753521,35.598065,0 139.753552,35.598065,0 139.753551,35.598162,0 139.753523,35.598162,0 139.753522,35.598208,0 139.753439,35.598208,0 139.753439,35.598181,0 139.753376,35.598181,0 139.753377,35.597884,0 139.753358,35.597884,0 139.753358,35.597835,0 139.753378,35.597835,0 139.753378,35.597825,0 139.753401,35.597825,0 139.753401,35.597702,0 139.753703,35.597703,0 139.753703,35.597757,0 139.753738,35.597757,0</coordinates>
          </LinearRing>
        </innerBoundaryIs>
        <innerBoundaryIs>
          <LinearRing>
            <coordinates>139.754077,35.597172,0 139.754076,35.596480,0 139.754219,35.596480,0 139.754215,35.597172,0 139.754077,35.597172,0</coordinates>
          </LinearRing>
        </innerBoundaryIs>
        <innerBoundaryIs>
          <LinearRing>
            <coordinates>139.753927,35.603938,0 139.753925,35.603300,0 139.753992,35.603299,0 139.753992,35.603272,0 139.754061,35.603272,0 139.754063,35.603938,0 139.753927,35.603938,0</coordinates>
          </LinearRing>
        </innerBoundaryIs>
        <innerBoundaryIs>
          <LinearRing>
            <coordinates>139.752400,35.596561,0 139.752399,35.596718,0 139.752312,35.596718,0 139.752310,35.596685,0 139.751836,35.596688,0 139.751834,35.596716,0 139.751751,35.596718,0 139.751749,35.596560,0 139.752400,35.596561,0</coordinates>
          </LinearRing>
        </innerBoundaryIs>
        <innerBoundaryIs>
          <LinearRing>
            <coordinates>139.751910,35.603475,0 139.751909,35.603575,0 139.751931,35.603599,0 139.751927,35.603700,0 139.751930,35.603723,0 139.751929,35.603824,0 139.751927,35.603850,0 139.751925,35.603951,0 139.751865,35.603950,0 139.751865,35.603977,0 139.751811,35.603976,0 139.751811,35.603950,0 139.751776,35.603949,0 139.751779,35.603847,0 139.751774,35.603824,0 139.751775,35.603722,0 139.751775,35.603696,0 139.751779,35.603595,0 139.751772,35.603572,0 139.751773,35.603472,0 139.751801,35.603472,0 139.751801,35.603451,0 139.751876,35.603451,0 139.751876,35.603475,0 139.751910,35.603475,0</coordinates>
          </LinearRing>
        </innerBoundaryIs>
        <innerBoundaryIs>
          <LinearRing>
            <coordinates>139.751892,35.596960,0 139.752471,35.596958,0 139.752472,35.597006,0 139.752495,35.597005,0 139.752494,35.597073,0 139.751898,35.597074,0 139.751892,35.596960,0</coordinates>
          </LinearRing>
        </innerBoundaryIs>
        <innerBoundaryIs>
          <LinearRing>
            <coordinates>139.753960,35.604431,0 139.753959,35.604404,0 139.753883,35.604405,0 139.753880,35.603998,0 139.753981,35.603998,0 139.753981,35.603976,0 139.754032,35.603976,0 139.754034,35.604405,0 139.754067,35.604406,0 139.754067,35.604431,0 139.753960,35.604431,0</coordinates>
          </LinearRing>
        </innerBoundaryIs>
        <innerBoundaryIs>
          <LinearRing>
            <coordinates>139.750924,35.599780,0 139.751273,35.599777,0 139.751276,35.599939,0 139.750872,35.599944,0 139.750869,35.599794,0 139.750924,35.599793,0 139.750924,35.599780,0</coordinates>
          </LinearRing>
        </innerBoundaryIs>
        <innerBoundaryIs>
          <LinearRing>
            <coordinates>139.750895,35.602254,0 139.750895,35.602297,0 139.751206,35.602297,0 139.751206,35.602432,0 139.750892,35.602432,0 139.750892,35.602386,0 139.750736,35.602387,0 139.750736,35.602254,0 139.750895,35.602254,0</coordinates>
          </LinearRing>
        </innerBoundaryIs>
        <innerBoundaryIs>
          <LinearRing>
            <coordinates>139.752766,35.596501,0 139.752762,35.596980,0 139.752635,35.596980,0 139.752637,35.596502,0 139.752766,35.596501,0</coordinates>
          </LinearRing>
        </innerBoundaryIs>
        <innerBoundaryIs>
          <LinearRing>
            <coordinates>139.753899,35.605085,0 139.753901,35.604551,0 139.754010,35.604551,0 139.754009,35.604902,0 139.754045,35.604902,0 139.754045,35.604963,0 139.753995,35.604963,0 139.753995,35.605085,0 139.753899,35.605085,0</coordinates>
          </LinearRing>
        </innerBoundaryIs>
        <innerBoundaryIs>
          <LinearRing>
            <coordinates>139.753832,35.598515,0 139.753757,35.598516,0 139.753757,35.598479,0 139.753727,35.598479,0 139.753728,35.598514,0 139.753603,35.598515,0 139.753602,35.598479,0 139.753570,35.598479,0 139.753571,35.598514,0 139.753446,35.598516,0 139.753446,35.598478,0 139.753413,35.598479,0 139.753414,35.598516,0 139.753343,35.598517,0 139.753343,35.598394,0 139.753415,35.598393,0 139.753415,35.598406,0 139.753446,35.598406,0 139.753446,35.598394,0 139.753573,35.598392,0 139.753573,35.598405,0 139.753606,35.598405,0 139.753606,35.598393,0 139.753735,35.598391,0 139.753735,35.598406,0 139.753756,35.598406,0 139.753755,35.598392,0 139.753830,35.598391,0 139.753832,35.598515,0</coordinates>
          </LinearRing>
        </innerBoundaryIs>
        <innerBoundaryIs>
          <LinearRing>
            <coordinates>139.751507,35.596565,0 139.751513,35.596976,0 139.751382,35.596976,0 139.751371,35.596567,0 139.751507,35.596565,0</coordinates>
          </LinearRing>
        </innerBoundaryIs>
        <innerBoundaryIs>
          <LinearRing>
            <coordinates>139.751389,35.597108,0 139.751449,35.597095,0 139.751481,35.597096,0 139.751510,35.597100,0 139.751538,35.597092,0 139.751567,35.597098,0 139.751604,35.597097,0 139.751631,35.597091,0 139.751654,35.597098,0 139.751685,35.597098,0 139.751713,35.597090,0 139.751746,35.597094,0 139.751762,35.597098,0 139.751762,35.597172,0 139.751787,35.597172,0 139.751785,35.597221,0 139.751392,35.597223,0 139.751389,35.597108,0</coordinates>
          </LinearRing>
        </innerBoundaryIs>
      </Polygon>
    </Placemark>
    <Placemark>
      <name>大井海岸町会</name>
      <description>町会・自治会名: 大井海岸町会
公式町会名: 大井海岸町会
地域区分: 大井第一地域
住所区域: 南大井2丁目 10番～12番 / 南大井3丁目 15番～35番
町会の紹介: 一戸建て、マンションなど多彩な住宅がひしめいている町会ですが、青年部、婦人部、防犯部、若勇会、桜友会とがあり、お祭り、盆踊り、秋の行楽、冬のお餅つき又町会の美化防犯パトロールなどを行い、住み良い町づくりに取り組んでいます。
出典: https://www2.wagmap.jp/shinagawa/OpenDataDetail?lid=2100&amp;mids=110
https://www.city.shinagawa.tokyo.jp/PC/chiiki/chiiki-tyokai/hpg000011177.html
https://www.shinagawa-choukaijichikai.jp/association/
https://pc.tamemap.net/1310901/activities?utf8=%E2%9C%93&amp;area=&amp;category=%E7%94%BA%E4%BC%9A%E3%83%BB%E8%87%AA%E6%B2%BB%E4%BC%9A&amp;word=
https://www.shinagawa-choukaijichikai.jp/oiarea/449/</description>
      <styleUrl>#area-1</styleUrl>
      <ExtendedData>
        <Data name="町会・自治会名">
          <value>大井海岸町会</value>
        </Data>
        <Data name="公式町会名">
          <value>大井海岸町会</value>
        </Data>
        <Data name="地域区分">
          <value>大井第一地域</value>
        </Data>
        <Data name="住所区域">
          <value>南大井2丁目 10番～12番 / 南大井3丁目 15番～35番</value>
        </Data>
        <Data name="町会長">
          <value />
        </Data>
        <Data name="代表者">
          <value />
        </Data>
        <Data name="連絡先">
          <value />
        </Data>
        <Data name="電話">
          <value />
        </Data>
        <Data name="メール">
          <value />
        </Data>
        <Data name="町会の紹介">
          <value>一戸建て、マンションなど多彩な住宅がひしめいている町会ですが、青年部、婦人部、防犯部、若勇会、桜友会とがあり、お祭り、盆踊り、秋の行楽、冬のお餅つき又町会の美化防犯パトロールなどを行い、住み良い町づくりに取り組んでいます。</value>
        </Data>
        <Data name="活動実績">
          <value />
        </Data>
        <Data name="ホームページ">
          <value />
        </Data>
        <Data name="SNS">
          <value />
        </Data>
        <Data name="出典">
          <value>https://www2.wagmap.jp/shinagawa/OpenDataDetail?lid=2100&amp;mids=110
https://www.city.shinagawa.tokyo.jp/PC/chiiki/chiiki-tyokai/hpg000011177.html
https://www.shinagawa-choukaijichikai.jp/association/
https://pc.tamemap.net/1310901/activities?utf8=%E2%9C%93&amp;area=&amp;category=%E7%94%BA%E4%BC%9A%E3%83%BB%E8%87%AA%E6%B2%BB%E4%BC%9A&amp;word=
https://www.shinagawa-choukaijichikai.jp/oiarea/449/</value>
        </Data>
      </ExtendedData>
      <Polygon>
        <tessellate>1</tessellate>
        <altitudeMode>clampToGround</altitudeMode>
        <outerBoundaryIs>
          <LinearRing>
            <coordinates>139.734437,35.590233,0 139.734570,35.590206,0 139.735621,35.590054,0 139.735953,35.590028,0 139.735982,35.590408,0 139.737093,35.590430,0 139.737837,35.590448,0 139.737748,35.589922,0 139.737755,35.589293,0 139.737842,35.588390,0 139.737983,35.588007,0 139.737066,35.588016,0 139.736892,35.588004,0 139.735839,35.587931,0 139.735800,35.587231,0 139.735460,35.587243,0 139.733434,35.587358,0 139.732266,35.587326,0 139.732512,35.588145,0 139.732793,35.589062,0 139.733063,35.589996,0 139.733232,35.590546,0 139.734437,35.590233,0</coordinates>
          </LinearRing>
        </outerBoundaryIs>
      </Polygon>
    </Placemark>
    <Placemark>
      <name>鈴ヶ森町会</name>
      <description>町会・自治会名: 鈴ヶ森町会
公式町会名: 鈴ヶ森町会
地域区分: 大井第一地域
住所区域: 南大井2丁目 1番～9番 / 南大井3丁目 1番～14番 / 南大井4丁目 16番（21号～23号） / 南大井4丁目 17番～20番
出典: https://www2.wagmap.jp/shinagawa/OpenDataDetail?lid=2100&amp;mids=110
https://www.city.shinagawa.tokyo.jp/PC/chiiki/chiiki-tyokai/hpg000011177.html
https://www.shinagawa-choukaijichikai.jp/association/
https://pc.tamemap.net/1310901/activities?utf8=%E2%9C%93&amp;area=&amp;category=%E7%94%BA%E4%BC%9A%E3%83%BB%E8%87%AA%E6%B2%BB%E4%BC%9A&amp;word=
https://www.shinagawa-choukaijichikai.jp/oiarea/448/</description>
      <styleUrl>#area-3</styleUrl>
      <ExtendedData>
        <Data name="町会・自治会名">
          <value>鈴ヶ森町会</value>
        </Data>
        <Data name="公式町会名">
          <value>鈴ヶ森町会</value>
        </Data>
        <Data name="地域区分">
          <value>大井第一地域</value>
        </Data>
        <Data name="住所区域">
          <value>南大井2丁目 1番～9番 / 南大井3丁目 1番～14番 / 南大井4丁目 16番（21号～23号） / 南大井4丁目 17番～20番</value>
        </Data>
        <Data name="町会長">
          <value />
        </Data>
        <Data name="代表者">
          <value />
        </Data>
        <Data name="連絡先">
          <value />
        </Data>
        <Data name="電話">
          <value />
        </Data>
        <Data name="メール">
          <value />
        </Data>
        <Data name="町会の紹介">
          <value />
        </Data>
        <Data name="活動実績">
          <value />
        </Data>
        <Data name="ホームページ">
          <value />
        </Data>
        <Data name="SNS">
          <value />
        </Data>
        <Data name="出典">
          <value>https://www2.wagmap.jp/shinagawa/OpenDataDetail?lid=2100&amp;mids=110
https://www.city.shinagawa.tokyo.jp/PC/chiiki/chiiki-tyokai/hpg000011177.html
https://www.shinagawa-choukaijichikai.jp/association/
https://pc.tamemap.net/1310901/activities?utf8=%E2%9C%93&amp;area=&amp;category=%E7%94%BA%E4%BC%9A%E3%83%BB%E8%87%AA%E6%B2%BB%E4%BC%9A&amp;word=
https://www.shinagawa-choukaijichikai.jp/oiarea/448/</value>
        </Data>
      </ExtendedData>
      <Polygon>
        <tessellate>1</tessellate>
        <altitudeMode>clampToGround</altitudeMode>
        <outerBoundaryIs>
          <LinearRing>
            <coordinates>139.735850,35.594510,0 139.735710,35.594057,0 139.736194,35.593953,0 139.736326,35.593959,0 139.737813,35.593618,0 139.737884,35.593685,0 139.738664,35.593406,0 139.739308,35.593189,0 139.738238,35.591389,0 139.737837,35.590448,0 139.737093,35.590430,0 139.735982,35.590408,0 139.735953,35.590028,0 139.735621,35.590054,0 139.734570,35.590206,0 139.734437,35.590233,0 139.733232,35.590546,0 139.733355,35.590944,0 139.733635,35.591866,0 139.733923,35.592795,0 139.733965,35.592960,0 139.734196,35.593737,0 139.734375,35.594333,0 139.734696,35.594264,0 139.734837,35.594723,0 139.735850,35.594510,0</coordinates>
          </LinearRing>
        </outerBoundaryIs>
      </Polygon>
    </Placemark>
    <Placemark>
      <name>大井水神町会</name>
      <description>町会・自治会名: 大井水神町会
公式町会名: 大井水神町会
地域区分: 大井第一地域
住所区域: 南大井5丁目 13番～27番 / 南大井6丁目 1番～14番
連絡先: 03-3761-5105
町会の紹介: 我が町は明るく楽しく美しくをモットーに、役員と町会の皆様と共に町づくりに取り組んでいます。毎月の町内清掃を始め、歳末の防火・防犯パトロール、又、親睦と交流を目的に、季節ごとにいろいろな行事が行われます。特に、夏の流しそうめん・どじょうつかみ大会、秋のお祭り、親子バスハイクなど大人気です。町の氏神様、水神社を大切にお守りしています。
出典: https://www2.wagmap.jp/shinagawa/OpenDataDetail?lid=2100&amp;mids=110
https://www.city.shinagawa.tokyo.jp/PC/chiiki/chiiki-tyokai/hpg000011177.html
https://www.shinagawa-choukaijichikai.jp/association/
https://pc.tamemap.net/1310901/activities?utf8=%E2%9C%93&amp;area=&amp;category=%E7%94%BA%E4%BC%9A%E3%83%BB%E8%87%AA%E6%B2%BB%E4%BC%9A&amp;word=
https://www.shinagawa-choukaijichikai.jp/oiarea/451/</description>
      <styleUrl>#area-1</styleUrl>
      <ExtendedData>
        <Data name="町会・自治会名">
          <value>大井水神町会</value>
        </Data>
        <Data name="公式町会名">
          <value>大井水神町会</value>
        </Data>
        <Data name="地域区分">
          <value>大井第一地域</value>
        </Data>
        <Data name="住所区域">
          <value>南大井5丁目 13番～27番 / 南大井6丁目 1番～14番</value>
        </Data>
        <Data name="町会長">
          <value />
        </Data>
        <Data name="代表者">
          <value />
        </Data>
        <Data name="連絡先">
          <value>03-3761-5105</value>
        </Data>
        <Data name="電話">
          <value />
        </Data>
        <Data name="メール">
          <value />
        </Data>
        <Data name="町会の紹介">
          <value>我が町は明るく楽しく美しくをモットーに、役員と町会の皆様と共に町づくりに取り組んでいます。毎月の町内清掃を始め、歳末の防火・防犯パトロール、又、親睦と交流を目的に、季節ごとにいろいろな行事が行われます。特に、夏の流しそうめん・どじょうつかみ大会、秋のお祭り、親子バスハイクなど大人気です。町の氏神様、水神社を大切にお守りしています。</value>
        </Data>
        <Data name="活動実績">
          <value />
        </Data>
        <Data name="ホームページ">
          <value />
        </Data>
        <Data name="SNS">
          <value />
        </Data>
        <Data name="出典">
          <value>https://www2.wagmap.jp/shinagawa/OpenDataDetail?lid=2100&amp;mids=110
https://www.city.shinagawa.tokyo.jp/PC/chiiki/chiiki-tyokai/hpg000011177.html
https://www.shinagawa-choukaijichikai.jp/association/
https://pc.tamemap.net/1310901/activities?utf8=%E2%9C%93&amp;area=&amp;category=%E7%94%BA%E4%BC%9A%E3%83%BB%E8%87%AA%E6%B2%BB%E4%BC%9A&amp;word=
https://www.shinagawa-choukaijichikai.jp/oiarea/451/</value>
        </Data>
      </ExtendedData>
      <Polygon>
        <tessellate>1</tessellate>
        <altitudeMode>clampToGround</altitudeMode>
        <outerBoundaryIs>
          <LinearRing>
            <coordinates>139.733650,35.596354,0 139.733710,35.596311,0 139.733793,35.596260,0 139.735004,35.596030,0 139.734904,35.595693,0 139.734761,35.595229,0 139.734615,35.595135,0 139.734381,35.594353,0 139.734375,35.594333,0 139.734196,35.593737,0 139.733965,35.592960,0 139.733923,35.592795,0 139.733635,35.591866,0 139.733355,35.590944,0 139.733232,35.590546,0 139.732173,35.590825,0 139.732074,35.590861,0 139.731935,35.590904,0 139.731785,35.590968,0 139.731694,35.591013,0 139.731105,35.591355,0 139.730935,35.591453,0 139.730677,35.591604,0 139.730189,35.591826,0 139.730354,35.592092,0 139.731196,35.593433,0 139.731206,35.593469,0 139.731209,35.593510,0 139.731597,35.594116,0 139.731747,35.594350,0 139.732513,35.595546,0 139.732630,35.595720,0 139.732727,35.595876,0 139.732884,35.596112,0 139.733224,35.596647,0 139.733650,35.596354,0</coordinates>
          </LinearRing>
        </outerBoundaryIs>
      </Polygon>
    </Placemark>
    <Placemark>
      <name>大井寺下町会</name>
      <description>町会・自治会名: 大井寺下町会
公式町会名: 大井寺下町会
地域区分: 大井第一地域
住所区域: 南大井4丁目 1番 / 南大井5丁目 1番～12番 / 東大井6丁目 17番
町会の紹介: 安全で安心して住める、住んでいて良かったと言われる街を目指し、防火・防犯パトロール、害虫駆除、清掃美化、広報活動を実施。気軽に誰でも参加出来る餅つき大会、親睦旅行等、支えあい・ふれあいサポート活動を勤めています。
出典: https://www2.wagmap.jp/shinagawa/OpenDataDetail?lid=2100&amp;mids=110
https://www.city.shinagawa.tokyo.jp/PC/chiiki/chiiki-tyokai/hpg000011177.html
https://www.shinagawa-choukaijichikai.jp/association/
https://pc.tamemap.net/1310901/activities?utf8=%E2%9C%93&amp;area=&amp;category=%E7%94%BA%E4%BC%9A%E3%83%BB%E8%87%AA%E6%B2%BB%E4%BC%9A&amp;word=
https://www.shinagawa-choukaijichikai.jp/oiarea/453/</description>
      <styleUrl>#area-0</styleUrl>
      <ExtendedData>
        <Data name="町会・自治会名">
          <value>大井寺下町会</value>
        </Data>
        <Data name="公式町会名">
          <value>大井寺下町会</value>
        </Data>
        <Data name="地域区分">
          <value>大井第一地域</value>
        </Data>
        <Data name="住所区域">
          <value>南大井4丁目 1番 / 南大井5丁目 1番～12番 / 東大井6丁目 17番</value>
        </Data>
        <Data name="町会長">
          <value />
        </Data>
        <Data name="代表者">
          <value />
        </Data>
        <Data name="連絡先">
          <value />
        </Data>
        <Data name="電話">
          <value />
        </Data>
        <Data name="メール">
          <value />
        </Data>
        <Data name="町会の紹介">
          <value>安全で安心して住める、住んでいて良かったと言われる街を目指し、防火・防犯パトロール、害虫駆除、清掃美化、広報活動を実施。気軽に誰でも参加出来る餅つき大会、親睦旅行等、支えあい・ふれあいサポート活動を勤めています。</value>
        </Data>
        <Data name="活動実績">
          <value />
        </Data>
        <Data name="ホームページ">
          <value />
        </Data>
        <Data name="SNS">
          <value />
        </Data>
        <Data name="出典">
          <value>https://www2.wagmap.jp/shinagawa/OpenDataDetail?lid=2100&amp;mids=110
https://www.city.shinagawa.tokyo.jp/PC/chiiki/chiiki-tyokai/hpg000011177.html
https://www.shinagawa-choukaijichikai.jp/association/
https://pc.tamemap.net/1310901/activities?utf8=%E2%9C%93&amp;area=&amp;category=%E7%94%BA%E4%BC%9A%E3%83%BB%E8%87%AA%E6%B2%BB%E4%BC%9A&amp;word=
https://www.shinagawa-choukaijichikai.jp/oiarea/453/</value>
        </Data>
      </ExtendedData>
      <Polygon>
        <tessellate>1</tessellate>
        <altitudeMode>clampToGround</altitudeMode>
        <outerBoundaryIs>
          <LinearRing>
            <coordinates>139.734474,35.600977,0 139.734744,35.600929,0 139.734972,35.600883,0 139.734946,35.600790,0 139.734946,35.600723,0 139.734994,35.600482,0 139.735033,35.600357,0 139.735056,35.600306,0 139.735099,35.600240,0 139.735163,35.600167,0 139.735246,35.600098,0 139.735318,35.600049,0 139.735440,35.599991,0 139.735536,35.599957,0 139.735634,35.599922,0 139.735834,35.599816,0 139.735872,35.599785,0 139.735901,35.599751,0 139.735920,35.599711,0 139.735961,35.599560,0 139.736001,35.599398,0 139.736022,35.599348,0 139.736061,35.599274,0 139.736118,35.599200,0 139.736177,35.599147,0 139.736234,35.599108,0 139.736302,35.599073,0 139.736348,35.599050,0 139.736159,35.599067,0 139.735945,35.599171,0 139.735824,35.599216,0 139.735817,35.599062,0 139.735798,35.598832,0 139.735780,35.598672,0 139.735766,35.598539,0 139.735690,35.598260,0 139.735560,35.597823,0 139.735476,35.597560,0 139.735184,35.596636,0 139.735004,35.596030,0 139.733793,35.596260,0 139.733710,35.596311,0 139.733650,35.596354,0 139.733224,35.596647,0 139.733387,35.596932,0 139.733462,35.597061,0 139.733573,35.597286,0 139.733631,35.597409,0 139.733693,35.597558,0 139.733741,35.597665,0 139.733804,35.597825,0 139.733832,35.597908,0 139.733906,35.598122,0 139.733994,35.598424,0 139.734056,35.598688,0 139.734106,35.598910,0 139.734153,35.599239,0 139.734213,35.599711,0 139.734289,35.600323,0 139.734298,35.600388,0 139.734327,35.600598,0 139.734366,35.600894,0 139.734378,35.600989,0 139.734474,35.600977,0</coordinates>
          </LinearRing>
        </outerBoundaryIs>
      </Polygon>
    </Placemark>
    <Placemark>
      <name>大井倉田町会</name>
      <description>町会・自治会名: 大井倉田町会
公式町会名: 大井倉田町会
地域区分: 大井第二地域
住所区域: 大井4丁目 全域
町会の紹介: 明るく楽しい安全で住みよい町づくりを目的に、防災訓練、交通安全、環境美化運動、リサイクル、親子歳末夜警を実施しています。その他、レクリエーション、祭礼、少年野球の育成等により親睦を図り、会報を毎月発行しています。
出典: https://www2.wagmap.jp/shinagawa/OpenDataDetail?lid=2100&amp;mids=110
https://www.city.shinagawa.tokyo.jp/PC/chiiki/chiiki-tyokai/chiiki-tyokai-ooi2/index.html
https://www.shinagawa-choukaijichikai.jp/association/
https://pc.tamemap.net/1310901/activities?utf8=%E2%9C%93&amp;area=&amp;category=%E7%94%BA%E4%BC%9A%E3%83%BB%E8%87%AA%E6%B2%BB%E4%BC%9A&amp;word=
https://www.shinagawa-choukaijichikai.jp/oiarea/466/</description>
      <styleUrl>#area-1</styleUrl>
      <ExtendedData>
        <Data name="町会・自治会名">
          <value>大井倉田町会</value>
        </Data>
        <Data name="公式町会名">
          <value>大井倉田町会</value>
        </Data>
        <Data name="地域区分">
          <value>大井第二地域</value>
        </Data>
        <Data name="住所区域">
          <value>大井4丁目 全域</value>
        </Data>
        <Data name="町会長">
          <value />
        </Data>
        <Data name="代表者">
          <value />
        </Data>
        <Data name="連絡先">
          <value />
        </Data>
        <Data name="電話">
          <value />
        </Data>
        <Data name="メール">
          <value />
        </Data>
        <Data name="町会の紹介">
          <value>明るく楽しい安全で住みよい町づくりを目的に、防災訓練、交通安全、環境美化運動、リサイクル、親子歳末夜警を実施しています。その他、レクリエーション、祭礼、少年野球の育成等により親睦を図り、会報を毎月発行しています。</value>
        </Data>
        <Data name="活動実績">
          <value />
        </Data>
        <Data name="ホームページ">
          <value />
        </Data>
        <Data name="SNS">
          <value />
        </Data>
        <Data name="出典">
          <value>https://www2.wagmap.jp/shinagawa/OpenDataDetail?lid=2100&amp;mids=110
https://www.city.shinagawa.tokyo.jp/PC/chiiki/chiiki-tyokai/chiiki-tyokai-ooi2/index.html
https://www.shinagawa-choukaijichikai.jp/association/
https://pc.tamemap.net/1310901/activities?utf8=%E2%9C%93&amp;area=&amp;category=%E7%94%BA%E4%BC%9A%E3%83%BB%E8%87%AA%E6%B2%BB%E4%BC%9A&amp;word=
https://www.shinagawa-choukaijichikai.jp/oiarea/466/</value>
        </Data>
      </ExtendedData>
      <Polygon>
        <tessellate>1</tessellate>
        <altitudeMode>clampToGround</altitudeMode>
        <outerBoundaryIs>
          <LinearRing>
            <coordinates>139.734865,35.604825,0 139.734780,35.604137,0 139.734582,35.602624,0 139.734497,35.601947,0 139.734414,35.601291,0 139.734378,35.600989,0 139.734366,35.600894,0 139.734327,35.600598,0 139.734298,35.600388,0 139.734289,35.600323,0 139.734213,35.599711,0 139.734153,35.599239,0 139.734106,35.598910,0 139.734056,35.598688,0 139.733994,35.598424,0 139.733906,35.598122,0 139.733832,35.597908,0 139.733389,35.598025,0 139.732968,35.598133,0 139.732738,35.598192,0 139.732448,35.598293,0 139.732237,35.598370,0 139.732175,35.598399,0 139.732027,35.598473,0 139.731904,35.598555,0 139.731737,35.598668,0 139.731648,35.598724,0 139.731554,35.598782,0 139.731438,35.598843,0 139.731391,35.598865,0 139.731209,35.598933,0 139.731011,35.599010,0 139.730940,35.599035,0 139.730850,35.599058,0 139.730793,35.599068,0 139.730746,35.599073,0 139.730615,35.599085,0 139.730620,35.599306,0 139.730616,35.599640,0 139.730605,35.600100,0 139.730608,35.600290,0 139.730612,35.600356,0 139.730623,35.600428,0 139.730636,35.600497,0 139.730665,35.600590,0 139.730696,35.600672,0 139.730742,35.600769,0 139.730813,35.600904,0 139.730947,35.601155,0 139.731185,35.601598,0 139.731333,35.601887,0 139.731399,35.601986,0 139.731462,35.602086,0 139.731625,35.602285,0 139.731999,35.602711,0 139.732229,35.603013,0 139.732343,35.603165,0 139.732461,35.603297,0 139.732618,35.603538,0 139.732723,35.603723,0 139.732774,35.603770,0 139.733258,35.604150,0 139.733364,35.604230,0 139.733552,35.604338,0 139.733697,35.604421,0 139.733910,35.604517,0 139.734355,35.604704,0 139.734641,35.604831,0 139.734807,35.604889,0 139.734878,35.604912,0 139.734865,35.604825,0</coordinates>
          </LinearRing>
        </outerBoundaryIs>
      </Polygon>
    </Placemark>
    <Placemark>
      <name>大井一丁目鎧町会</name>
      <description>町会・自治会名: 大井一丁目鎧町会
公式町会名: 大井一丁目鎧町会
地域区分: 大井第二地域
住所区域: 大井1丁目 20番～55番
町会の紹介: 大井町駅西側に位置し、旧大井鎧町にある町会です。防犯パトロール、花壇の植栽、大井どんたくへの参加を通じて会員の親睦や生活向上に取り組んでいます。今後は、昔からの住民とマンション等の新しい住民との関係づくりを行います。
出典: https://www2.wagmap.jp/shinagawa/OpenDataDetail?lid=2100&amp;mids=110
https://www.city.shinagawa.tokyo.jp/PC/chiiki/chiiki-tyokai/chiiki-tyokai-ooi2/index.html
https://www.shinagawa-choukaijichikai.jp/association/
https://pc.tamemap.net/1310901/activities?utf8=%E2%9C%93&amp;area=&amp;category=%E7%94%BA%E4%BC%9A%E3%83%BB%E8%87%AA%E6%B2%BB%E4%BC%9A&amp;word=
https://www.shinagawa-choukaijichikai.jp/oiarea/462/</description>
      <styleUrl>#area-0</styleUrl>
      <ExtendedData>
        <Data name="町会・自治会名">
          <value>大井一丁目鎧町会</value>
        </Data>
        <Data name="公式町会名">
          <value>大井一丁目鎧町会</value>
        </Data>
        <Data name="地域区分">
          <value>大井第二地域</value>
        </Data>
        <Data name="住所区域">
          <value>大井1丁目 20番～55番</value>
        </Data>
        <Data name="町会長">
          <value />
        </Data>
        <Data name="代表者">
          <value />
        </Data>
        <Data name="連絡先">
          <value />
        </Data>
        <Data name="電話">
          <value />
        </Data>
        <Data name="メール">
          <value />
        </Data>
        <Data name="町会の紹介">
          <value>大井町駅西側に位置し、旧大井鎧町にある町会です。防犯パトロール、花壇の植栽、大井どんたくへの参加を通じて会員の親睦や生活向上に取り組んでいます。今後は、昔からの住民とマンション等の新しい住民との関係づくりを行います。</value>
        </Data>
        <Data name="活動実績">
          <value />
        </Data>
        <Data name="ホームページ">
          <value />
        </Data>
        <Data name="SNS">
          <value />
        </Data>
        <Data name="出典">
          <value>https://www2.wagmap.jp/shinagawa/OpenDataDetail?lid=2100&amp;mids=110
https://www.city.shinagawa.tokyo.jp/PC/chiiki/chiiki-tyokai/chiiki-tyokai-ooi2/index.html
https://www.shinagawa-choukaijichikai.jp/association/
https://pc.tamemap.net/1310901/activities?utf8=%E2%9C%93&amp;area=&amp;category=%E7%94%BA%E4%BC%9A%E3%83%BB%E8%87%AA%E6%B2%BB%E4%BC%9A&amp;word=
https://www.shinagawa-choukaijichikai.jp/oiarea/462/</value>
        </Data>
      </ExtendedData>
      <Polygon>
        <tessellate>1</tessellate>
        <altitudeMode>clampToGround</altitudeMode>
        <outerBoundaryIs>
          <LinearRing>
            <coordinates>139.731680,35.607374,0 139.731717,35.607368,0 139.731765,35.607356,0 139.731815,35.607338,0 139.731869,35.607308,0 139.731942,35.607256,0 139.732029,35.607184,0 139.732085,35.607134,0 139.732287,35.606954,0 139.732368,35.606904,0 139.732430,35.606870,0 139.732521,35.606831,0 139.732605,35.606806,0 139.732759,35.606765,0 139.733118,35.606658,0 139.733661,35.606427,0 139.734036,35.606424,0 139.734086,35.606409,0 139.734134,35.606373,0 139.734155,35.606338,0 139.734168,35.606296,0 139.734171,35.606208,0 139.734166,35.606169,0 139.734174,35.606097,0 139.734193,35.606054,0 139.734277,35.605990,0 139.734538,35.605771,0 139.734608,35.605676,0 139.734969,35.605554,0 139.734878,35.604912,0 139.734807,35.604889,0 139.734641,35.604831,0 139.734355,35.604704,0 139.733910,35.604517,0 139.733697,35.604421,0 139.733552,35.604338,0 139.733364,35.604230,0 139.733258,35.604150,0 139.732774,35.603770,0 139.732723,35.603723,0 139.732618,35.603538,0 139.732284,35.603651,0 139.731842,35.603746,0 139.731524,35.603802,0 139.731251,35.603842,0 139.731157,35.603851,0 139.730986,35.603860,0 139.730871,35.604180,0 139.730661,35.604927,0 139.730458,35.605545,0 139.730336,35.605807,0 139.730135,35.606249,0 139.730135,35.606250,0 139.730069,35.606466,0 139.730037,35.606621,0 139.729983,35.606893,0 139.729943,35.607096,0 139.730292,35.607246,0 139.730417,35.607288,0 139.730535,35.607327,0 139.730676,35.607360,0 139.730791,35.607377,0 139.730909,35.607384,0 139.731247,35.607380,0 139.731328,35.607389,0 139.731680,35.607374,0</coordinates>
          </LinearRing>
        </outerBoundaryIs>
      </Polygon>
    </Placemark>
    <Placemark>
      <name>大井一丁目権現町会</name>
      <description>町会・自治会名: 大井一丁目権現町会
公式町会名: 大井一丁目権現町会
地域区分: 大井第二地域
住所区域: 大井1丁目 1番～19番
連絡先: 03-3777-4333
町会の紹介: 当町会は、JR大井町駅、東急、臨海等の交通機関も有り、大変賑わう町です。それだけに安心・安全・明るい街づくりに努力しております。町会としての行事も幾つもの楽しい行事を行っています。今後も町会長、役員が協力して今迄以上に町会員の皆様に喜んで頂けるよう努力していきたいと思います。
出典: https://www2.wagmap.jp/shinagawa/OpenDataDetail?lid=2100&amp;mids=110
https://www.city.shinagawa.tokyo.jp/PC/chiiki/chiiki-tyokai/chiiki-tyokai-ooi2/index.html
https://www.shinagawa-choukaijichikai.jp/association/
https://pc.tamemap.net/1310901/activities?utf8=%E2%9C%93&amp;area=&amp;category=%E7%94%BA%E4%BC%9A%E3%83%BB%E8%87%AA%E6%B2%BB%E4%BC%9A&amp;word=
https://www.shinagawa-choukaijichikai.jp/oiarea/461/</description>
      <styleUrl>#area-2</styleUrl>
      <ExtendedData>
        <Data name="町会・自治会名">
          <value>大井一丁目権現町会</value>
        </Data>
        <Data name="公式町会名">
          <value>大井一丁目権現町会</value>
        </Data>
        <Data name="地域区分">
          <value>大井第二地域</value>
        </Data>
        <Data name="住所区域">
          <value>大井1丁目 1番～19番</value>
        </Data>
        <Data name="町会長">
          <value />
        </Data>
        <Data name="代表者">
          <value />
        </Data>
        <Data name="連絡先">
          <value>03-3777-4333</value>
        </Data>
        <Data name="電話">
          <value />
        </Data>
        <Data name="メール">
          <value />
        </Data>
        <Data name="町会の紹介">
          <value>当町会は、JR大井町駅、東急、臨海等の交通機関も有り、大変賑わう町です。それだけに安心・安全・明るい街づくりに努力しております。町会としての行事も幾つもの楽しい行事を行っています。今後も町会長、役員が協力して今迄以上に町会員の皆様に喜んで頂けるよう努力していきたいと思います。</value>
        </Data>
        <Data name="活動実績">
          <value />
        </Data>
        <Data name="ホームページ">
          <value />
        </Data>
        <Data name="SNS">
          <value />
        </Data>
        <Data name="出典">
          <value>https://www2.wagmap.jp/shinagawa/OpenDataDetail?lid=2100&amp;mids=110
https://www.city.shinagawa.tokyo.jp/PC/chiiki/chiiki-tyokai/chiiki-tyokai-ooi2/index.html
https://www.shinagawa-choukaijichikai.jp/association/
https://pc.tamemap.net/1310901/activities?utf8=%E2%9C%93&amp;area=&amp;category=%E7%94%BA%E4%BC%9A%E3%83%BB%E8%87%AA%E6%B2%BB%E4%BC%9A&amp;word=
https://www.shinagawa-choukaijichikai.jp/oiarea/461/</value>
        </Data>
      </ExtendedData>
      <Polygon>
        <tessellate>1</tessellate>
        <altitudeMode>clampToGround</altitudeMode>
        <outerBoundaryIs>
          <LinearRing>
            <coordinates>139.730576,35.608102,0 139.732098,35.607913,0 139.732165,35.607915,0 139.732476,35.607872,0 139.732597,35.607853,0 139.732957,35.607816,0 139.734020,35.607794,0 139.734388,35.607788,0 139.735366,35.607684,0 139.735335,35.607450,0 139.735309,35.607290,0 139.735252,35.606969,0 139.735239,35.606874,0 139.735227,35.606800,0 139.735203,35.606756,0 139.735138,35.606666,0 139.735115,35.606598,0 139.735000,35.605774,0 139.734969,35.605554,0 139.734608,35.605676,0 139.734538,35.605771,0 139.734277,35.605990,0 139.734193,35.606054,0 139.734174,35.606097,0 139.734166,35.606169,0 139.734171,35.606208,0 139.734168,35.606296,0 139.734155,35.606338,0 139.734134,35.606373,0 139.734086,35.606409,0 139.734036,35.606424,0 139.733661,35.606427,0 139.733118,35.606658,0 139.732759,35.606765,0 139.732605,35.606806,0 139.732521,35.606831,0 139.732430,35.606870,0 139.732368,35.606904,0 139.732287,35.606954,0 139.732085,35.607134,0 139.732029,35.607184,0 139.731942,35.607256,0 139.731869,35.607308,0 139.731815,35.607338,0 139.731765,35.607356,0 139.731717,35.607368,0 139.731680,35.607374,0 139.731328,35.607389,0 139.731247,35.607380,0 139.730909,35.607384,0 139.730791,35.607377,0 139.730676,35.607360,0 139.730535,35.607327,0 139.730417,35.607288,0 139.730292,35.607246,0 139.729943,35.607096,0 139.729884,35.607353,0 139.729797,35.607862,0 139.729733,35.608180,0 139.730576,35.608102,0</coordinates>
          </LinearRing>
        </outerBoundaryIs>
      </Polygon>
    </Placemark>
    <Placemark>
      <name>真交町会</name>
      <description>町会・自治会名: 真交町会
公式町会名: 真交町会
地域区分: 品川第二地域
住所区域: 南品川2丁目 9番（11～13号、14号の一部） / 南品川2丁目 10番～13番 / 南品川2丁目 14番（1～7号、14～17号） / 南品川2丁目 15番（1～10号、15～22号）
連絡先: 03-3471-9340
町会の紹介: 東海道南馬場宿に位置する当町会は、令和元年で設立116年を迎えます。古さと新しさを調和させながら、事業・文化・防火防災・防犯・交通・衛生・婦人・青年部と8部が年間を通し、安心安全な町づくりを目指して日夜活動しております。
出典: https://www2.wagmap.jp/shinagawa/OpenDataDetail?lid=2100&amp;mids=110
https://www.city.shinagawa.tokyo.jp/PC/chiiki/chiiki-tyokai/hpg000011174.html
https://www.shinagawa-choukaijichikai.jp/association/
https://pc.tamemap.net/1310901/activities?utf8=%E2%9C%93&amp;area=&amp;category=%E7%94%BA%E4%BC%9A%E3%83%BB%E8%87%AA%E6%B2%BB%E4%BC%9A&amp;word=
https://www.shinagawa-choukaijichikai.jp/shinagawaarea/484/</description>
      <styleUrl>#area-2</styleUrl>
      <ExtendedData>
        <Data name="町会・自治会名">
          <value>真交町会</value>
        </Data>
        <Data name="公式町会名">
          <value>真交町会</value>
        </Data>
        <Data name="地域区分">
          <value>品川第二地域</value>
        </Data>
        <Data name="住所区域">
          <value>南品川2丁目 9番（11～13号、14号の一部） / 南品川2丁目 10番～13番 / 南品川2丁目 14番（1～7号、14～17号） / 南品川2丁目 15番（1～10号、15～22号）</value>
        </Data>
        <Data name="町会長">
          <value />
        </Data>
        <Data name="代表者">
          <value />
        </Data>
        <Data name="連絡先">
          <value>03-3471-9340</value>
        </Data>
        <Data name="電話">
          <value />
        </Data>
        <Data name="メール">
          <value />
        </Data>
        <Data name="町会の紹介">
          <value>東海道南馬場宿に位置する当町会は、令和元年で設立116年を迎えます。古さと新しさを調和させながら、事業・文化・防火防災・防犯・交通・衛生・婦人・青年部と8部が年間を通し、安心安全な町づくりを目指して日夜活動しております。</value>
        </Data>
        <Data name="活動実績">
          <value />
        </Data>
        <Data name="ホームページ">
          <value />
        </Data>
        <Data name="SNS">
          <value />
        </Data>
        <Data name="出典">
          <value>https://www2.wagmap.jp/shinagawa/OpenDataDetail?lid=2100&amp;mids=110
https://www.city.shinagawa.tokyo.jp/PC/chiiki/chiiki-tyokai/hpg000011174.html
https://www.shinagawa-choukaijichikai.jp/association/
https://pc.tamemap.net/1310901/activities?utf8=%E2%9C%93&amp;area=&amp;category=%E7%94%BA%E4%BC%9A%E3%83%BB%E8%87%AA%E6%B2%BB%E4%BC%9A&amp;word=
https://www.shinagawa-choukaijichikai.jp/shinagawaarea/484/</value>
        </Data>
      </ExtendedData>
      <Polygon>
        <tessellate>1</tessellate>
        <altitudeMode>clampToGround</altitudeMode>
        <outerBoundaryIs>
          <LinearRing>
            <coordinates>139.744537,35.614610,0 139.745010,35.614557,0 139.744980,35.614446,0 139.744933,35.614148,0 139.744864,35.613686,0 139.744837,35.613529,0 139.744441,35.613528,0 139.744450,35.613603,0 139.744052,35.613604,0 139.744052,35.613453,0 139.743960,35.613448,0 139.743803,35.613461,0 139.743415,35.613499,0 139.743431,35.613613,0 139.743443,35.613741,0 139.743449,35.613838,0 139.743452,35.613935,0 139.742647,35.613973,0 139.742669,35.614043,0 139.742511,35.614044,0 139.742492,35.614334,0 139.742501,35.614335,0 139.742511,35.614351,0 139.742536,35.614353,0 139.742522,35.614505,0 139.742858,35.614503,0 139.742897,35.614505,0 139.742897,35.614524,0 139.743181,35.614522,0 139.743181,35.614482,0 139.743249,35.614475,0 139.743265,35.614512,0 139.743342,35.614508,0 139.743337,35.614476,0 139.743506,35.614461,0 139.743523,35.614648,0 139.743733,35.614649,0 139.744091,35.614651,0 139.744537,35.614610,0</coordinates>
          </LinearRing>
        </outerBoundaryIs>
      </Polygon>
    </Placemark>
    <Placemark>
      <name>平塚一丁目南部町会</name>
      <description>町会・自治会名: 平塚一丁目南部町会
公式町会名: 平塚一丁目南部町会
地域区分: 荏原第三地域
住所区域: 平塚1丁目 10番～21番
町会の紹介: 当町会は、安心・安全なまちづくりに向け、防災活動・防犯活動・登下校の見守り活動・青少年の健全育成活動など、積極的に取り組むとともに、レクリエーション等も行っています。ご加入をお待ちしています。
出典: https://www2.wagmap.jp/shinagawa/OpenDataDetail?lid=2100&amp;mids=110
https://www.city.shinagawa.tokyo.jp/PC/chiiki/chiiki-tyokai/hpg000011182.html
https://www.shinagawa-choukaijichikai.jp/association/
https://pc.tamemap.net/1310901/activities?utf8=%E2%9C%93&amp;area=&amp;category=%E7%94%BA%E4%BC%9A%E3%83%BB%E8%87%AA%E6%B2%BB%E4%BC%9A&amp;word=
https://www.shinagawa-choukaijichikai.jp/ebaraarea/521/</description>
      <styleUrl>#area-1</styleUrl>
      <ExtendedData>
        <Data name="町会・自治会名">
          <value>平塚一丁目南部町会</value>
        </Data>
        <Data name="公式町会名">
          <value>平塚一丁目南部町会</value>
        </Data>
        <Data name="地域区分">
          <value>荏原第三地域</value>
        </Data>
        <Data name="住所区域">
          <value>平塚1丁目 10番～21番</value>
        </Data>
        <Data name="町会長">
          <value />
        </Data>
        <Data name="代表者">
          <value />
        </Data>
        <Data name="連絡先">
          <value />
        </Data>
        <Data name="電話">
          <value />
        </Data>
        <Data name="メール">
          <value />
        </Data>
        <Data name="町会の紹介">
          <value>当町会は、安心・安全なまちづくりに向け、防災活動・防犯活動・登下校の見守り活動・青少年の健全育成活動など、積極的に取り組むとともに、レクリエーション等も行っています。ご加入をお待ちしています。</value>
        </Data>
        <Data name="活動実績">
          <value />
        </Data>
        <Data name="ホームページ">
          <value />
        </Data>
        <Data name="SNS">
          <value />
        </Data>
        <Data name="出典">
          <value>https://www2.wagmap.jp/shinagawa/OpenDataDetail?lid=2100&amp;mids=110
https://www.city.shinagawa.tokyo.jp/PC/chiiki/chiiki-tyokai/hpg000011182.html
https://www.shinagawa-choukaijichikai.jp/association/
https://pc.tamemap.net/1310901/activities?utf8=%E2%9C%93&amp;area=&amp;category=%E7%94%BA%E4%BC%9A%E3%83%BB%E8%87%AA%E6%B2%BB%E4%BC%9A&amp;word=
https://www.shinagawa-choukaijichikai.jp/ebaraarea/521/</value>
        </Data>
      </ExtendedData>
      <Polygon>
        <tessellate>1</tessellate>
        <altitudeMode>clampToGround</altitudeMode>
        <outerBoundaryIs>
          <LinearRing>
            <coordinates>139.714757,35.614891,0 139.714799,35.614881,0 139.715582,35.614697,0 139.715647,35.614684,0 139.716372,35.614523,0 139.716207,35.614076,0 139.715290,35.611588,0 139.715039,35.611669,0 139.714712,35.611808,0 139.714410,35.611994,0 139.714001,35.612287,0 139.713851,35.612389,0 139.713543,35.612553,0 139.713365,35.612622,0 139.714025,35.614059,0 139.714341,35.614728,0 139.714447,35.614962,0 139.714757,35.614891,0</coordinates>
          </LinearRing>
        </outerBoundaryIs>
      </Polygon>
    </Placemark>
    <Placemark>
      <name>戸越二丁目町会</name>
      <description>町会・自治会名: 戸越二丁目町会
公式町会名: 戸越二丁目町会
地域区分: 荏原第三地域
住所区域: 戸越2丁目 全域
連絡先: 090-2167-5874
町会の紹介: 戸越八幡神社が中央に位置し、例大祭の宮元町会です。各種行事を通して、普段からのお付き合いを大切にして、発災時の自助・共助・近助を目指して活動して居ります。新たな町会員を大歓迎致します。
出典: https://www2.wagmap.jp/shinagawa/OpenDataDetail?lid=2100&amp;mids=110
https://www.city.shinagawa.tokyo.jp/PC/chiiki/chiiki-tyokai/hpg000011182.html
https://www.shinagawa-choukaijichikai.jp/association/
https://pc.tamemap.net/1310901/activities?utf8=%E2%9C%93&amp;area=&amp;category=%E7%94%BA%E4%BC%9A%E3%83%BB%E8%87%AA%E6%B2%BB%E4%BC%9A&amp;word=
https://www.shinagawa-choukaijichikai.jp/ebaraarea/532/</description>
      <styleUrl>#area-3</styleUrl>
      <ExtendedData>
        <Data name="町会・自治会名">
          <value>戸越二丁目町会</value>
        </Data>
        <Data name="公式町会名">
          <value>戸越二丁目町会</value>
        </Data>
        <Data name="地域区分">
          <value>荏原第三地域</value>
        </Data>
        <Data name="住所区域">
          <value>戸越2丁目 全域</value>
        </Data>
        <Data name="町会長">
          <value />
        </Data>
        <Data name="代表者">
          <value />
        </Data>
        <Data name="連絡先">
          <value>090-2167-5874</value>
        </Data>
        <Data name="電話">
          <value />
        </Data>
        <Data name="メール">
          <value />
        </Data>
        <Data name="町会の紹介">
          <value>戸越八幡神社が中央に位置し、例大祭の宮元町会です。各種行事を通して、普段からのお付き合いを大切にして、発災時の自助・共助・近助を目指して活動して居ります。新たな町会員を大歓迎致します。</value>
        </Data>
        <Data name="活動実績">
          <value />
        </Data>
        <Data name="ホームページ">
          <value />
        </Data>
        <Data name="SNS">
          <value />
        </Data>
        <Data name="出典">
          <value>https://www2.wagmap.jp/shinagawa/OpenDataDetail?lid=2100&amp;mids=110
https://www.city.shinagawa.tokyo.jp/PC/chiiki/chiiki-tyokai/hpg000011182.html
https://www.shinagawa-choukaijichikai.jp/association/
https://pc.tamemap.net/1310901/activities?utf8=%E2%9C%93&amp;area=&amp;category=%E7%94%BA%E4%BC%9A%E3%83%BB%E8%87%AA%E6%B2%BB%E4%BC%9A&amp;word=
https://www.shinagawa-choukaijichikai.jp/ebaraarea/532/</value>
        </Data>
      </ExtendedData>
      <Polygon>
        <tessellate>1</tessellate>
        <altitudeMode>clampToGround</altitudeMode>
        <outerBoundaryIs>
          <LinearRing>
            <coordinates>139.719680,35.614731,0 139.720281,35.614606,0 139.720658,35.614527,0 139.721033,35.614448,0 139.721381,35.614384,0 139.721782,35.614315,0 139.722087,35.614265,0 139.721875,35.613508,0 139.721736,35.613048,0 139.721567,35.612565,0 139.721547,35.612520,0 139.721533,35.612501,0 139.721040,35.612472,0 139.720672,35.612454,0 139.720539,35.612835,0 139.720530,35.612845,0 139.720501,35.612856,0 139.719714,35.612998,0 139.719603,35.613022,0 139.718551,35.613038,0 139.717602,35.613059,0 139.717766,35.614048,0 139.717803,35.614265,0 139.717935,35.615058,0 139.719680,35.614731,0</coordinates>
          </LinearRing>
        </outerBoundaryIs>
      </Polygon>
    </Placemark>
    <Placemark>
      <name>西品川三ツ木会</name>
      <description>町会・自治会名: 西品川三ツ木会
公式町会名: 西品川三ツ木会
地域区分: 大崎第二地域
住所区域: 西品川2丁目 1番～2番 / 西品川2丁目 4番～8番 / 西品川2丁目 9番（2～4号、22号の一部） / 西品川2丁目 10番（1～5、20号） / 西品川2丁目 11番 / 西品川2丁目 12番（1～15号、21号） / 西品川2丁目 13番～16番 / 西品川2丁目 20番（1～11、17～19号） / 豊町1丁目 2番（4、6～15号）
町会長: 須田 実
連絡先: 090-4453-5485
町会の紹介: 西品川三ツ木会は、交流親睦を図るため、お花見会、バスハイク、貴船神社祭礼、美化運動、親子クリスマス会、親子歓送迎会、交通安全運動、防火防犯パトロール、資源回収を行っております。安心安全な町づくりのため、より多くの方々のご協力が、必要です。
出典: https://www2.wagmap.jp/shinagawa/OpenDataDetail?lid=2100&amp;mids=110
https://www.city.shinagawa.tokyo.jp/PC/chiiki/chiiki-tyokai/hpg000011176.html
https://www.shinagawa-choukaijichikai.jp/association/
https://pc.tamemap.net/1310901/activities?utf8=%E2%9C%93&amp;area=&amp;category=%E7%94%BA%E4%BC%9A%E3%83%BB%E8%87%AA%E6%B2%BB%E4%BC%9A&amp;word=
https://www.shinagawa-choukaijichikai.jp/osakiarea/429/</description>
      <styleUrl>#area-0</styleUrl>
      <ExtendedData>
        <Data name="町会・自治会名">
          <value>西品川三ツ木会</value>
        </Data>
        <Data name="公式町会名">
          <value>西品川三ツ木会</value>
        </Data>
        <Data name="地域区分">
          <value>大崎第二地域</value>
        </Data>
        <Data name="住所区域">
          <value>西品川2丁目 1番～2番 / 西品川2丁目 4番～8番 / 西品川2丁目 9番（2～4号、22号の一部） / 西品川2丁目 10番（1～5、20号） / 西品川2丁目 11番 / 西品川2丁目 12番（1～15号、21号） / 西品川2丁目 13番～16番 / 西品川2丁目 20番（1～11、17～19号） / 豊町1丁目 2番（4、6～15号）</value>
        </Data>
        <Data name="町会長">
          <value>須田 実</value>
        </Data>
        <Data name="代表者">
          <value />
        </Data>
        <Data name="連絡先">
          <value>090-4453-5485</value>
        </Data>
        <Data name="電話">
          <value />
        </Data>
        <Data name="メール">
          <value />
        </Data>
        <Data name="町会の紹介">
          <value>西品川三ツ木会は、交流親睦を図るため、お花見会、バスハイク、貴船神社祭礼、美化運動、親子クリスマス会、親子歓送迎会、交通安全運動、防火防犯パトロール、資源回収を行っております。安心安全な町づくりのため、より多くの方々のご協力が、必要です。</value>
        </Data>
        <Data name="活動実績">
          <value />
        </Data>
        <Data name="ホームページ">
          <value />
        </Data>
        <Data name="SNS">
          <value />
        </Data>
        <Data name="出典">
          <value>https://www2.wagmap.jp/shinagawa/OpenDataDetail?lid=2100&amp;mids=110
https://www.city.shinagawa.tokyo.jp/PC/chiiki/chiiki-tyokai/hpg000011176.html
https://www.shinagawa-choukaijichikai.jp/association/
https://pc.tamemap.net/1310901/activities?utf8=%E2%9C%93&amp;area=&amp;category=%E7%94%BA%E4%BC%9A%E3%83%BB%E8%87%AA%E6%B2%BB%E4%BC%9A&amp;word=
https://www.shinagawa-choukaijichikai.jp/osakiarea/429/</value>
        </Data>
      </ExtendedData>
      <Polygon>
        <tessellate>1</tessellate>
        <altitudeMode>clampToGround</altitudeMode>
        <outerBoundaryIs>
          <LinearRing>
            <coordinates>139.723691,35.615128,0 139.723725,35.615112,0 139.723768,35.615093,0 139.723869,35.615040,0 139.723931,35.615006,0 139.723970,35.614980,0 139.723999,35.614957,0 139.724033,35.614934,0 139.724110,35.614865,0 139.724192,35.614815,0 139.724284,35.614770,0 139.724355,35.614748,0 139.724398,35.614741,0 139.724474,35.614742,0 139.724541,35.614751,0 139.724667,35.614757,0 139.724776,35.614768,0 139.724928,35.614794,0 139.725376,35.614903,0 139.725467,35.614921,0 139.725673,35.614936,0 139.725776,35.614923,0 139.726069,35.614867,0 139.726143,35.614825,0 139.726346,35.614833,0 139.726420,35.614840,0 139.726652,35.614869,0 139.727073,35.614936,0 139.727285,35.614973,0 139.727367,35.614986,0 139.727433,35.614999,0 139.727595,35.615021,0 139.727662,35.615029,0 139.727742,35.615021,0 139.727789,35.615007,0 139.727935,35.614950,0 139.727979,35.614933,0 139.728043,35.614920,0 139.728136,35.614907,0 139.728208,35.614898,0 139.728287,35.614890,0 139.728361,35.614883,0 139.728428,35.614877,0 139.728575,35.614836,0 139.728662,35.614806,0 139.728691,35.614782,0 139.728727,35.614755,0 139.728726,35.614737,0 139.728731,35.614674,0 139.728739,35.614637,0 139.728748,35.614589,0 139.728797,35.614378,0 139.728827,35.614300,0 139.729002,35.614177,0 139.728913,35.613953,0 139.728901,35.613910,0 139.728844,35.613787,0 139.728790,35.613673,0 139.728725,35.613552,0 139.728431,35.613076,0 139.728366,35.612960,0 139.728204,35.612707,0 139.728143,35.612592,0 139.728088,35.612530,0 139.727988,35.612423,0 139.727959,35.612386,0 139.727908,35.612318,0 139.727810,35.612175,0 139.727641,35.612339,0 139.727301,35.612726,0 139.726515,35.612736,0 139.726506,35.612583,0 139.726496,35.612507,0 139.726464,35.612443,0 139.726320,35.612317,0 139.726137,35.612106,0 139.725938,35.612182,0 139.725937,35.612175,0 139.725832,35.612224,0 139.725816,35.612200,0 139.725671,35.612268,0 139.725691,35.612299,0 139.725446,35.612395,0 139.725545,35.613319,0 139.726094,35.613258,0 139.726119,35.613507,0 139.726131,35.613610,0 139.725603,35.613649,0 139.725595,35.613579,0 139.725548,35.613583,0 139.725353,35.613588,0 139.725351,35.613575,0 139.725213,35.613570,0 139.724946,35.613562,0 139.724943,35.613659,0 139.724869,35.613656,0 139.724816,35.613654,0 139.724368,35.613744,0 139.724406,35.613873,0 139.724126,35.613928,0 139.724071,35.614328,0 139.724064,35.614441,0 139.724083,35.614516,0 139.724085,35.614559,0 139.724079,35.614604,0 139.724056,35.614652,0 139.724022,35.614696,0 139.723985,35.614727,0 139.723920,35.614773,0 139.723829,35.614835,0 139.723732,35.614899,0 139.723611,35.614971,0 139.723551,35.615014,0 139.723565,35.615018,0 139.723579,35.615034,0 139.723605,35.615150,0 139.723619,35.615156,0 139.723636,35.615157,0 139.723691,35.615128,0</coordinates>
          </LinearRing>
        </outerBoundaryIs>
      </Polygon>
    </Placemark>
    <Placemark>
      <name>豊町一丁目町会</name>
      <description>町会・自治会名: 豊町一丁目町会
公式町会名: 豊町一丁目町会
地域区分: 荏原第五地域
住所区域: 西品川2丁目 9番（1、15～21号、22号の一部） / 豊町1丁目 1番 / 豊町1丁目 2番（1～3、5、15～24号） / 豊町1丁目 3番～18番
出典: https://www2.wagmap.jp/shinagawa/OpenDataDetail?lid=2100&amp;mids=110
https://www.city.shinagawa.tokyo.jp/PC/chiiki/chiiki-tyokai/hpg000011184.html
https://www.shinagawa-choukaijichikai.jp/association/
https://pc.tamemap.net/1310901/activities?utf8=%E2%9C%93&amp;area=&amp;category=%E7%94%BA%E4%BC%9A%E3%83%BB%E8%87%AA%E6%B2%BB%E4%BC%9A&amp;word=
https://www.shinagawa-choukaijichikai.jp/ebaraarea/552/</description>
      <styleUrl>#area-1</styleUrl>
      <ExtendedData>
        <Data name="町会・自治会名">
          <value>豊町一丁目町会</value>
        </Data>
        <Data name="公式町会名">
          <value>豊町一丁目町会</value>
        </Data>
        <Data name="地域区分">
          <value>荏原第五地域</value>
        </Data>
        <Data name="住所区域">
          <value>西品川2丁目 9番（1、15～21号、22号の一部） / 豊町1丁目 1番 / 豊町1丁目 2番（1～3、5、15～24号） / 豊町1丁目 3番～18番</value>
        </Data>
        <Data name="町会長">
          <value />
        </Data>
        <Data name="代表者">
          <value />
        </Data>
        <Data name="連絡先">
          <value />
        </Data>
        <Data name="電話">
          <value />
        </Data>
        <Data name="メール">
          <value />
        </Data>
        <Data name="町会の紹介">
          <value />
        </Data>
        <Data name="活動実績">
          <value />
        </Data>
        <Data name="ホームページ">
          <value />
        </Data>
        <Data name="SNS">
          <value />
        </Data>
        <Data name="出典">
          <value>https://www2.wagmap.jp/shinagawa/OpenDataDetail?lid=2100&amp;mids=110
https://www.city.shinagawa.tokyo.jp/PC/chiiki/chiiki-tyokai/hpg000011184.html
https://www.shinagawa-choukaijichikai.jp/association/
https://pc.tamemap.net/1310901/activities?utf8=%E2%9C%93&amp;area=&amp;category=%E7%94%BA%E4%BC%9A%E3%83%BB%E8%87%AA%E6%B2%BB%E4%BC%9A&amp;word=
https://www.shinagawa-choukaijichikai.jp/ebaraarea/552/</value>
        </Data>
      </ExtendedData>
      <Polygon>
        <tessellate>1</tessellate>
        <altitudeMode>clampToGround</altitudeMode>
        <outerBoundaryIs>
          <LinearRing>
            <coordinates>139.722704,35.615302,0 139.722782,35.615298,0 139.722847,35.615279,0 139.722894,35.615268,0 139.722947,35.615253,0 139.722947,35.615253,0 139.723196,35.615181,0 139.723248,35.615166,0 139.723354,35.615115,0 139.723397,35.615095,0 139.723503,35.615032,0 139.723551,35.615014,0 139.723611,35.614971,0 139.723732,35.614899,0 139.723829,35.614835,0 139.723920,35.614773,0 139.723985,35.614727,0 139.724022,35.614696,0 139.724056,35.614652,0 139.724079,35.614604,0 139.724085,35.614559,0 139.724083,35.614516,0 139.724064,35.614441,0 139.724071,35.614328,0 139.724126,35.613928,0 139.724406,35.613873,0 139.724368,35.613744,0 139.724308,35.613535,0 139.724160,35.613031,0 139.724185,35.613028,0 139.724177,35.612950,0 139.724161,35.612822,0 139.724095,35.612412,0 139.724074,35.612307,0 139.724066,35.612241,0 139.724033,35.612032,0 139.723663,35.612026,0 139.723713,35.611315,0 139.722356,35.611245,0 139.721862,35.611231,0 139.720371,35.611172,0 139.720366,35.611213,0 139.720313,35.611726,0 139.720294,35.612042,0 139.720281,35.612282,0 139.720281,35.612441,0 139.720554,35.612452,0 139.720672,35.612454,0 139.721040,35.612472,0 139.721533,35.612501,0 139.721547,35.612520,0 139.721567,35.612565,0 139.721736,35.613048,0 139.721875,35.613508,0 139.722087,35.614265,0 139.721782,35.614315,0 139.721871,35.614762,0 139.721877,35.614800,0 139.721886,35.614832,0 139.721932,35.614902,0 139.722228,35.615331,0 139.722704,35.615302,0</coordinates>
          </LinearRing>
        </outerBoundaryIs>
      </Polygon>
    </Placemark>
    <Placemark>
      <name>小山六丁目町会</name>
      <description>町会・自治会名: 小山六丁目町会
公式町会名: 小山六丁目町会
地域区分: 荏原第二地域
住所区域: 小山6丁目 全域
代表者: 石坂 啓
連絡先: 090-3533-1440
電話: 090-3533-1440
メール: ishizaka.h1106@ymail.ne.jp
町会の紹介: 小山六丁目町会: 小山六丁目町会は、東急目黒線の西小山駅から東に広がる、約2,500世帯を有する町会です。 当町会では、会員相互の親睦と誰もが安心・安全に暮らせる街づくりを目指して、４月の桜まつり、９月の両社祭等の行事の他、西小山きんもくクラブやはなはな会における清掃活動や西小山緑道の花壇管理、近隣セキュリティへの協力、防犯パトロールや夜警等、年間を通し活動しています。 / 小山六丁目町会: 小山六丁目町会は、東急目黒線の西小山駅から東に広がる、約2,500世帯を有する町会です。 / 当町会では、会員相互の親睦と誰もが安心・安全に暮らせる街づくりを目指して、4月の桜まつり、8月の盆踊り、9月の両社祭等の行事の他、西小山きんもくクラブやはなはな会における清掃活動や西小山緑道の花壇管理、近隣セキュリティへの協力、防犯パトロールや夜警等、年間を通して活動を行っています。
活動実績: ・防災活動（防災訓練：11月総合防災訓練等、備蓄品の整備等） / ・防犯活動（地域の見守り、防犯パトロール等） / ・環境美化（清掃活動、西小山緑道の花壇の管理、ごみ問題の改善等） / ・地域交流（イベント：桜まつり（4月）等、お祭り：小山八幡神社連合渡御、小山両社祭（9月）等） / ・見守り活動（民生委員との協働により高齢者や子ども等への支援等）
出典: https://www2.wagmap.jp/shinagawa/OpenDataDetail?lid=2100&amp;mids=110
https://www.city.shinagawa.tokyo.jp/PC/chiiki/chiiki-tyokai/hpg000011181.html
https://www.shinagawa-choukaijichikai.jp/association/
https://pc.tamemap.net/1310901/activities?utf8=%E2%9C%93&amp;area=&amp;category=%E7%94%BA%E4%BC%9A%E3%83%BB%E8%87%AA%E6%B2%BB%E4%BC%9A&amp;word=
https://www.shinagawa-choukaijichikai.jp/ebaraarea/476/
https://pc.tamemap.net/1310901/activities/13109010198</description>
      <styleUrl>#area-3</styleUrl>
      <ExtendedData>
        <Data name="町会・自治会名">
          <value>小山六丁目町会</value>
        </Data>
        <Data name="公式町会名">
          <value>小山六丁目町会</value>
        </Data>
        <Data name="地域区分">
          <value>荏原第二地域</value>
        </Data>
        <Data name="住所区域">
          <value>小山6丁目 全域</value>
        </Data>
        <Data name="町会長">
          <value />
        </Data>
        <Data name="代表者">
          <value>石坂 啓</value>
        </Data>
        <Data name="連絡先">
          <value>090-3533-1440</value>
        </Data>
        <Data name="電話">
          <value>090-3533-1440</value>
        </Data>
        <Data name="メール">
          <value>ishizaka.h1106@ymail.ne.jp</value>
        </Data>
        <Data name="町会の紹介">
          <value>小山六丁目町会: 小山六丁目町会は、東急目黒線の西小山駅から東に広がる、約2,500世帯を有する町会です。 当町会では、会員相互の親睦と誰もが安心・安全に暮らせる街づくりを目指して、４月の桜まつり、９月の両社祭等の行事の他、西小山きんもくクラブやはなはな会における清掃活動や西小山緑道の花壇管理、近隣セキュリティへの協力、防犯パトロールや夜警等、年間を通し活動しています。 / 小山六丁目町会: 小山六丁目町会は、東急目黒線の西小山駅から東に広がる、約2,500世帯を有する町会です。 / 当町会では、会員相互の親睦と誰もが安心・安全に暮らせる街づくりを目指して、4月の桜まつり、8月の盆踊り、9月の両社祭等の行事の他、西小山きんもくクラブやはなはな会における清掃活動や西小山緑道の花壇管理、近隣セキュリティへの協力、防犯パトロールや夜警等、年間を通して活動を行っています。</value>
        </Data>
        <Data name="活動実績">
          <value>・防災活動（防災訓練：11月総合防災訓練等、備蓄品の整備等） / ・防犯活動（地域の見守り、防犯パトロール等） / ・環境美化（清掃活動、西小山緑道の花壇の管理、ごみ問題の改善等） / ・地域交流（イベント：桜まつり（4月）等、お祭り：小山八幡神社連合渡御、小山両社祭（9月）等） / ・見守り活動（民生委員との協働により高齢者や子ども等への支援等）</value>
        </Data>
        <Data name="ホームページ">
          <value />
        </Data>
        <Data name="SNS">
          <value />
        </Data>
        <Data name="出典">
          <value>https://www2.wagmap.jp/shinagawa/OpenDataDetail?lid=2100&amp;mids=110
https://www.city.shinagawa.tokyo.jp/PC/chiiki/chiiki-tyokai/hpg000011181.html
https://www.shinagawa-choukaijichikai.jp/association/
https://pc.tamemap.net/1310901/activities?utf8=%E2%9C%93&amp;area=&amp;category=%E7%94%BA%E4%BC%9A%E3%83%BB%E8%87%AA%E6%B2%BB%E4%BC%9A&amp;word=
https://www.shinagawa-choukaijichikai.jp/ebaraarea/476/
https://pc.tamemap.net/1310901/activities/13109010198</value>
        </Data>
      </ExtendedData>
      <Polygon>
        <tessellate>1</tessellate>
        <altitudeMode>clampToGround</altitudeMode>
        <outerBoundaryIs>
          <LinearRing>
            <coordinates>139.699329,35.615638,0 139.699649,35.615211,0 139.699726,35.615119,0 139.700153,35.614569,0 139.700233,35.614412,0 139.700282,35.614275,0 139.700873,35.612818,0 139.700891,35.612773,0 139.700873,35.612770,0 139.700380,35.612676,0 139.699670,35.612584,0 139.698289,35.612404,0 139.698317,35.612098,0 139.697980,35.612090,0 139.697523,35.612103,0 139.697350,35.612120,0 139.697107,35.612137,0 139.696984,35.612153,0 139.696813,35.612181,0 139.696666,35.612208,0 139.696378,35.612284,0 139.696212,35.612325,0 139.696065,35.612359,0 139.695603,35.612457,0 139.695605,35.612480,0 139.695612,35.612536,0 139.695736,35.613392,0 139.695758,35.613578,0 139.695820,35.613653,0 139.696187,35.614102,0 139.696383,35.614340,0 139.696455,35.614386,0 139.697248,35.614877,0 139.697480,35.614691,0 139.697634,35.614786,0 139.698306,35.615237,0 139.698557,35.615559,0 139.698722,35.615674,0 139.698793,35.615759,0 139.698843,35.615819,0 139.699023,35.616015,0 139.699329,35.615638,0</coordinates>
          </LinearRing>
        </outerBoundaryIs>
      </Polygon>
    </Placemark>
    <Placemark>
      <name>協力睦会</name>
      <description>町会・自治会名: 協力睦会
公式町会名: 協力睦会
地域区分: 大崎第二地域
住所区域: 西品川1丁目 1番～7番 / 西品川1丁目 8番（2、8、13、16号） / 西品川1丁目 9番～10番 / 西品川1丁目 11番（1～4号） / 西品川1丁目 12番（11、13、14号） / 西品川1丁目 17番
連絡先: 03-3492-5629
町会の紹介: 協力睦会の目的は会員相互の親睦を深め、住民の道義を向上し、地域社会の安全と秩序保持に寄与し、青少年育成及び会員の共同福祉増進を図ることとしています。貴船神社祭礼、納涼祭、子供バスハイク、敬老会、餅つき大会、大崎ガーデンタワー桜まつり等活発な事業を展開しています。
出典: https://www2.wagmap.jp/shinagawa/OpenDataDetail?lid=2100&amp;mids=110
https://www.city.shinagawa.tokyo.jp/PC/chiiki/chiiki-tyokai/hpg000011176.html
https://www.shinagawa-choukaijichikai.jp/association/
https://pc.tamemap.net/1310901/activities?utf8=%E2%9C%93&amp;area=&amp;category=%E7%94%BA%E4%BC%9A%E3%83%BB%E8%87%AA%E6%B2%BB%E4%BC%9A&amp;word=
https://www.shinagawa-choukaijichikai.jp/osakiarea/414/</description>
      <styleUrl>#area-2</styleUrl>
      <ExtendedData>
        <Data name="町会・自治会名">
          <value>協力睦会</value>
        </Data>
        <Data name="公式町会名">
          <value>協力睦会</value>
        </Data>
        <Data name="地域区分">
          <value>大崎第二地域</value>
        </Data>
        <Data name="住所区域">
          <value>西品川1丁目 1番～7番 / 西品川1丁目 8番（2、8、13、16号） / 西品川1丁目 9番～10番 / 西品川1丁目 11番（1～4号） / 西品川1丁目 12番（11、13、14号） / 西品川1丁目 17番</value>
        </Data>
        <Data name="町会長">
          <value />
        </Data>
        <Data name="代表者">
          <value />
        </Data>
        <Data name="連絡先">
          <value>03-3492-5629</value>
        </Data>
        <Data name="電話">
          <value />
        </Data>
        <Data name="メール">
          <value />
        </Data>
        <Data name="町会の紹介">
          <value>協力睦会の目的は会員相互の親睦を深め、住民の道義を向上し、地域社会の安全と秩序保持に寄与し、青少年育成及び会員の共同福祉増進を図ることとしています。貴船神社祭礼、納涼祭、子供バスハイク、敬老会、餅つき大会、大崎ガーデンタワー桜まつり等活発な事業を展開しています。</value>
        </Data>
        <Data name="活動実績">
          <value />
        </Data>
        <Data name="ホームページ">
          <value />
        </Data>
        <Data name="SNS">
          <value />
        </Data>
        <Data name="出典">
          <value>https://www2.wagmap.jp/shinagawa/OpenDataDetail?lid=2100&amp;mids=110
https://www.city.shinagawa.tokyo.jp/PC/chiiki/chiiki-tyokai/hpg000011176.html
https://www.shinagawa-choukaijichikai.jp/association/
https://pc.tamemap.net/1310901/activities?utf8=%E2%9C%93&amp;area=&amp;category=%E7%94%BA%E4%BC%9A%E3%83%BB%E8%87%AA%E6%B2%BB%E4%BC%9A&amp;word=
https://www.shinagawa-choukaijichikai.jp/osakiarea/414/</value>
        </Data>
      </ExtendedData>
      <Polygon>
        <tessellate>1</tessellate>
        <altitudeMode>clampToGround</altitudeMode>
        <outerBoundaryIs>
          <LinearRing>
            <coordinates>139.731031,35.615996,0 139.731436,35.615496,0 139.731532,35.615356,0 139.731693,35.615104,0 139.731775,35.614961,0 139.731800,35.614907,0 139.731826,35.614833,0 139.731844,35.614766,0 139.731867,35.614696,0 139.731923,35.614443,0 139.731932,35.614338,0 139.731961,35.614051,0 139.731956,35.613966,0 139.731947,35.613890,0 139.731918,35.613739,0 139.731893,35.613609,0 139.731887,35.613558,0 139.731882,35.613453,0 139.731880,35.613353,0 139.731871,35.613285,0 139.731851,35.613214,0 139.731828,35.613163,0 139.731606,35.612744,0 139.731564,35.612661,0 139.731526,35.612587,0 139.731477,35.612505,0 139.731426,35.612425,0 139.731359,35.612328,0 139.731321,35.612271,0 139.731281,35.612208,0 139.731192,35.612105,0 139.731145,35.612049,0 139.730923,35.611835,0 139.730902,35.611812,0 139.730644,35.611598,0 139.730317,35.611361,0 139.730282,35.611360,0 139.730145,35.611367,0 139.730123,35.611376,0 139.730105,35.611398,0 139.730391,35.612316,0 139.730394,35.612357,0 139.730521,35.612682,0 139.730483,35.612690,0 139.730197,35.612775,0 139.730189,35.612777,0 139.729978,35.612848,0 139.729813,35.612523,0 139.728695,35.612885,0 139.728495,35.612468,0 139.728377,35.612508,0 139.728382,35.612529,0 139.728340,35.612528,0 139.728222,35.612509,0 139.728133,35.612485,0 139.728064,35.612457,0 139.727988,35.612423,0 139.728088,35.612530,0 139.728143,35.612592,0 139.728204,35.612707,0 139.728366,35.612960,0 139.728431,35.613076,0 139.728725,35.613552,0 139.728790,35.613673,0 139.728844,35.613787,0 139.728901,35.613910,0 139.728913,35.613953,0 139.729002,35.614177,0 139.729060,35.614290,0 139.729103,35.614377,0 139.729235,35.614569,0 139.729307,35.614671,0 139.729391,35.614777,0 139.729505,35.614914,0 139.729633,35.615076,0 139.729721,35.615176,0 139.729804,35.615260,0 139.729900,35.615351,0 139.729999,35.615442,0 139.730110,35.615527,0 139.730151,35.615561,0 139.730221,35.615612,0 139.730351,35.615703,0 139.730522,35.615807,0 139.730602,35.615858,0 139.730654,35.615883,0 139.730788,35.615956,0 139.730915,35.616019,0 139.730993,35.616052,0 139.731031,35.615996,0</coordinates>
          </LinearRing>
        </outerBoundaryIs>
      </Polygon>
    </Placemark>
    <Placemark>
      <name>明睦会</name>
      <description>町会・自治会名: 明睦会
公式町会名: 明睦会
地域区分: 品川第二地域
住所区域: 南品川1丁目 1番 / 南品川1丁目 10番（17～18号） / 南品川2丁目 1番 / 南品川2丁目 9番（1～2号） / 南品川4丁目 2番（1～22号） / 南品川4丁目 3番～4番 / 南品川4丁目 5番（6号、9～21号、8号の一部） / 南品川4丁目 17番～19番 / 南品川5丁目 1番（1～5号、22号）
町会の紹介: ゼームス坂下、品川銀座通り左右に位置する町会です。通りの中心に東関森稲荷神社があり、町の守り神として年2回お祭りしています。町人は結束が強く、地域安全防災防火の活動に参加しています。歳末警戒にも大勢参加してくれます。年寄・若手仲良く活動し、明るい町づくりにも参加している町会です。
出典: https://www2.wagmap.jp/shinagawa/OpenDataDetail?lid=2100&amp;mids=110
https://www.city.shinagawa.tokyo.jp/PC/chiiki/chiiki-tyokai/hpg000011174.html
https://www.shinagawa-choukaijichikai.jp/association/
https://pc.tamemap.net/1310901/activities?utf8=%E2%9C%93&amp;area=&amp;category=%E7%94%BA%E4%BC%9A%E3%83%BB%E8%87%AA%E6%B2%BB%E4%BC%9A&amp;word=
https://www.shinagawa-choukaijichikai.jp/shinagawaarea/488/</description>
      <styleUrl>#area-0</styleUrl>
      <ExtendedData>
        <Data name="町会・自治会名">
          <value>明睦会</value>
        </Data>
        <Data name="公式町会名">
          <value>明睦会</value>
        </Data>
        <Data name="地域区分">
          <value>品川第二地域</value>
        </Data>
        <Data name="住所区域">
          <value>南品川1丁目 1番 / 南品川1丁目 10番（17～18号） / 南品川2丁目 1番 / 南品川2丁目 9番（1～2号） / 南品川4丁目 2番（1～22号） / 南品川4丁目 3番～4番 / 南品川4丁目 5番（6号、9～21号、8号の一部） / 南品川4丁目 17番～19番 / 南品川5丁目 1番（1～5号、22号）</value>
        </Data>
        <Data name="町会長">
          <value />
        </Data>
        <Data name="代表者">
          <value />
        </Data>
        <Data name="連絡先">
          <value />
        </Data>
        <Data name="電話">
          <value />
        </Data>
        <Data name="メール">
          <value />
        </Data>
        <Data name="町会の紹介">
          <value>ゼームス坂下、品川銀座通り左右に位置する町会です。通りの中心に東関森稲荷神社があり、町の守り神として年2回お祭りしています。町人は結束が強く、地域安全防災防火の活動に参加しています。歳末警戒にも大勢参加してくれます。年寄・若手仲良く活動し、明るい町づくりにも参加している町会です。</value>
        </Data>
        <Data name="活動実績">
          <value />
        </Data>
        <Data name="ホームページ">
          <value />
        </Data>
        <Data name="SNS">
          <value />
        </Data>
        <Data name="出典">
          <value>https://www2.wagmap.jp/shinagawa/OpenDataDetail?lid=2100&amp;mids=110
https://www.city.shinagawa.tokyo.jp/PC/chiiki/chiiki-tyokai/hpg000011174.html
https://www.shinagawa-choukaijichikai.jp/association/
https://pc.tamemap.net/1310901/activities?utf8=%E2%9C%93&amp;area=&amp;category=%E7%94%BA%E4%BC%9A%E3%83%BB%E8%87%AA%E6%B2%BB%E4%BC%9A&amp;word=
https://www.shinagawa-choukaijichikai.jp/shinagawaarea/488/</value>
        </Data>
      </ExtendedData>
      <Polygon>
        <tessellate>1</tessellate>
        <altitudeMode>clampToGround</altitudeMode>
        <outerBoundaryIs>
          <LinearRing>
            <coordinates>139.741635,35.615679,0 139.741767,35.615645,0 139.742111,35.615557,0 139.742101,35.615517,0 139.742287,35.615488,0 139.742472,35.615470,0 139.742504,35.615038,0 139.742385,35.615026,0 139.742398,35.614915,0 139.742311,35.614910,0 139.742360,35.614619,0 139.742328,35.614617,0 139.742374,35.614324,0 139.742492,35.614334,0 139.742511,35.614044,0 139.742669,35.614043,0 139.742647,35.613973,0 139.742524,35.613914,0 139.742020,35.613856,0 139.742227,35.612864,0 139.742180,35.612863,0 139.741910,35.612817,0 139.741569,35.612748,0 139.741450,35.612729,0 139.741339,35.612711,0 139.741234,35.612695,0 139.741190,35.612658,0 139.741119,35.612648,0 139.741060,35.612646,0 139.741015,35.612639,0 139.740896,35.612613,0 139.740758,35.612586,0 139.740674,35.612573,0 139.740560,35.612560,0 139.740469,35.612554,0 139.740346,35.612554,0 139.740322,35.612430,0 139.740267,35.612213,0 139.739940,35.612236,0 139.739910,35.612215,0 139.739878,35.612295,0 139.739856,35.612362,0 139.739848,35.612437,0 139.739851,35.612635,0 139.739842,35.612652,0 139.739826,35.612661,0 139.739670,35.612666,0 139.739641,35.612669,0 139.739625,35.612671,0 139.739603,35.612689,0 139.739599,35.612717,0 139.739566,35.613222,0 139.739714,35.613225,0 139.739911,35.613242,0 139.739865,35.613378,0 139.739800,35.613371,0 139.739745,35.613624,0 139.739585,35.613617,0 139.739541,35.613659,0 139.739530,35.613730,0 139.739630,35.613733,0 139.739625,35.613911,0 139.739532,35.613899,0 139.739492,35.614062,0 139.739502,35.614156,0 139.739281,35.614170,0 139.739122,35.613943,0 139.738719,35.613965,0 139.738786,35.614198,0 139.739195,35.614174,0 139.739206,35.614442,0 139.739264,35.615799,0 139.739391,35.615784,0 139.739489,35.615777,0 139.739567,35.615770,0 139.739665,35.615771,0 139.739742,35.615777,0 139.739796,35.615786,0 139.739837,35.615798,0 139.739927,35.615818,0 139.740739,35.616012,0 139.741090,35.616094,0 139.741391,35.616169,0 139.741524,35.616198,0 139.741635,35.615679,0</coordinates>
          </LinearRing>
        </outerBoundaryIs>
      </Polygon>
    </Placemark>
    <Placemark>
      <name>町会名未登録区域</name>
      <description>町会・自治会名: 町会名未登録区域
出典: https://www2.wagmap.jp/shinagawa/OpenDataDetail?lid=2100&amp;mids=110
https://www.shinagawa-choukaijichikai.jp/association/
https://pc.tamemap.net/1310901/activities?utf8=%E2%9C%93&amp;area=&amp;category=%E7%94%BA%E4%BC%9A%E3%83%BB%E8%87%AA%E6%B2%BB%E4%BC%9A&amp;word=</description>
      <styleUrl>#area-unassigned</styleUrl>
      <ExtendedData>
        <Data name="町会・自治会名">
          <value>町会名未登録区域</value>
        </Data>
        <Data name="公式町会名">
          <value />
        </Data>
        <Data name="地域区分">
          <value />
        </Data>
        <Data name="住所区域">
          <value />
        </Data>
        <Data name="町会長">
          <value />
        </Data>
        <Data name="代表者">
          <value />
        </Data>
        <Data name="連絡先">
          <value />
        </Data>
        <Data name="電話">
          <value />
        </Data>
        <Data name="メール">
          <value />
        </Data>
        <Data name="町会の紹介">
          <value />
        </Data>
        <Data name="活動実績">
          <value />
        </Data>
        <Data name="ホームページ">
          <value />
        </Data>
        <Data name="SNS">
          <value />
        </Data>
        <Data name="出典">
          <value>https://www2.wagmap.jp/shinagawa/OpenDataDetail?lid=2100&amp;mids=110
https://www.shinagawa-choukaijichikai.jp/association/
https://pc.tamemap.net/1310901/activities?utf8=%E2%9C%93&amp;area=&amp;category=%E7%94%BA%E4%BC%9A%E3%83%BB%E8%87%AA%E6%B2%BB%E4%BC%9A&amp;word=</value>
        </Data>
      </ExtendedData>
      <Polygon>
        <tessellate>1</tessellate>
        <altitudeMode>clampToGround</altitudeMode>
        <outerBoundaryIs>
          <LinearRing>
            <coordinates>139.731480,35.616053,0 139.731646,35.615873,0 139.731794,35.615736,0 139.732001,35.615551,0 139.732318,35.615267,0 139.732635,35.614984,0 139.732741,35.614883,0 139.732897,35.614729,0 139.732996,35.614630,0 139.733077,35.614536,0 139.733208,35.614390,0 139.733300,35.614295,0 139.733554,35.614044,0 139.733653,35.613943,0 139.733742,35.613839,0 139.733809,35.613741,0 139.733902,35.613626,0 139.733962,35.613522,0 139.733977,35.613488,0 139.734213,35.613076,0 139.734253,35.612995,0 139.734304,35.612871,0 139.734373,35.612673,0 139.734429,35.612465,0 139.734497,35.612146,0 139.734506,35.612020,0 139.734531,35.611802,0 139.734550,35.611672,0 139.734573,35.611565,0 139.734595,35.611506,0 139.734627,35.611430,0 139.734656,35.611373,0 139.734703,35.611300,0 139.734867,35.611081,0 139.735009,35.610948,0 139.735074,35.610877,0 139.735137,35.610789,0 139.735198,35.610686,0 139.735228,35.610608,0 139.735279,35.610457,0 139.735327,35.610309,0 139.735339,35.610281,0 139.735697,35.610174,0 139.735648,35.609746,0 139.735531,35.608833,0 139.735508,35.608673,0 139.735457,35.608329,0 139.735393,35.607876,0 139.735366,35.607684,0 139.734388,35.607788,0 139.734020,35.607794,0 139.732957,35.607816,0 139.732597,35.607853,0 139.732476,35.607872,0 139.732165,35.607915,0 139.732098,35.607913,0 139.730576,35.608102,0 139.729733,35.608180,0 139.729597,35.608506,0 139.729757,35.609233,0 139.729873,35.609758,0 139.729956,35.610083,0 139.729990,35.610218,0 139.730066,35.610453,0 139.730117,35.610588,0 139.730206,35.610777,0 139.730304,35.610941,0 139.730408,35.611077,0 139.730466,35.611137,0 139.730563,35.611225,0 139.730610,35.611279,0 139.730670,35.611329,0 139.730756,35.611390,0 139.730777,35.611408,0 139.730846,35.611462,0 139.730927,35.611529,0 139.730949,35.611563,0 139.730955,35.611592,0 139.730951,35.611629,0 139.730944,35.611652,0 139.730936,35.611666,0 139.730914,35.611722,0 139.730900,35.611759,0 139.730896,35.611783,0 139.730899,35.611801,0 139.730902,35.611812,0 139.730923,35.611835,0 139.731145,35.612049,0 139.731192,35.612105,0 139.731281,35.612208,0 139.731321,35.612271,0 139.731359,35.612328,0 139.731426,35.612425,0 139.731477,35.612505,0 139.731526,35.612587,0 139.731564,35.612661,0 139.731606,35.612744,0 139.731828,35.613163,0 139.731851,35.613214,0 139.731871,35.613285,0 139.731880,35.613353,0 139.731882,35.613453,0 139.731887,35.613558,0 139.731893,35.613609,0 139.731918,35.613739,0 139.731947,35.613890,0 139.731956,35.613966,0 139.731961,35.614051,0 139.731932,35.614338,0 139.731923,35.614443,0 139.731867,35.614696,0 139.731844,35.614766,0 139.731826,35.614833,0 139.731800,35.614907,0 139.731775,35.614961,0 139.731693,35.615104,0 139.731532,35.615356,0 139.731436,35.615496,0 139.731031,35.615996,0 139.730993,35.616052,0 139.731309,35.616183,0 139.731309,35.616183,0 139.731359,35.616199,0 139.731480,35.616053,0</coordinates>
          </LinearRing>
        </outerBoundaryIs>
      </Polygon>
    </Placemark>
    <Placemark>
      <name>荏原五丁目町会</name>
      <description>町会・自治会名: 荏原五丁目町会
公式町会名: 荏原五丁目町会
地域区分: 荏原第二地域
住所区域: 荏原5丁目 全域
連絡先: 03-3783-4785
町会の紹介: 町会の盆踊り、祭礼、歳末の防犯パトロール等、若い人から高齢の方まで親睦を図りながら大勢参加しています。子供たちの遊ぶ中央公園、図書室を備えた荏原区民センターもあります。今後も会員の皆さんの協力をいただき、明るく住みよい開かれた町会運営を目指したいと思います。
出典: https://www2.wagmap.jp/shinagawa/OpenDataDetail?lid=2100&amp;mids=110
https://www.city.shinagawa.tokyo.jp/PC/chiiki/chiiki-tyokai/hpg000011181.html
https://www.shinagawa-choukaijichikai.jp/association/
https://pc.tamemap.net/1310901/activities?utf8=%E2%9C%93&amp;area=&amp;category=%E7%94%BA%E4%BC%9A%E3%83%BB%E8%87%AA%E6%B2%BB%E4%BC%9A&amp;word=
https://www.shinagawa-choukaijichikai.jp/ebaraarea/480/</description>
      <styleUrl>#area-0</styleUrl>
      <ExtendedData>
        <Data name="町会・自治会名">
          <value>荏原五丁目町会</value>
        </Data>
        <Data name="公式町会名">
          <value>荏原五丁目町会</value>
        </Data>
        <Data name="地域区分">
          <value>荏原第二地域</value>
        </Data>
        <Data name="住所区域">
          <value>荏原5丁目 全域</value>
        </Data>
        <Data name="町会長">
          <value />
        </Data>
        <Data name="代表者">
          <value />
        </Data>
        <Data name="連絡先">
          <value>03-3783-4785</value>
        </Data>
        <Data name="電話">
          <value />
        </Data>
        <Data name="メール">
          <value />
        </Data>
        <Data name="町会の紹介">
          <value>町会の盆踊り、祭礼、歳末の防犯パトロール等、若い人から高齢の方まで親睦を図りながら大勢参加しています。子供たちの遊ぶ中央公園、図書室を備えた荏原区民センターもあります。今後も会員の皆さんの協力をいただき、明るく住みよい開かれた町会運営を目指したいと思います。</value>
        </Data>
        <Data name="活動実績">
          <value />
        </Data>
        <Data name="ホームページ">
          <value />
        </Data>
        <Data name="SNS">
          <value />
        </Data>
        <Data name="出典">
          <value>https://www2.wagmap.jp/shinagawa/OpenDataDetail?lid=2100&amp;mids=110
https://www.city.shinagawa.tokyo.jp/PC/chiiki/chiiki-tyokai/hpg000011181.html
https://www.shinagawa-choukaijichikai.jp/association/
https://pc.tamemap.net/1310901/activities?utf8=%E2%9C%93&amp;area=&amp;category=%E7%94%BA%E4%BC%9A%E3%83%BB%E8%87%AA%E6%B2%BB%E4%BC%9A&amp;word=
https://www.shinagawa-choukaijichikai.jp/ebaraarea/480/</value>
        </Data>
      </ExtendedData>
      <Polygon>
        <tessellate>1</tessellate>
        <altitudeMode>clampToGround</altitudeMode>
        <outerBoundaryIs>
          <LinearRing>
            <coordinates>139.704634,35.615681,0 139.705605,35.614852,0 139.705165,35.614637,0 139.704789,35.614428,0 139.705040,35.613624,0 139.704652,35.613607,0 139.704292,35.613583,0 139.704106,35.613564,0 139.703982,35.613548,0 139.703784,35.613515,0 139.703364,35.613431,0 139.702710,35.613273,0 139.702263,35.613061,0 139.702025,35.612969,0 139.700891,35.612773,0 139.700873,35.612818,0 139.700282,35.614275,0 139.700871,35.614459,0 139.701953,35.614759,0 139.701999,35.614768,0 139.702645,35.614789,0 139.702729,35.614961,0 139.703026,35.615346,0 139.703353,35.615687,0 139.703935,35.616276,0 139.704634,35.615681,0</coordinates>
          </LinearRing>
        </outerBoundaryIs>
      </Polygon>
    </Placemark>
    <Placemark>
      <name>平塚四丁目町会</name>
      <description>町会・自治会名: 平塚四丁目町会
公式町会名: 平塚四丁目町会
地域区分: 荏原第三地域
住所区域: 荏原4丁目 4番～7番 / 荏原4丁目 14番～18番 / 西中延1丁目 1番～3番
代表者: 時田和彦
電話: 03-3781-4577
メール: yamaju1@gmail.com
町会の紹介: 平塚四丁目町会: 6月頃に親睦を兼ねて、日帰りバス旅行を行いました。今年は、45名の参加者で栃木県益子焼陶芸体験をして来ました。思い思いの陶芸を作り、交流拡大として敬老会と合同の企画を楽しみ、盛況でした。 / 平塚四丁目町会: 平塚4丁目町会は現在の住居表示には無く、毎年、その周知徹底からの活動を行っております。別紙、募集の項目の町会範囲図を参照し現在お住まいの場所をご確認ください。町内の安心、安全、親睦活動、ライン掲示板により随時情報発信、春いちご狩り、潮干狩り、夏子供祭り模擬店 防災訓練、スクエア荏原避難所訓練、歳末パトロール、在宅避難に備えて家庭内備蓄食料、消火器、簡易トイレ、会員用ヘルメット等の斡旋。 /
活動実績: 毎年9月のお祭り前に祭り案内と一緒に当町会の会員募集、平塚4丁目町会地域範囲図を全世帯に配布しております。 / 投函されましたチラシをご覧になられた世帯は当町会に属しておりますのでご協力の程、お願い申し上げます。
ホームページ: なし
SNS: Facebook: なし / X: なし / Instagram: なし
出典: https://www2.wagmap.jp/shinagawa/OpenDataDetail?lid=2100&amp;mids=110
https://www.city.shinagawa.tokyo.jp/PC/chiiki/chiiki-tyokai/hpg000011182.html
https://www.shinagawa-choukaijichikai.jp/association/
https://pc.tamemap.net/1310901/activities?utf8=%E2%9C%93&amp;area=&amp;category=%E7%94%BA%E4%BC%9A%E3%83%BB%E8%87%AA%E6%B2%BB%E4%BC%9A&amp;word=
https://www.shinagawa-choukaijichikai.jp/ebaraarea/524/
https://pc.tamemap.net/1310901/activities/13109010047</description>
      <styleUrl>#area-2</styleUrl>
      <ExtendedData>
        <Data name="町会・自治会名">
          <value>平塚四丁目町会</value>
        </Data>
        <Data name="公式町会名">
          <value>平塚四丁目町会</value>
        </Data>
        <Data name="地域区分">
          <value>荏原第三地域</value>
        </Data>
        <Data name="住所区域">
          <value>荏原4丁目 4番～7番 / 荏原4丁目 14番～18番 / 西中延1丁目 1番～3番</value>
        </Data>
        <Data name="町会長">
          <value />
        </Data>
        <Data name="代表者">
          <value>時田和彦</value>
        </Data>
        <Data name="連絡先">
          <value />
        </Data>
        <Data name="電話">
          <value>03-3781-4577</value>
        </Data>
        <Data name="メール">
          <value>yamaju1@gmail.com</value>
        </Data>
        <Data name="町会の紹介">
          <value>平塚四丁目町会: 6月頃に親睦を兼ねて、日帰りバス旅行を行いました。今年は、45名の参加者で栃木県益子焼陶芸体験をして来ました。思い思いの陶芸を作り、交流拡大として敬老会と合同の企画を楽しみ、盛況でした。 / 平塚四丁目町会: 平塚4丁目町会は現在の住居表示には無く、毎年、その周知徹底からの活動を行っております。別紙、募集の項目の町会範囲図を参照し現在お住まいの場所をご確認ください。町内の安心、安全、親睦活動、ライン掲示板により随時情報発信、春いちご狩り、潮干狩り、夏子供祭り模擬店 防災訓練、スクエア荏原避難所訓練、歳末パトロール、在宅避難に備えて家庭内備蓄食料、消火器、簡易トイレ、会員用ヘルメット等の斡旋。 /</value>
        </Data>
        <Data name="活動実績">
          <value>毎年9月のお祭り前に祭り案内と一緒に当町会の会員募集、平塚4丁目町会地域範囲図を全世帯に配布しております。 / 投函されましたチラシをご覧になられた世帯は当町会に属しておりますのでご協力の程、お願い申し上げます。</value>
        </Data>
        <Data name="ホームページ">
          <value>なし</value>
        </Data>
        <Data name="SNS">
          <value>Facebook: なし / X: なし / Instagram: なし</value>
        </Data>
        <Data name="出典">
          <value>https://www2.wagmap.jp/shinagawa/OpenDataDetail?lid=2100&amp;mids=110
https://www.city.shinagawa.tokyo.jp/PC/chiiki/chiiki-tyokai/hpg000011182.html
https://www.shinagawa-choukaijichikai.jp/association/
https://pc.tamemap.net/1310901/activities?utf8=%E2%9C%93&amp;area=&amp;category=%E7%94%BA%E4%BC%9A%E3%83%BB%E8%87%AA%E6%B2%BB%E4%BC%9A&amp;word=
https://www.shinagawa-choukaijichikai.jp/ebaraarea/524/
https://pc.tamemap.net/1310901/activities/13109010047</value>
        </Data>
      </ExtendedData>
      <Polygon>
        <tessellate>1</tessellate>
        <altitudeMode>clampToGround</altitudeMode>
        <outerBoundaryIs>
          <LinearRing>
            <coordinates>139.708516,35.616342,0 139.708605,35.616210,0 139.708637,35.616174,0 139.708708,35.616103,0 139.708770,35.616067,0 139.709082,35.615856,0 139.709108,35.615884,0 139.709697,35.615063,0 139.709645,35.614989,0 139.709788,35.614890,0 139.710048,35.614675,0 139.710237,35.614514,0 139.710358,35.614418,0 139.710465,35.614332,0 139.710573,35.614223,0 139.709911,35.614081,0 139.709662,35.614058,0 139.709598,35.614052,0 139.709559,35.614049,0 139.709078,35.614011,0 139.708479,35.613964,0 139.708409,35.613975,0 139.707930,35.614098,0 139.707576,35.613632,0 139.707423,35.613631,0 139.705999,35.613624,0 139.705040,35.613624,0 139.704789,35.614428,0 139.705165,35.614637,0 139.705605,35.614852,0 139.706001,35.615029,0 139.706420,35.615227,0 139.706972,35.615540,0 139.707965,35.616103,0 139.708099,35.616167,0 139.708295,35.616278,0 139.708418,35.616346,0 139.708482,35.616374,0 139.708516,35.616342,0</coordinates>
          </LinearRing>
        </outerBoundaryIs>
      </Polygon>
    </Placemark>
    <Placemark>
      <name>西品川新生会</name>
      <description>町会・自治会名: 西品川新生会
公式町会名: 西品川新生会
地域区分: 大崎第二地域
住所区域: 西品川2丁目 3番 / 西品川3丁目 16番～21番
連絡先: 03-3491-7001
町会の紹介: 西品川新生会は、明るく住みよい安心安全なまちづくりに取り組んでいます。町内の清掃、防犯パトロールを毎月行い、餅つきと花見、お祭り、納涼会、敬老の集い、バスハイク、防災訓練、交通安全運動などの年間行事を行っております。
出典: https://www2.wagmap.jp/shinagawa/OpenDataDetail?lid=2100&amp;mids=110
https://www.city.shinagawa.tokyo.jp/PC/chiiki/chiiki-tyokai/hpg000011176.html
https://www.shinagawa-choukaijichikai.jp/association/
https://pc.tamemap.net/1310901/activities?utf8=%E2%9C%93&amp;area=&amp;category=%E7%94%BA%E4%BC%9A%E3%83%BB%E8%87%AA%E6%B2%BB%E4%BC%9A&amp;word=
https://www.shinagawa-choukaijichikai.jp/osakiarea/419/</description>
      <styleUrl>#area-1</styleUrl>
      <ExtendedData>
        <Data name="町会・自治会名">
          <value>西品川新生会</value>
        </Data>
        <Data name="公式町会名">
          <value>西品川新生会</value>
        </Data>
        <Data name="地域区分">
          <value>大崎第二地域</value>
        </Data>
        <Data name="住所区域">
          <value>西品川2丁目 3番 / 西品川3丁目 16番～21番</value>
        </Data>
        <Data name="町会長">
          <value />
        </Data>
        <Data name="代表者">
          <value />
        </Data>
        <Data name="連絡先">
          <value>03-3491-7001</value>
        </Data>
        <Data name="電話">
          <value />
        </Data>
        <Data name="メール">
          <value />
        </Data>
        <Data name="町会の紹介">
          <value>西品川新生会は、明るく住みよい安心安全なまちづくりに取り組んでいます。町内の清掃、防犯パトロールを毎月行い、餅つきと花見、お祭り、納涼会、敬老の集い、バスハイク、防災訓練、交通安全運動などの年間行事を行っております。</value>
        </Data>
        <Data name="活動実績">
          <value />
        </Data>
        <Data name="ホームページ">
          <value />
        </Data>
        <Data name="SNS">
          <value />
        </Data>
        <Data name="出典">
          <value>https://www2.wagmap.jp/shinagawa/OpenDataDetail?lid=2100&amp;mids=110
https://www.city.shinagawa.tokyo.jp/PC/chiiki/chiiki-tyokai/hpg000011176.html
https://www.shinagawa-choukaijichikai.jp/association/
https://pc.tamemap.net/1310901/activities?utf8=%E2%9C%93&amp;area=&amp;category=%E7%94%BA%E4%BC%9A%E3%83%BB%E8%87%AA%E6%B2%BB%E4%BC%9A&amp;word=
https://www.shinagawa-choukaijichikai.jp/osakiarea/419/</value>
        </Data>
      </ExtendedData>
      <Polygon>
        <tessellate>1</tessellate>
        <altitudeMode>clampToGround</altitudeMode>
        <outerBoundaryIs>
          <LinearRing>
            <coordinates>139.730817,35.616310,0 139.730993,35.616052,0 139.730915,35.616019,0 139.730788,35.615956,0 139.730654,35.615883,0 139.730602,35.615858,0 139.730522,35.615807,0 139.730351,35.615703,0 139.730221,35.615612,0 139.730151,35.615561,0 139.730110,35.615527,0 139.729999,35.615442,0 139.729900,35.615351,0 139.729804,35.615260,0 139.729721,35.615176,0 139.729633,35.615076,0 139.729505,35.614914,0 139.729391,35.614777,0 139.729307,35.614671,0 139.729235,35.614569,0 139.729103,35.614377,0 139.729060,35.614290,0 139.729002,35.614177,0 139.728827,35.614300,0 139.728797,35.614378,0 139.728748,35.614589,0 139.728739,35.614637,0 139.728731,35.614674,0 139.728726,35.614737,0 139.728727,35.614755,0 139.728691,35.614782,0 139.728662,35.614806,0 139.728575,35.614836,0 139.728428,35.614877,0 139.728361,35.614883,0 139.728287,35.614890,0 139.728208,35.614898,0 139.728136,35.614907,0 139.728043,35.614920,0 139.727979,35.614933,0 139.727935,35.614950,0 139.727789,35.615007,0 139.727742,35.615021,0 139.727662,35.615029,0 139.727595,35.615021,0 139.727433,35.614999,0 139.727367,35.614986,0 139.727285,35.614973,0 139.727073,35.614936,0 139.726652,35.614869,0 139.726420,35.614840,0 139.726346,35.614833,0 139.726143,35.614825,0 139.726069,35.614867,0 139.726063,35.614897,0 139.726000,35.615036,0 139.725985,35.615074,0 139.725971,35.615125,0 139.725972,35.615224,0 139.725979,35.615334,0 139.725990,35.615408,0 139.726009,35.615447,0 139.726151,35.615629,0 139.726182,35.615658,0 139.726489,35.615898,0 139.726533,35.615927,0 139.726667,35.616027,0 139.726846,35.616157,0 139.727044,35.616330,0 139.727195,35.616291,0 139.727383,35.616240,0 139.727439,35.616228,0 139.727502,35.616217,0 139.727586,35.616206,0 139.727709,35.616194,0 139.727800,35.616191,0 139.727961,35.616191,0 139.728075,35.616204,0 139.728174,35.616221,0 139.728481,35.616294,0 139.728627,35.616328,0 139.728703,35.616341,0 139.728806,35.616345,0 139.729086,35.616327,0 139.729199,35.616321,0 139.729287,35.616321,0 139.729407,35.616334,0 139.729950,35.616429,0 139.730136,35.616463,0 139.730392,35.616512,0 139.730624,35.616556,0 139.730817,35.616310,0</coordinates>
          </LinearRing>
        </outerBoundaryIs>
      </Polygon>
    </Placemark>
    <Placemark>
      <name>同友会町会</name>
      <description>町会・自治会名: 同友会町会
公式町会名: 同友会町会
地域区分: 品川第二地域
住所区域: 広町1丁目 全域 / 南品川4丁目 1番（15号） / 南品川4丁目 5番（1～5号、7号、22～37号、8号の一部） / 南品川4丁目 6番～16番
連絡先: 090－4076－7639
町会の紹介: 町内に大小の企業が存在する同友会町会では、地域ぐるみで協力し合える体制作りを目指しお祭りに代表される各種行事のほか防災訓練・防犯活動等に一人でも多くの住民および企業の方々に参加してもらえるよう、開かれた町会をモットーに活動を続けております。
出典: https://www2.wagmap.jp/shinagawa/OpenDataDetail?lid=2100&amp;mids=110
https://www.city.shinagawa.tokyo.jp/PC/chiiki/chiiki-tyokai/hpg000011174.html
https://www.shinagawa-choukaijichikai.jp/association/
https://pc.tamemap.net/1310901/activities?utf8=%E2%9C%93&amp;area=&amp;category=%E7%94%BA%E4%BC%9A%E3%83%BB%E8%87%AA%E6%B2%BB%E4%BC%9A&amp;word=
https://www.shinagawa-choukaijichikai.jp/shinagawaarea/489/</description>
      <styleUrl>#area-1</styleUrl>
      <ExtendedData>
        <Data name="町会・自治会名">
          <value>同友会町会</value>
        </Data>
        <Data name="公式町会名">
          <value>同友会町会</value>
        </Data>
        <Data name="地域区分">
          <value>品川第二地域</value>
        </Data>
        <Data name="住所区域">
          <value>広町1丁目 全域 / 南品川4丁目 1番（15号） / 南品川4丁目 5番（1～5号、7号、22～37号、8号の一部） / 南品川4丁目 6番～16番</value>
        </Data>
        <Data name="町会長">
          <value />
        </Data>
        <Data name="代表者">
          <value />
        </Data>
        <Data name="連絡先">
          <value>090－4076－7639</value>
        </Data>
        <Data name="電話">
          <value />
        </Data>
        <Data name="メール">
          <value />
        </Data>
        <Data name="町会の紹介">
          <value>町内に大小の企業が存在する同友会町会では、地域ぐるみで協力し合える体制作りを目指しお祭りに代表される各種行事のほか防災訓練・防犯活動等に一人でも多くの住民および企業の方々に参加してもらえるよう、開かれた町会をモットーに活動を続けております。</value>
        </Data>
        <Data name="活動実績">
          <value />
        </Data>
        <Data name="ホームページ">
          <value />
        </Data>
        <Data name="SNS">
          <value />
        </Data>
        <Data name="出典">
          <value>https://www2.wagmap.jp/shinagawa/OpenDataDetail?lid=2100&amp;mids=110
https://www.city.shinagawa.tokyo.jp/PC/chiiki/chiiki-tyokai/hpg000011174.html
https://www.shinagawa-choukaijichikai.jp/association/
https://pc.tamemap.net/1310901/activities?utf8=%E2%9C%93&amp;area=&amp;category=%E7%94%BA%E4%BC%9A%E3%83%BB%E8%87%AA%E6%B2%BB%E4%BC%9A&amp;word=
https://www.shinagawa-choukaijichikai.jp/shinagawaarea/489/</value>
        </Data>
      </ExtendedData>
      <Polygon>
        <tessellate>1</tessellate>
        <altitudeMode>clampToGround</altitudeMode>
        <outerBoundaryIs>
          <LinearRing>
            <coordinates>139.734976,35.616859,0 139.735154,35.616587,0 139.735311,35.616370,0 139.735409,35.616265,0 139.735505,35.616186,0 139.735605,35.616121,0 139.735669,35.616093,0 139.735809,35.616034,0 139.735965,35.615989,0 139.736287,35.615921,0 139.736527,35.615887,0 139.736571,35.615880,0 139.737028,35.615785,0 139.737087,35.615779,0 139.737132,35.615777,0 139.737179,35.615774,0 139.737278,35.615781,0 139.737409,35.615787,0 139.737561,35.615805,0 139.737788,35.615852,0 139.737777,35.615038,0 139.737743,35.614731,0 139.737725,35.614418,0 139.737727,35.614236,0 139.738052,35.614216,0 139.738161,35.614225,0 139.738296,35.614227,0 139.738786,35.614198,0 139.738719,35.613965,0 139.739122,35.613943,0 139.739281,35.614170,0 139.739502,35.614156,0 139.739492,35.614062,0 139.739532,35.613899,0 139.739625,35.613911,0 139.739630,35.613733,0 139.739530,35.613730,0 139.739541,35.613659,0 139.739585,35.613617,0 139.739745,35.613624,0 139.739800,35.613371,0 139.739865,35.613378,0 139.739911,35.613242,0 139.739714,35.613225,0 139.739566,35.613222,0 139.739599,35.612717,0 139.739603,35.612689,0 139.739625,35.612671,0 139.739641,35.612669,0 139.739670,35.612666,0 139.739826,35.612661,0 139.739842,35.612652,0 139.739851,35.612635,0 139.739848,35.612437,0 139.739856,35.612362,0 139.739878,35.612295,0 139.739910,35.612215,0 139.739875,35.612192,0 139.739796,35.612182,0 139.739733,35.612178,0 139.739418,35.612169,0 139.739050,35.612166,0 139.738894,35.612167,0 139.738221,35.612167,0 139.737350,35.612158,0 139.736811,35.612165,0 139.736467,35.612163,0 139.735860,35.612153,0 139.735823,35.611844,0 139.735826,35.611782,0 139.735813,35.611711,0 139.735817,35.611668,0 139.735828,35.611626,0 139.735840,35.611579,0 139.735852,35.611536,0 139.735848,35.611453,0 139.735801,35.611082,0 139.735742,35.610747,0 139.735718,35.610515,0 139.735708,35.610368,0 139.735697,35.610174,0 139.735339,35.610281,0 139.735327,35.610309,0 139.735279,35.610457,0 139.735228,35.610608,0 139.735198,35.610686,0 139.735137,35.610789,0 139.735074,35.610877,0 139.735009,35.610948,0 139.734867,35.611081,0 139.734703,35.611300,0 139.734656,35.611373,0 139.734627,35.611430,0 139.734595,35.611506,0 139.734573,35.611565,0 139.734550,35.611672,0 139.734531,35.611802,0 139.734506,35.612020,0 139.734497,35.612146,0 139.734429,35.612465,0 139.734373,35.612673,0 139.734304,35.612871,0 139.734253,35.612995,0 139.734213,35.613076,0 139.733977,35.613488,0 139.733962,35.613522,0 139.733902,35.613626,0 139.733809,35.613741,0 139.733742,35.613839,0 139.733653,35.613943,0 139.733554,35.614044,0 139.733300,35.614295,0 139.733208,35.614390,0 139.733077,35.614536,0 139.732996,35.614630,0 139.732897,35.614729,0 139.732741,35.614883,0 139.732635,35.614984,0 139.732318,35.615267,0 139.732001,35.615551,0 139.731794,35.615736,0 139.731646,35.615873,0 139.731480,35.616053,0 139.731359,35.616199,0 139.731478,35.616236,0 139.731545,35.616262,0 139.731699,35.616304,0 139.731837,35.616345,0 139.731872,35.616354,0 139.732010,35.616386,0 139.732090,35.616396,0 139.732270,35.616430,0 139.732363,35.616445,0 139.732434,35.616454,0 139.732575,35.616467,0 139.732751,35.616489,0 139.733115,35.616522,0 139.733285,35.616538,0 139.733525,35.616558,0 139.733667,35.616574,0 139.733819,35.616587,0 139.733882,35.616593,0 139.734024,35.616615,0 139.734165,35.616645,0 139.734243,35.616664,0 139.734371,35.616694,0 139.734506,35.616732,0 139.734616,35.616769,0 139.734720,35.616810,0 139.734861,35.616867,0 139.734951,35.616903,0 139.734976,35.616859,0</coordinates>
          </LinearRing>
        </outerBoundaryIs>
      </Polygon>
    </Placemark>
    <Placemark>
      <name>平塚三丁目町会</name>
      <description>町会・自治会名: 平塚三丁目町会
公式町会名: 平塚三丁目町会
地域区分: 荏原第三地域
住所区域: 荏原2丁目 9番 / 荏原2丁目 18番 / 平塚3丁目 全域
町会の紹介: 平塚三丁目町会は、互いに助合い、安全で住み易いまちづくりに努めています。とりわけ災害への備えに力を入れています。新たに転入された皆さん、アパート・マンションの方、事業者の方も是非ご加入ください。
出典: https://www2.wagmap.jp/shinagawa/OpenDataDetail?lid=2100&amp;mids=110
https://www.city.shinagawa.tokyo.jp/PC/chiiki/chiiki-tyokai/hpg000011182.html
https://www.shinagawa-choukaijichikai.jp/association/
https://pc.tamemap.net/1310901/activities?utf8=%E2%9C%93&amp;area=&amp;category=%E7%94%BA%E4%BC%9A%E3%83%BB%E8%87%AA%E6%B2%BB%E4%BC%9A&amp;word=
https://www.shinagawa-choukaijichikai.jp/ebaraarea/523/</description>
      <styleUrl>#area-0</styleUrl>
      <ExtendedData>
        <Data name="町会・自治会名">
          <value>平塚三丁目町会</value>
        </Data>
        <Data name="公式町会名">
          <value>平塚三丁目町会</value>
        </Data>
        <Data name="地域区分">
          <value>荏原第三地域</value>
        </Data>
        <Data name="住所区域">
          <value>荏原2丁目 9番 / 荏原2丁目 18番 / 平塚3丁目 全域</value>
        </Data>
        <Data name="町会長">
          <value />
        </Data>
        <Data name="代表者">
          <value />
        </Data>
        <Data name="連絡先">
          <value />
        </Data>
        <Data name="電話">
          <value />
        </Data>
        <Data name="メール">
          <value />
        </Data>
        <Data name="町会の紹介">
          <value>平塚三丁目町会は、互いに助合い、安全で住み易いまちづくりに努めています。とりわけ災害への備えに力を入れています。新たに転入された皆さん、アパート・マンションの方、事業者の方も是非ご加入ください。</value>
        </Data>
        <Data name="活動実績">
          <value />
        </Data>
        <Data name="ホームページ">
          <value />
        </Data>
        <Data name="SNS">
          <value />
        </Data>
        <Data name="出典">
          <value>https://www2.wagmap.jp/shinagawa/OpenDataDetail?lid=2100&amp;mids=110
https://www.city.shinagawa.tokyo.jp/PC/chiiki/chiiki-tyokai/hpg000011182.html
https://www.shinagawa-choukaijichikai.jp/association/
https://pc.tamemap.net/1310901/activities?utf8=%E2%9C%93&amp;area=&amp;category=%E7%94%BA%E4%BC%9A%E3%83%BB%E8%87%AA%E6%B2%BB%E4%BC%9A&amp;word=
https://www.shinagawa-choukaijichikai.jp/ebaraarea/523/</value>
        </Data>
      </ExtendedData>
      <Polygon>
        <tessellate>1</tessellate>
        <altitudeMode>clampToGround</altitudeMode>
        <outerBoundaryIs>
          <LinearRing>
            <coordinates>139.711847,35.617071,0 139.711836,35.617067,0 139.712264,35.616565,0 139.712379,35.616309,0 139.712471,35.616119,0 139.712822,35.615455,0 139.712398,35.614927,0 139.712694,35.614795,0 139.713157,35.614557,0 139.713431,35.614414,0 139.714025,35.614059,0 139.713365,35.612622,0 139.713263,35.612663,0 139.713001,35.612769,0 139.712919,35.612800,0 139.712695,35.612890,0 139.712200,35.613144,0 139.711960,35.613294,0 139.711651,35.613560,0 139.711531,35.613648,0 139.711399,35.613723,0 139.711316,35.613764,0 139.711146,35.613839,0 139.710994,35.613903,0 139.710845,35.613996,0 139.710732,35.614076,0 139.710622,35.614172,0 139.710573,35.614223,0 139.710465,35.614332,0 139.710358,35.614418,0 139.710237,35.614514,0 139.710048,35.614675,0 139.709788,35.614890,0 139.709645,35.614989,0 139.709697,35.615063,0 139.709108,35.615884,0 139.709400,35.616178,0 139.709491,35.616243,0 139.710292,35.617036,0 139.710443,35.617132,0 139.710632,35.617182,0 139.710903,35.617212,0 139.711127,35.617278,0 139.711534,35.617479,0 139.711847,35.617071,0</coordinates>
          </LinearRing>
        </outerBoundaryIs>
      </Polygon>
    </Placemark>
    <Placemark>
      <name>戸越一丁目町会</name>
      <description>町会・自治会名: 戸越一丁目町会
公式町会名: 戸越一丁目町会
地域区分: 荏原第三地域
住所区域: 戸越1丁目 10番～12番 / 戸越1丁目 14番 / 戸越1丁目 16番～24番 / 戸越1丁目 25番（9号の一部～21号） / 戸越1丁目 26番（5～24、25号） / 戸越1丁目 27番（13～30号） / 戸越1丁目 28番 / 戸越1丁目 29番（11～28号） / 戸越1丁目 30番
町会の紹介: 戸越一丁目町会はふるさと意識が残る町です。戸越八幡神社の秋の祭礼には、町会の外に出ていた家族が戻ってきます。四季の行事、防災、防犯などの活動を通じて、町会員全員で「ふるさと戸越一丁目」を盛り上げています。
出典: https://www2.wagmap.jp/shinagawa/OpenDataDetail?lid=2100&amp;mids=110
https://www.city.shinagawa.tokyo.jp/PC/chiiki/chiiki-tyokai/hpg000011182.html
https://www.shinagawa-choukaijichikai.jp/association/
https://pc.tamemap.net/1310901/activities?utf8=%E2%9C%93&amp;area=&amp;category=%E7%94%BA%E4%BC%9A%E3%83%BB%E8%87%AA%E6%B2%BB%E4%BC%9A&amp;word=
https://www.shinagawa-choukaijichikai.jp/ebaraarea/531/</description>
      <styleUrl>#area-0</styleUrl>
      <ExtendedData>
        <Data name="町会・自治会名">
          <value>戸越一丁目町会</value>
        </Data>
        <Data name="公式町会名">
          <value>戸越一丁目町会</value>
        </Data>
        <Data name="地域区分">
          <value>荏原第三地域</value>
        </Data>
        <Data name="住所区域">
          <value>戸越1丁目 10番～12番 / 戸越1丁目 14番 / 戸越1丁目 16番～24番 / 戸越1丁目 25番（9号の一部～21号） / 戸越1丁目 26番（5～24、25号） / 戸越1丁目 27番（13～30号） / 戸越1丁目 28番 / 戸越1丁目 29番（11～28号） / 戸越1丁目 30番</value>
        </Data>
        <Data name="町会長">
          <value />
        </Data>
        <Data name="代表者">
          <value />
        </Data>
        <Data name="連絡先">
          <value />
        </Data>
        <Data name="電話">
          <value />
        </Data>
        <Data name="メール">
          <value />
        </Data>
        <Data name="町会の紹介">
          <value>戸越一丁目町会はふるさと意識が残る町です。戸越八幡神社の秋の祭礼には、町会の外に出ていた家族が戻ってきます。四季の行事、防災、防犯などの活動を通じて、町会員全員で「ふるさと戸越一丁目」を盛り上げています。</value>
        </Data>
        <Data name="活動実績">
          <value />
        </Data>
        <Data name="ホームページ">
          <value />
        </Data>
        <Data name="SNS">
          <value />
        </Data>
        <Data name="出典">
          <value>https://www2.wagmap.jp/shinagawa/OpenDataDetail?lid=2100&amp;mids=110
https://www.city.shinagawa.tokyo.jp/PC/chiiki/chiiki-tyokai/hpg000011182.html
https://www.shinagawa-choukaijichikai.jp/association/
https://pc.tamemap.net/1310901/activities?utf8=%E2%9C%93&amp;area=&amp;category=%E7%94%BA%E4%BC%9A%E3%83%BB%E8%87%AA%E6%B2%BB%E4%BC%9A&amp;word=
https://www.shinagawa-choukaijichikai.jp/ebaraarea/531/</value>
        </Data>
      </ExtendedData>
      <Polygon>
        <tessellate>1</tessellate>
        <altitudeMode>clampToGround</altitudeMode>
        <outerBoundaryIs>
          <LinearRing>
            <coordinates>139.719998,35.617528,0 139.719948,35.617376,0 139.720102,35.617330,0 139.720229,35.617298,0 139.720242,35.617313,0 139.720373,35.617271,0 139.720361,35.617246,0 139.720582,35.617161,0 139.720566,35.617131,0 139.720789,35.617031,0 139.720771,35.617000,0 139.720988,35.616921,0 139.721072,35.616857,0 139.721094,35.616842,0 139.721275,35.616715,0 139.721309,35.616691,0 139.721538,35.616535,0 139.721531,35.616522,0 139.721818,35.616320,0 139.721841,35.616303,0 139.721892,35.616253,0 139.722012,35.616173,0 139.722065,35.616142,0 139.722224,35.616033,0 139.722269,35.616011,0 139.722348,35.615959,0 139.722431,35.615925,0 139.722570,35.615836,0 139.722521,35.615772,0 139.722489,35.615733,0 139.722429,35.615646,0 139.722228,35.615331,0 139.721932,35.614902,0 139.721886,35.614832,0 139.721877,35.614800,0 139.721871,35.614762,0 139.721782,35.614315,0 139.721381,35.614384,0 139.721033,35.614448,0 139.720658,35.614527,0 139.720281,35.614606,0 139.719680,35.614731,0 139.717935,35.615058,0 139.717944,35.615088,0 139.718034,35.615454,0 139.718039,35.615473,0 139.718130,35.615882,0 139.718594,35.615773,0 139.718694,35.616121,0 139.718661,35.616163,0 139.718766,35.616507,0 139.718838,35.616732,0 139.718842,35.616750,0 139.718875,35.616860,0 139.718932,35.617011,0 139.718976,35.617000,0 139.719643,35.616884,0 139.719640,35.617015,0 139.719656,35.617140,0 139.719712,35.617580,0 139.719998,35.617528,0</coordinates>
          </LinearRing>
        </outerBoundaryIs>
      </Polygon>
    </Placemark>
    <Placemark>
      <name>櫻心会町会</name>
      <description>町会・自治会名: 櫻心会町会
公式町会名: 櫻心会町会
地域区分: 品川第一地域
住所区域: 南品川1丁目 2番～9番 / 南品川1丁目 10番（1号～16号） / 南品川2丁目 9番（3号～10号） / 北品川2丁目 20番（12号～13号） / 北品川2丁目 21番 / 北品川2丁目 22番（10号の一部） / 北品川2丁目 30番（1号～8号） / 北品川2丁目 30番（28号・荏原神社） / 北品川2丁目 31番～33番
町会長: 相原 讓司
町会の紹介: 当町会は、旧東海道に面し、南品川１丁目及び一部分南品川２丁目、北品川２丁目に有り明治３７年に創立した由緒ある町会です。会計、庶務、防犯、防火防災、交通、衛生等１１部の組織できめ細かく運営しています。住んで楽しい安心の町です。気軽に行事に参加できる体制を整えています。ぜひ町会に顔を出してみて下さい。
出典: https://www2.wagmap.jp/shinagawa/OpenDataDetail?lid=2100&amp;mids=110
https://www.city.shinagawa.tokyo.jp/PC/chiiki/chiiki-tyokai/hpg000011172.html
https://www.shinagawa-choukaijichikai.jp/association/
https://pc.tamemap.net/1310901/activities?utf8=%E2%9C%93&amp;area=&amp;category=%E7%94%BA%E4%BC%9A%E3%83%BB%E8%87%AA%E6%B2%BB%E4%BC%9A&amp;word=
https://www.shinagawa-choukaijichikai.jp/shinagawaarea/336/</description>
      <styleUrl>#area-1</styleUrl>
      <ExtendedData>
        <Data name="町会・自治会名">
          <value>櫻心会町会</value>
        </Data>
        <Data name="公式町会名">
          <value>櫻心会町会</value>
        </Data>
        <Data name="地域区分">
          <value>品川第一地域</value>
        </Data>
        <Data name="住所区域">
          <value>南品川1丁目 2番～9番 / 南品川1丁目 10番（1号～16号） / 南品川2丁目 9番（3号～10号） / 北品川2丁目 20番（12号～13号） / 北品川2丁目 21番 / 北品川2丁目 22番（10号の一部） / 北品川2丁目 30番（1号～8号） / 北品川2丁目 30番（28号・荏原神社） / 北品川2丁目 31番～33番</value>
        </Data>
        <Data name="町会長">
          <value>相原 讓司</value>
        </Data>
        <Data name="代表者">
          <value />
        </Data>
        <Data name="連絡先">
          <value />
        </Data>
        <Data name="電話">
          <value />
        </Data>
        <Data name="メール">
          <value />
        </Data>
        <Data name="町会の紹介">
          <value>当町会は、旧東海道に面し、南品川１丁目及び一部分南品川２丁目、北品川２丁目に有り明治３７年に創立した由緒ある町会です。会計、庶務、防犯、防火防災、交通、衛生等１１部の組織できめ細かく運営しています。住んで楽しい安心の町です。気軽に行事に参加できる体制を整えています。ぜひ町会に顔を出してみて下さい。</value>
        </Data>
        <Data name="活動実績">
          <value />
        </Data>
        <Data name="ホームページ">
          <value />
        </Data>
        <Data name="SNS">
          <value />
        </Data>
        <Data name="出典">
          <value>https://www2.wagmap.jp/shinagawa/OpenDataDetail?lid=2100&amp;mids=110
https://www.city.shinagawa.tokyo.jp/PC/chiiki/chiiki-tyokai/hpg000011172.html
https://www.shinagawa-choukaijichikai.jp/association/
https://pc.tamemap.net/1310901/activities?utf8=%E2%9C%93&amp;area=&amp;category=%E7%94%BA%E4%BC%9A%E3%83%BB%E8%87%AA%E6%B2%BB%E4%BC%9A&amp;word=
https://www.shinagawa-choukaijichikai.jp/shinagawaarea/336/</value>
        </Data>
      </ExtendedData>
      <Polygon>
        <tessellate>1</tessellate>
        <altitudeMode>clampToGround</altitudeMode>
        <outerBoundaryIs>
          <LinearRing>
            <coordinates>139.742966,35.617629,0 139.742983,35.617622,0 139.743000,35.617607,0 139.743020,35.617588,0 139.743246,35.617436,0 139.743306,35.617400,0 139.743559,35.617285,0 139.743819,35.617193,0 139.744085,35.617121,0 139.744168,35.616850,0 139.744514,35.616931,0 139.745025,35.617057,0 139.745159,35.617091,0 139.745429,35.617151,0 139.745522,35.616890,0 139.745617,35.616755,0 139.745808,35.616617,0 139.745733,35.616446,0 139.745633,35.616173,0 139.745416,35.615634,0 139.745276,35.615293,0 139.745086,35.614783,0 139.745010,35.614557,0 139.744537,35.614610,0 139.744091,35.614651,0 139.743733,35.614649,0 139.743523,35.614648,0 139.743506,35.614461,0 139.743337,35.614476,0 139.743342,35.614508,0 139.743265,35.614512,0 139.743249,35.614475,0 139.743181,35.614482,0 139.743181,35.614522,0 139.742897,35.614524,0 139.742897,35.614505,0 139.742858,35.614503,0 139.742522,35.614505,0 139.742536,35.614353,0 139.742511,35.614351,0 139.742501,35.614335,0 139.742492,35.614334,0 139.742374,35.614324,0 139.742328,35.614617,0 139.742360,35.614619,0 139.742311,35.614910,0 139.742398,35.614915,0 139.742385,35.615026,0 139.742504,35.615038,0 139.742472,35.615470,0 139.742287,35.615488,0 139.742101,35.615517,0 139.742111,35.615557,0 139.741767,35.615645,0 139.741635,35.615679,0 139.741524,35.616198,0 139.741359,35.616900,0 139.741595,35.616910,0 139.741717,35.616918,0 139.741781,35.616924,0 139.742352,35.617361,0 139.742446,35.617425,0 139.742607,35.617516,0 139.742719,35.617555,0 139.742765,35.617552,0 139.742918,35.617627,0 139.742932,35.617630,0 139.742949,35.617631,0 139.742966,35.617629,0</coordinates>
          </LinearRing>
        </outerBoundaryIs>
      </Polygon>
    </Placemark>
    <Placemark>
      <name>平塚一丁目町会</name>
      <description>町会・自治会名: 平塚一丁目町会
公式町会名: 平塚一丁目町会
地域区分: 荏原第三地域
住所区域: 平塚1丁目 1番～9番
町会長: 牟礼 靖
連絡先: 090-7722-9278
町会の紹介: 街中の掲示板、道路の清掃、防犯、防火、交通安全、青少年育成、地域の各事業等々、町会員が一致協力して地域の安全安心を守っています。町会員として、お祭り等楽しく参加しましょう。皆様の町会への入会をお待ちしております。
出典: https://www2.wagmap.jp/shinagawa/OpenDataDetail?lid=2100&amp;mids=110
https://www.city.shinagawa.tokyo.jp/PC/chiiki/chiiki-tyokai/hpg000011182.html
https://www.shinagawa-choukaijichikai.jp/association/
https://pc.tamemap.net/1310901/activities?utf8=%E2%9C%93&amp;area=&amp;category=%E7%94%BA%E4%BC%9A%E3%83%BB%E8%87%AA%E6%B2%BB%E4%BC%9A&amp;word=
https://www.shinagawa-choukaijichikai.jp/ebaraarea/520/</description>
      <styleUrl>#area-0</styleUrl>
      <ExtendedData>
        <Data name="町会・自治会名">
          <value>平塚一丁目町会</value>
        </Data>
        <Data name="公式町会名">
          <value>平塚一丁目町会</value>
        </Data>
        <Data name="地域区分">
          <value>荏原第三地域</value>
        </Data>
        <Data name="住所区域">
          <value>平塚1丁目 1番～9番</value>
        </Data>
        <Data name="町会長">
          <value>牟礼 靖</value>
        </Data>
        <Data name="代表者">
          <value />
        </Data>
        <Data name="連絡先">
          <value>090-7722-9278</value>
        </Data>
        <Data name="電話">
          <value />
        </Data>
        <Data name="メール">
          <value />
        </Data>
        <Data name="町会の紹介">
          <value>街中の掲示板、道路の清掃、防犯、防火、交通安全、青少年育成、地域の各事業等々、町会員が一致協力して地域の安全安心を守っています。町会員として、お祭り等楽しく参加しましょう。皆様の町会への入会をお待ちしております。</value>
        </Data>
        <Data name="活動実績">
          <value />
        </Data>
        <Data name="ホームページ">
          <value />
        </Data>
        <Data name="SNS">
          <value />
        </Data>
        <Data name="出典">
          <value>https://www2.wagmap.jp/shinagawa/OpenDataDetail?lid=2100&amp;mids=110
https://www.city.shinagawa.tokyo.jp/PC/chiiki/chiiki-tyokai/hpg000011182.html
https://www.shinagawa-choukaijichikai.jp/association/
https://pc.tamemap.net/1310901/activities?utf8=%E2%9C%93&amp;area=&amp;category=%E7%94%BA%E4%BC%9A%E3%83%BB%E8%87%AA%E6%B2%BB%E4%BC%9A&amp;word=
https://www.shinagawa-choukaijichikai.jp/ebaraarea/520/</value>
        </Data>
      </ExtendedData>
      <Polygon>
        <tessellate>1</tessellate>
        <altitudeMode>clampToGround</altitudeMode>
        <outerBoundaryIs>
          <LinearRing>
            <coordinates>139.717816,35.617676,0 139.717642,35.617307,0 139.717511,35.617042,0 139.717243,35.616480,0 139.716999,35.615962,0 139.716812,35.615562,0 139.716683,35.615305,0 139.716372,35.614523,0 139.715647,35.614684,0 139.715582,35.614697,0 139.714799,35.614881,0 139.714757,35.614891,0 139.714447,35.614962,0 139.714771,35.615675,0 139.714938,35.616034,0 139.715004,35.616172,0 139.715096,35.616329,0 139.715064,35.616339,0 139.715209,35.616560,0 139.715329,35.616711,0 139.715565,35.616928,0 139.715729,35.617063,0 139.715741,35.617073,0 139.715874,35.617157,0 139.716211,35.617348,0 139.716974,35.617755,0 139.717354,35.617953,0 139.717491,35.618000,0 139.717644,35.618046,0 139.717753,35.618073,0 139.718027,35.618115,0 139.717816,35.617676,0</coordinates>
          </LinearRing>
        </outerBoundaryIs>
      </Polygon>
    </Placemark>
    <Placemark>
      <name>戸越銀座町会</name>
      <description>町会・自治会名: 戸越銀座町会
公式町会名: 戸越銀座町会
地域区分: 荏原第三地域
住所区域: 戸越1丁目 1番～9番 / 戸越1丁目 13番 / 戸越1丁目 15番 / 戸越3丁目 1番～2番
町会の紹介: 町会は町会内皆様の親睦を図る諸活動、区の行事や地元の警察署・消防署の行事への参加・協力、また近隣町会との防災避難訓練、その他町内の高齢者青少年の見守り、社会福祉活動を推進しています。
出典: https://www2.wagmap.jp/shinagawa/OpenDataDetail?lid=2100&amp;mids=110
https://www.city.shinagawa.tokyo.jp/PC/chiiki/chiiki-tyokai/hpg000011182.html
https://www.shinagawa-choukaijichikai.jp/association/
https://pc.tamemap.net/1310901/activities?utf8=%E2%9C%93&amp;area=&amp;category=%E7%94%BA%E4%BC%9A%E3%83%BB%E8%87%AA%E6%B2%BB%E4%BC%9A&amp;word=
https://www.shinagawa-choukaijichikai.jp/ebaraarea/530/</description>
      <styleUrl>#area-1</styleUrl>
      <ExtendedData>
        <Data name="町会・自治会名">
          <value>戸越銀座町会</value>
        </Data>
        <Data name="公式町会名">
          <value>戸越銀座町会</value>
        </Data>
        <Data name="地域区分">
          <value>荏原第三地域</value>
        </Data>
        <Data name="住所区域">
          <value>戸越1丁目 1番～9番 / 戸越1丁目 13番 / 戸越1丁目 15番 / 戸越3丁目 1番～2番</value>
        </Data>
        <Data name="町会長">
          <value />
        </Data>
        <Data name="代表者">
          <value />
        </Data>
        <Data name="連絡先">
          <value />
        </Data>
        <Data name="電話">
          <value />
        </Data>
        <Data name="メール">
          <value />
        </Data>
        <Data name="町会の紹介">
          <value>町会は町会内皆様の親睦を図る諸活動、区の行事や地元の警察署・消防署の行事への参加・協力、また近隣町会との防災避難訓練、その他町内の高齢者青少年の見守り、社会福祉活動を推進しています。</value>
        </Data>
        <Data name="活動実績">
          <value />
        </Data>
        <Data name="ホームページ">
          <value />
        </Data>
        <Data name="SNS">
          <value />
        </Data>
        <Data name="出典">
          <value>https://www2.wagmap.jp/shinagawa/OpenDataDetail?lid=2100&amp;mids=110
https://www.city.shinagawa.tokyo.jp/PC/chiiki/chiiki-tyokai/hpg000011182.html
https://www.shinagawa-choukaijichikai.jp/association/
https://pc.tamemap.net/1310901/activities?utf8=%E2%9C%93&amp;area=&amp;category=%E7%94%BA%E4%BC%9A%E3%83%BB%E8%87%AA%E6%B2%BB%E4%BC%9A&amp;word=
https://www.shinagawa-choukaijichikai.jp/ebaraarea/530/</value>
        </Data>
      </ExtendedData>
      <Polygon>
        <tessellate>1</tessellate>
        <altitudeMode>clampToGround</altitudeMode>
        <outerBoundaryIs>
          <LinearRing>
            <coordinates>139.718352,35.618407,0 139.718397,35.618384,0 139.718535,35.618308,0 139.718716,35.618199,0 139.718880,35.618107,0 139.719370,35.617826,0 139.719441,35.617787,0 139.719508,35.617757,0 139.719602,35.617732,0 139.719727,35.617706,0 139.719712,35.617580,0 139.719656,35.617140,0 139.719640,35.617015,0 139.719643,35.616884,0 139.718976,35.617000,0 139.718932,35.617011,0 139.718875,35.616860,0 139.718842,35.616750,0 139.718838,35.616732,0 139.718766,35.616507,0 139.718661,35.616163,0 139.718694,35.616121,0 139.718594,35.615773,0 139.718130,35.615882,0 139.718039,35.615473,0 139.718034,35.615454,0 139.717944,35.615088,0 139.717935,35.615058,0 139.717803,35.614265,0 139.717766,35.614048,0 139.717033,35.614297,0 139.716757,35.614396,0 139.716480,35.614484,0 139.716372,35.614523,0 139.716683,35.615305,0 139.716812,35.615562,0 139.716999,35.615962,0 139.717243,35.616480,0 139.717511,35.617042,0 139.717642,35.617307,0 139.717816,35.617676,0 139.718027,35.618115,0 139.718086,35.618236,0 139.718198,35.618470,0 139.718352,35.618407,0</coordinates>
          </LinearRing>
        </outerBoundaryIs>
      </Polygon>
    </Placemark>
    <Placemark>
      <name>小山五丁目町会</name>
      <description>町会・自治会名: 小山五丁目町会
公式町会名: 小山五丁目町会
地域区分: 荏原第一地域
住所区域: 小山5丁目 全域
出典: https://www2.wagmap.jp/shinagawa/OpenDataDetail?lid=2100&amp;mids=110
https://www.city.shinagawa.tokyo.jp/PC/chiiki/chiiki-tyokai/hpg000011180.html
https://www.shinagawa-choukaijichikai.jp/association/
https://pc.tamemap.net/1310901/activities?utf8=%E2%9C%93&amp;area=&amp;category=%E7%94%BA%E4%BC%9A%E3%83%BB%E8%87%AA%E6%B2%BB%E4%BC%9A&amp;word=
https://www.shinagawa-choukaijichikai.jp/ebaraarea/350/</description>
      <styleUrl>#area-1</styleUrl>
      <ExtendedData>
        <Data name="町会・自治会名">
          <value>小山五丁目町会</value>
        </Data>
        <Data name="公式町会名">
          <value>小山五丁目町会</value>
        </Data>
        <Data name="地域区分">
          <value>荏原第一地域</value>
        </Data>
        <Data name="住所区域">
          <value>小山5丁目 全域</value>
        </Data>
        <Data name="町会長">
          <value />
        </Data>
        <Data name="代表者">
          <value />
        </Data>
        <Data name="連絡先">
          <value />
        </Data>
        <Data name="電話">
          <value />
        </Data>
        <Data name="メール">
          <value />
        </Data>
        <Data name="町会の紹介">
          <value />
        </Data>
        <Data name="活動実績">
          <value />
        </Data>
        <Data name="ホームページ">
          <value />
        </Data>
        <Data name="SNS">
          <value />
        </Data>
        <Data name="出典">
          <value>https://www2.wagmap.jp/shinagawa/OpenDataDetail?lid=2100&amp;mids=110
https://www.city.shinagawa.tokyo.jp/PC/chiiki/chiiki-tyokai/hpg000011180.html
https://www.shinagawa-choukaijichikai.jp/association/
https://pc.tamemap.net/1310901/activities?utf8=%E2%9C%93&amp;area=&amp;category=%E7%94%BA%E4%BC%9A%E3%83%BB%E8%87%AA%E6%B2%BB%E4%BC%9A&amp;word=
https://www.shinagawa-choukaijichikai.jp/ebaraarea/350/</value>
        </Data>
      </ExtendedData>
      <Polygon>
        <tessellate>1</tessellate>
        <altitudeMode>clampToGround</altitudeMode>
        <outerBoundaryIs>
          <LinearRing>
            <coordinates>139.700864,35.618399,0 139.701073,35.618266,0 139.702198,35.617597,0 139.702688,35.617277,0 139.703067,35.617019,0 139.703935,35.616276,0 139.703353,35.615687,0 139.703026,35.615346,0 139.702729,35.614961,0 139.702645,35.614789,0 139.701999,35.614768,0 139.701953,35.614759,0 139.700871,35.614459,0 139.700282,35.614275,0 139.700233,35.614412,0 139.700153,35.614569,0 139.699726,35.615119,0 139.699649,35.615211,0 139.699329,35.615638,0 139.699023,35.616015,0 139.699049,35.616043,0 139.699089,35.616059,0 139.699477,35.616451,0 139.699973,35.617022,0 139.699584,35.617199,0 139.700104,35.617777,0 139.700729,35.618478,0 139.700864,35.618399,0</coordinates>
          </LinearRing>
        </outerBoundaryIs>
      </Polygon>
    </Placemark>
    <Placemark>
      <name>平塚二丁目町会</name>
      <description>町会・自治会名: 平塚二丁目町会
公式町会名: 平塚二丁目町会
地域区分: 荏原第三地域
住所区域: 荏原2丁目 1番～3番 / 平塚2丁目 7番(1～3号)、8番～20番
出典: https://www2.wagmap.jp/shinagawa/OpenDataDetail?lid=2100&amp;mids=110
https://www.city.shinagawa.tokyo.jp/PC/chiiki/chiiki-tyokai/hpg000011182.html
https://www.shinagawa-choukaijichikai.jp/association/
https://pc.tamemap.net/1310901/activities?utf8=%E2%9C%93&amp;area=&amp;category=%E7%94%BA%E4%BC%9A%E3%83%BB%E8%87%AA%E6%B2%BB%E4%BC%9A&amp;word=
https://www.shinagawa-choukaijichikai.jp/ebaraarea/522/</description>
      <styleUrl>#area-3</styleUrl>
      <ExtendedData>
        <Data name="町会・自治会名">
          <value>平塚二丁目町会</value>
        </Data>
        <Data name="公式町会名">
          <value>平塚二丁目町会</value>
        </Data>
        <Data name="地域区分">
          <value>荏原第三地域</value>
        </Data>
        <Data name="住所区域">
          <value>荏原2丁目 1番～3番 / 平塚2丁目 7番(1～3号)、8番～20番</value>
        </Data>
        <Data name="町会長">
          <value />
        </Data>
        <Data name="代表者">
          <value />
        </Data>
        <Data name="連絡先">
          <value />
        </Data>
        <Data name="電話">
          <value />
        </Data>
        <Data name="メール">
          <value />
        </Data>
        <Data name="町会の紹介">
          <value />
        </Data>
        <Data name="活動実績">
          <value />
        </Data>
        <Data name="ホームページ">
          <value />
        </Data>
        <Data name="SNS">
          <value />
        </Data>
        <Data name="出典">
          <value>https://www2.wagmap.jp/shinagawa/OpenDataDetail?lid=2100&amp;mids=110
https://www.city.shinagawa.tokyo.jp/PC/chiiki/chiiki-tyokai/hpg000011182.html
https://www.shinagawa-choukaijichikai.jp/association/
https://pc.tamemap.net/1310901/activities?utf8=%E2%9C%93&amp;area=&amp;category=%E7%94%BA%E4%BC%9A%E3%83%BB%E8%87%AA%E6%B2%BB%E4%BC%9A&amp;word=
https://www.shinagawa-choukaijichikai.jp/ebaraarea/522/</value>
        </Data>
      </ExtendedData>
      <Polygon>
        <tessellate>1</tessellate>
        <altitudeMode>clampToGround</altitudeMode>
        <outerBoundaryIs>
          <LinearRing>
            <coordinates>139.714063,35.617970,0 139.714247,35.618051,0 139.714457,35.618170,0 139.714534,35.618013,0 139.714720,35.617788,0 139.714893,35.617695,0 139.715124,35.617598,0 139.715322,35.617553,0 139.715322,35.617358,0 139.715323,35.617125,0 139.715499,35.617103,0 139.715729,35.617063,0 139.715565,35.616928,0 139.715329,35.616711,0 139.715209,35.616560,0 139.715064,35.616339,0 139.715096,35.616329,0 139.715004,35.616172,0 139.714938,35.616034,0 139.714771,35.615675,0 139.714447,35.614962,0 139.714341,35.614728,0 139.714025,35.614059,0 139.713431,35.614414,0 139.713157,35.614557,0 139.712694,35.614795,0 139.712398,35.614927,0 139.712822,35.615455,0 139.712471,35.616119,0 139.712379,35.616309,0 139.712264,35.616565,0 139.711836,35.617067,0 139.711847,35.617071,0 139.711534,35.617479,0 139.712646,35.618045,0 139.713241,35.618392,0 139.713563,35.618550,0 139.714063,35.617970,0</coordinates>
          </LinearRing>
        </outerBoundaryIs>
      </Polygon>
    </Placemark>
    <Placemark>
      <name>東親会</name>
      <description>町会・自治会名: 東親会
公式町会名: 東親会
地域区分: 品川第二地域
住所区域: 東品川3丁目 1番（1～14号） / 東品川3丁目 2番～16番 / 東品川3丁目 17番（1～14号、18～25号） / 東品川3丁目 18番～28番 / 東品川3丁目 30番～31番 / 東品川3丁目 32番（1～5号、7～10号、12～42号） / 東品川4丁目 全域
町会の紹介: 半世紀の町会の歴史とともに、居住1.7万人、昼間人ロ3.3万人を優に超える街に大きく変貌したこの地域。移り住んでこられたばかりの方も参加しやすく、親睦を旨としたいろいろな行事を多くの方の参加で幅広く活動しています。
出典: https://www2.wagmap.jp/shinagawa/OpenDataDetail?lid=2100&amp;mids=110
https://www.city.shinagawa.tokyo.jp/PC/chiiki/chiiki-tyokai/hpg000011174.html
https://www.shinagawa-choukaijichikai.jp/association/
https://pc.tamemap.net/1310901/activities?utf8=%E2%9C%93&amp;area=&amp;category=%E7%94%BA%E4%BC%9A%E3%83%BB%E8%87%AA%E6%B2%BB%E4%BC%9A&amp;word=
https://www.shinagawa-choukaijichikai.jp/shinagawaarea/493/</description>
      <styleUrl>#area-0</styleUrl>
      <ExtendedData>
        <Data name="町会・自治会名">
          <value>東親会</value>
        </Data>
        <Data name="公式町会名">
          <value>東親会</value>
        </Data>
        <Data name="地域区分">
          <value>品川第二地域</value>
        </Data>
        <Data name="住所区域">
          <value>東品川3丁目 1番（1～14号） / 東品川3丁目 2番～16番 / 東品川3丁目 17番（1～14号、18～25号） / 東品川3丁目 18番～28番 / 東品川3丁目 30番～31番 / 東品川3丁目 32番（1～5号、7～10号、12～42号） / 東品川4丁目 全域</value>
        </Data>
        <Data name="町会長">
          <value />
        </Data>
        <Data name="代表者">
          <value />
        </Data>
        <Data name="連絡先">
          <value />
        </Data>
        <Data name="電話">
          <value />
        </Data>
        <Data name="メール">
          <value />
        </Data>
        <Data name="町会の紹介">
          <value>半世紀の町会の歴史とともに、居住1.7万人、昼間人ロ3.3万人を優に超える街に大きく変貌したこの地域。移り住んでこられたばかりの方も参加しやすく、親睦を旨としたいろいろな行事を多くの方の参加で幅広く活動しています。</value>
        </Data>
        <Data name="活動実績">
          <value />
        </Data>
        <Data name="ホームページ">
          <value />
        </Data>
        <Data name="SNS">
          <value />
        </Data>
        <Data name="出典">
          <value>https://www2.wagmap.jp/shinagawa/OpenDataDetail?lid=2100&amp;mids=110
https://www.city.shinagawa.tokyo.jp/PC/chiiki/chiiki-tyokai/hpg000011174.html
https://www.shinagawa-choukaijichikai.jp/association/
https://pc.tamemap.net/1310901/activities?utf8=%E2%9C%93&amp;area=&amp;category=%E7%94%BA%E4%BC%9A%E3%83%BB%E8%87%AA%E6%B2%BB%E4%BC%9A&amp;word=
https://www.shinagawa-choukaijichikai.jp/shinagawaarea/493/</value>
        </Data>
      </ExtendedData>
      <Polygon>
        <tessellate>1</tessellate>
        <altitudeMode>clampToGround</altitudeMode>
        <outerBoundaryIs>
          <LinearRing>
            <coordinates>139.752552,35.618368,0 139.752460,35.617431,0 139.752344,35.616416,0 139.751959,35.613376,0 139.751870,35.612439,0 139.751785,35.611801,0 139.751759,35.611641,0 139.751699,35.611094,0 139.751584,35.610098,0 139.751376,35.607859,0 139.751319,35.607329,0 139.750290,35.607379,0 139.749744,35.607410,0 139.749520,35.607367,0 139.749097,35.607304,0 139.748460,35.607200,0 139.747380,35.607020,0 139.747223,35.606995,0 139.746738,35.606881,0 139.745590,35.606684,0 139.745478,35.606663,0 139.745422,35.606653,0 139.745364,35.606656,0 139.745322,35.607170,0 139.745245,35.607970,0 139.745210,35.608316,0 139.745111,35.609410,0 139.745052,35.610126,0 139.744989,35.610852,0 139.744948,35.611376,0 139.744880,35.612358,0 139.744862,35.612569,0 139.744834,35.612891,0 139.744816,35.613256,0 139.744837,35.613529,0 139.744864,35.613686,0 139.744933,35.614148,0 139.744980,35.614446,0 139.745010,35.614557,0 139.745086,35.614783,0 139.745276,35.615293,0 139.745416,35.615634,0 139.745633,35.616173,0 139.745733,35.616446,0 139.745808,35.616617,0 139.746006,35.616539,0 139.746306,35.617161,0 139.746428,35.617190,0 139.746359,35.617374,0 139.746868,35.617502,0 139.747513,35.617674,0 139.748652,35.617957,0 139.749845,35.618305,0 139.752299,35.619001,0 139.752552,35.618368,0</coordinates>
          </LinearRing>
        </outerBoundaryIs>
        <innerBoundaryIs>
          <LinearRing>
            <coordinates>139.749450,35.614381,0 139.749449,35.614243,0 139.749002,35.614215,0 139.749030,35.613977,0 139.750143,35.614061,0 139.750109,35.614428,0 139.749450,35.614381,0</coordinates>
          </LinearRing>
        </innerBoundaryIs>
        <innerBoundaryIs>
          <LinearRing>
            <coordinates>139.748985,35.613191,0 139.748931,35.613190,0 139.748653,35.613165,0 139.748627,35.613143,0 139.748598,35.612768,0 139.748604,35.612760,0 139.748908,35.612747,0 139.748950,35.612745,0 139.749091,35.612740,0 139.749310,35.612739,0 139.749332,35.612756,0 139.749364,35.613203,0 139.749344,35.613222,0 139.748985,35.613191,0</coordinates>
          </LinearRing>
        </innerBoundaryIs>
        <innerBoundaryIs>
          <LinearRing>
            <coordinates>139.750273,35.612838,0 139.750627,35.612814,0 139.750621,35.612757,0 139.750576,35.612370,0 139.750572,35.612332,0 139.750827,35.612313,0 139.750893,35.612997,0 139.750882,35.612998,0 139.750853,35.612999,0 139.750861,35.613084,0 139.750303,35.613125,0 139.750273,35.612838,0</coordinates>
          </LinearRing>
        </innerBoundaryIs>
      </Polygon>
    </Placemark>
    <Placemark>
      <name>北品川三丁目親和会</name>
      <description>町会・自治会名: 北品川三丁目親和会
公式町会名: 北品川三丁目親和会
地域区分: 品川第一地域
住所区域: 南品川4丁目 1番（15号除く） / 南品川4丁目 2番（23～38号） / 北品川2丁目 34番 / 北品川3丁目 1番～11番 / 北品川4丁目 11番
町会長: 但馬 一誠
連絡先: 090-5218-4838
町会の紹介: 私たちの町会は、北は新八ツ山橋から南は目黒川を越えて南品川４丁目の一部を含む広い地域です。町内にある義務教育学校「品川区立品川学園」は１学年から９学年まで１，１００人を超える子どもたちが通う区内随一の学校です。権現山公園の桜、品川神社の鎮守の森、子供の森公園など緑も豊かなわが町の散策にぜひお越しください。
出典: https://www2.wagmap.jp/shinagawa/OpenDataDetail?lid=2100&amp;mids=110
https://www.city.shinagawa.tokyo.jp/PC/chiiki/chiiki-tyokai/hpg000011172.html
https://www.shinagawa-choukaijichikai.jp/association/
https://pc.tamemap.net/1310901/activities?utf8=%E2%9C%93&amp;area=&amp;category=%E7%94%BA%E4%BC%9A%E3%83%BB%E8%87%AA%E6%B2%BB%E4%BC%9A&amp;word=
https://www.shinagawa-choukaijichikai.jp/shinagawaarea/330/</description>
      <styleUrl>#area-2</styleUrl>
      <ExtendedData>
        <Data name="町会・自治会名">
          <value>北品川三丁目親和会</value>
        </Data>
        <Data name="公式町会名">
          <value>北品川三丁目親和会</value>
        </Data>
        <Data name="地域区分">
          <value>品川第一地域</value>
        </Data>
        <Data name="住所区域">
          <value>南品川4丁目 1番（15号除く） / 南品川4丁目 2番（23～38号） / 北品川2丁目 34番 / 北品川3丁目 1番～11番 / 北品川4丁目 11番</value>
        </Data>
        <Data name="町会長">
          <value>但馬 一誠</value>
        </Data>
        <Data name="代表者">
          <value />
        </Data>
        <Data name="連絡先">
          <value>090-5218-4838</value>
        </Data>
        <Data name="電話">
          <value />
        </Data>
        <Data name="メール">
          <value />
        </Data>
        <Data name="町会の紹介">
          <value>私たちの町会は、北は新八ツ山橋から南は目黒川を越えて南品川４丁目の一部を含む広い地域です。町内にある義務教育学校「品川区立品川学園」は１学年から９学年まで１，１００人を超える子どもたちが通う区内随一の学校です。権現山公園の桜、品川神社の鎮守の森、子供の森公園など緑も豊かなわが町の散策にぜひお越しください。</value>
        </Data>
        <Data name="活動実績">
          <value />
        </Data>
        <Data name="ホームページ">
          <value />
        </Data>
        <Data name="SNS">
          <value />
        </Data>
        <Data name="出典">
          <value>https://www2.wagmap.jp/shinagawa/OpenDataDetail?lid=2100&amp;mids=110
https://www.city.shinagawa.tokyo.jp/PC/chiiki/chiiki-tyokai/hpg000011172.html
https://www.shinagawa-choukaijichikai.jp/association/
https://pc.tamemap.net/1310901/activities?utf8=%E2%9C%93&amp;area=&amp;category=%E7%94%BA%E4%BC%9A%E3%83%BB%E8%87%AA%E6%B2%BB%E4%BC%9A&amp;word=
https://www.shinagawa-choukaijichikai.jp/shinagawaarea/330/</value>
        </Data>
      </ExtendedData>
      <Polygon>
        <tessellate>1</tessellate>
        <altitudeMode>clampToGround</altitudeMode>
        <outerBoundaryIs>
          <LinearRing>
            <coordinates>139.738688,35.622405,0 139.739237,35.621581,0 139.739598,35.621033,0 139.740021,35.620377,0 139.740432,35.619739,0 139.740505,35.619610,0 139.740570,35.619480,0 139.740639,35.619332,0 139.740744,35.619048,0 139.740819,35.618688,0 139.740876,35.618263,0 139.740926,35.617905,0 139.741025,35.616885,0 139.741359,35.616900,0 139.741524,35.616198,0 139.741391,35.616169,0 139.741090,35.616094,0 139.740739,35.616012,0 139.739927,35.615818,0 139.739837,35.615798,0 139.739796,35.615786,0 139.739742,35.615777,0 139.739665,35.615771,0 139.739567,35.615770,0 139.739489,35.615777,0 139.739391,35.615784,0 139.739264,35.615799,0 139.739206,35.614442,0 139.739195,35.614174,0 139.738786,35.614198,0 139.738296,35.614227,0 139.738161,35.614225,0 139.738052,35.614216,0 139.737727,35.614236,0 139.737725,35.614418,0 139.737743,35.614731,0 139.737777,35.615038,0 139.737788,35.615852,0 139.737561,35.615805,0 139.737409,35.615787,0 139.737278,35.615781,0 139.737179,35.615774,0 139.737132,35.615777,0 139.737087,35.615779,0 139.737028,35.615785,0 139.736571,35.615880,0 139.736527,35.615887,0 139.736287,35.615921,0 139.735965,35.615989,0 139.735809,35.616034,0 139.735669,35.616093,0 139.735605,35.616121,0 139.735505,35.616186,0 139.735409,35.616265,0 139.735311,35.616370,0 139.735154,35.616587,0 139.734976,35.616859,0 139.734951,35.616903,0 139.735340,35.617123,0 139.735611,35.617284,0 139.735783,35.617394,0 139.735917,35.617491,0 139.735998,35.617553,0 139.736042,35.617592,0 139.736136,35.617672,0 139.736234,35.617752,0 139.736345,35.617847,0 139.736499,35.617993,0 139.736645,35.618131,0 139.736963,35.618478,0 139.737063,35.618611,0 139.737622,35.619403,0 139.737903,35.619955,0 139.737936,35.620041,0 139.737975,35.620166,0 139.737988,35.620213,0 139.738024,35.620345,0 139.738057,35.620472,0 139.738063,35.620526,0 139.738065,35.620614,0 139.738097,35.620770,0 139.738165,35.621040,0 139.738258,35.621399,0 139.738340,35.621715,0 139.738438,35.622090,0 139.738572,35.622585,0 139.738688,35.622405,0</coordinates>
          </LinearRing>
        </outerBoundaryIs>
      </Polygon>
    </Placemark>
    <Placemark>
      <name>小関親睦会</name>
      <description>町会・自治会名: 小関親睦会
公式町会名: 小関親睦会
地域区分: 品川第一地域
住所区域: 北品川5丁目 3番～9番 / 北品川5丁目 10番（1～3号）
町会長: 宇田川 三雄
町会の紹介: 永年にわたり準工業地帯として栄えて来た待ちも昭和５３年頃から、マンションが建ち始め、今では住民の９割以上はマンションの住民。主な町会行事は３月の清水稲荷例祭、防犯パトロール、町内清掃、６月の品川神社例大祭、１０月の町内家族会、１２月のもちつき大会、歳末警戒等を実施し、古き良き伝統を守り町内の親睦を図って行きたいと思います。
出典: https://www2.wagmap.jp/shinagawa/OpenDataDetail?lid=2100&amp;mids=110
https://www.city.shinagawa.tokyo.jp/PC/chiiki/chiiki-tyokai/hpg000011172.html
https://www.shinagawa-choukaijichikai.jp/association/
https://pc.tamemap.net/1310901/activities?utf8=%E2%9C%93&amp;area=&amp;category=%E7%94%BA%E4%BC%9A%E3%83%BB%E8%87%AA%E6%B2%BB%E4%BC%9A&amp;word=
https://www.shinagawa-choukaijichikai.jp/shinagawaarea/331/</description>
      <styleUrl>#area-3</styleUrl>
      <ExtendedData>
        <Data name="町会・自治会名">
          <value>小関親睦会</value>
        </Data>
        <Data name="公式町会名">
          <value>小関親睦会</value>
        </Data>
        <Data name="地域区分">
          <value>品川第一地域</value>
        </Data>
        <Data name="住所区域">
          <value>北品川5丁目 3番～9番 / 北品川5丁目 10番（1～3号）</value>
        </Data>
        <Data name="町会長">
          <value>宇田川 三雄</value>
        </Data>
        <Data name="代表者">
          <value />
        </Data>
        <Data name="連絡先">
          <value />
        </Data>
        <Data name="電話">
          <value />
        </Data>
        <Data name="メール">
          <value />
        </Data>
        <Data name="町会の紹介">
          <value>永年にわたり準工業地帯として栄えて来た待ちも昭和５３年頃から、マンションが建ち始め、今では住民の９割以上はマンションの住民。主な町会行事は３月の清水稲荷例祭、防犯パトロール、町内清掃、６月の品川神社例大祭、１０月の町内家族会、１２月のもちつき大会、歳末警戒等を実施し、古き良き伝統を守り町内の親睦を図って行きたいと思います。</value>
        </Data>
        <Data name="活動実績">
          <value />
        </Data>
        <Data name="ホームページ">
          <value />
        </Data>
        <Data name="SNS">
          <value />
        </Data>
        <Data name="出典">
          <value>https://www2.wagmap.jp/shinagawa/OpenDataDetail?lid=2100&amp;mids=110
https://www.city.shinagawa.tokyo.jp/PC/chiiki/chiiki-tyokai/hpg000011172.html
https://www.shinagawa-choukaijichikai.jp/association/
https://pc.tamemap.net/1310901/activities?utf8=%E2%9C%93&amp;area=&amp;category=%E7%94%BA%E4%BC%9A%E3%83%BB%E8%87%AA%E6%B2%BB%E4%BC%9A&amp;word=
https://www.shinagawa-choukaijichikai.jp/shinagawaarea/331/</value>
        </Data>
      </ExtendedData>
      <Polygon>
        <tessellate>1</tessellate>
        <altitudeMode>clampToGround</altitudeMode>
        <outerBoundaryIs>
          <LinearRing>
            <coordinates>139.730484,35.622943,0 139.731000,35.622936,0 139.731262,35.622933,0 139.732053,35.622927,0 139.732078,35.622931,0 139.732152,35.622940,0 139.732165,35.622899,0 139.732136,35.622680,0 139.732131,35.622646,0 139.732077,35.622263,0 139.732074,35.622243,0 139.732077,35.622211,0 139.732102,35.622126,0 139.732110,35.622093,0 139.732456,35.622133,0 139.732660,35.621417,0 139.732893,35.621462,0 139.732939,35.621263,0 139.733179,35.620857,0 139.733213,35.620856,0 139.733279,35.620681,0 139.733327,35.620618,0 139.733327,35.620603,0 139.733304,35.620564,0 139.733414,35.620289,0 139.733478,35.620181,0 139.733516,35.620149,0 139.733568,35.620165,0 139.733778,35.619891,0 139.733785,35.619826,0 139.733818,35.619830,0 139.733827,35.619792,0 139.733870,35.619788,0 139.733885,35.619763,0 139.733989,35.619615,0 139.734661,35.619714,0 139.734887,35.619547,0 139.734907,35.619549,0 139.735051,35.619510,0 139.735232,35.619441,0 139.735579,35.619274,0 139.735568,35.619233,0 139.735351,35.618894,0 139.735297,35.618815,0 139.735162,35.618539,0 139.735083,35.618345,0 139.735070,35.618313,0 139.735063,35.618303,0 139.735056,35.618297,0 139.734734,35.618169,0 139.734605,35.618125,0 139.734556,35.618116,0 139.734515,35.618109,0 139.734456,35.618109,0 139.734372,35.618122,0 139.734348,35.618127,0 139.734313,35.618130,0 139.734229,35.618107,0 139.734150,35.618219,0 139.734052,35.618362,0 139.733970,35.618463,0 139.733760,35.618631,0 139.733636,35.618711,0 139.733484,35.618800,0 139.733098,35.618999,0 139.732811,35.619150,0 139.732566,35.619291,0 139.732422,35.619366,0 139.732286,35.619449,0 139.732135,35.619552,0 139.731991,35.619668,0 139.731617,35.619967,0 139.731312,35.620201,0 139.731162,35.620302,0 139.731049,35.620377,0 139.730994,35.620409,0 139.730881,35.620471,0 139.730827,35.620500,0 139.730759,35.620525,0 139.730521,35.620616,0 139.730396,35.620657,0 139.730315,35.620689,0 139.730223,35.620721,0 139.730019,35.620796,0 139.729852,35.620871,0 139.729746,35.620930,0 139.729479,35.621181,0 139.729431,35.621234,0 139.729534,35.621388,0 139.729555,35.621419,0 139.729850,35.621894,0 139.729992,35.622114,0 139.730027,35.622949,0 139.730484,35.622943,0</coordinates>
          </LinearRing>
        </outerBoundaryIs>
      </Polygon>
    </Placemark>
    <Placemark>
      <name>大崎居木橋町会</name>
      <description>町会・自治会名: 大崎居木橋町会
公式町会名: 大崎居木橋町会
地域区分: 大崎第二地域
住所区域: 大崎1丁目 全域
町会の紹介: 大崎居木橋町会（大崎1丁目）は、町会周辺の開発事業がほぼ整い、町会行事では新しい方のお顔が見られるようになりました。次世代の方々に「地域の絆と和」の大切さを体験していただけるように、春のお花見、夏の祭礼（お祭り）、親子バスハイク、女性部研修会、プラチナ会の日帰りツアー等を催しいたします。楽しく、交流を行う町会です。是非、お気軽に参加してみてください。
出典: https://www2.wagmap.jp/shinagawa/OpenDataDetail?lid=2100&amp;mids=110
https://www.city.shinagawa.tokyo.jp/PC/chiiki/chiiki-tyokai/hpg000011176.html
https://www.shinagawa-choukaijichikai.jp/association/
https://pc.tamemap.net/1310901/activities?utf8=%E2%9C%93&amp;area=&amp;category=%E7%94%BA%E4%BC%9A%E3%83%BB%E8%87%AA%E6%B2%BB%E4%BC%9A&amp;word=
https://www.shinagawa-choukaijichikai.jp/osakiarea/431/</description>
      <styleUrl>#area-2</styleUrl>
      <ExtendedData>
        <Data name="町会・自治会名">
          <value>大崎居木橋町会</value>
        </Data>
        <Data name="公式町会名">
          <value>大崎居木橋町会</value>
        </Data>
        <Data name="地域区分">
          <value>大崎第二地域</value>
        </Data>
        <Data name="住所区域">
          <value>大崎1丁目 全域</value>
        </Data>
        <Data name="町会長">
          <value />
        </Data>
        <Data name="代表者">
          <value />
        </Data>
        <Data name="連絡先">
          <value />
        </Data>
        <Data name="電話">
          <value />
        </Data>
        <Data name="メール">
          <value />
        </Data>
        <Data name="町会の紹介">
          <value>大崎居木橋町会（大崎1丁目）は、町会周辺の開発事業がほぼ整い、町会行事では新しい方のお顔が見られるようになりました。次世代の方々に「地域の絆と和」の大切さを体験していただけるように、春のお花見、夏の祭礼（お祭り）、親子バスハイク、女性部研修会、プラチナ会の日帰りツアー等を催しいたします。楽しく、交流を行う町会です。是非、お気軽に参加してみてください。</value>
        </Data>
        <Data name="活動実績">
          <value />
        </Data>
        <Data name="ホームページ">
          <value />
        </Data>
        <Data name="SNS">
          <value />
        </Data>
        <Data name="出典">
          <value>https://www2.wagmap.jp/shinagawa/OpenDataDetail?lid=2100&amp;mids=110
https://www.city.shinagawa.tokyo.jp/PC/chiiki/chiiki-tyokai/hpg000011176.html
https://www.shinagawa-choukaijichikai.jp/association/
https://pc.tamemap.net/1310901/activities?utf8=%E2%9C%93&amp;area=&amp;category=%E7%94%BA%E4%BC%9A%E3%83%BB%E8%87%AA%E6%B2%BB%E4%BC%9A&amp;word=
https://www.shinagawa-choukaijichikai.jp/osakiarea/431/</value>
        </Data>
      </ExtendedData>
      <Polygon>
        <tessellate>1</tessellate>
        <altitudeMode>clampToGround</altitudeMode>
        <outerBoundaryIs>
          <LinearRing>
            <coordinates>139.725125,35.624305,0 139.725257,35.624299,0 139.725409,35.624281,0 139.725444,35.624278,0 139.725577,35.624228,0 139.726431,35.623754,0 139.726595,35.623649,0 139.726685,35.623592,0 139.727438,35.623033,0 139.727932,35.622671,0 139.728441,35.622288,0 139.728573,35.622164,0 139.729071,35.621632,0 139.729431,35.621234,0 139.729479,35.621181,0 139.729746,35.620930,0 139.729852,35.620871,0 139.730019,35.620796,0 139.730223,35.620721,0 139.730315,35.620689,0 139.730396,35.620657,0 139.730521,35.620616,0 139.730759,35.620525,0 139.730827,35.620500,0 139.730881,35.620471,0 139.730994,35.620409,0 139.731049,35.620377,0 139.731162,35.620302,0 139.731312,35.620201,0 139.731617,35.619967,0 139.731991,35.619668,0 139.732135,35.619552,0 139.732286,35.619449,0 139.732422,35.619366,0 139.732566,35.619291,0 139.732811,35.619150,0 139.733098,35.618999,0 139.733484,35.618800,0 139.733636,35.618711,0 139.733760,35.618631,0 139.733970,35.618463,0 139.734052,35.618362,0 139.734150,35.618219,0 139.734229,35.618107,0 139.734290,35.618021,0 139.734353,35.617912,0 139.734652,35.617412,0 139.734847,35.617084,0 139.734951,35.616903,0 139.734861,35.616867,0 139.734720,35.616810,0 139.734616,35.616769,0 139.734506,35.616732,0 139.734371,35.616694,0 139.734243,35.616664,0 139.734165,35.616645,0 139.734024,35.616615,0 139.733882,35.616593,0 139.733819,35.616587,0 139.733667,35.616574,0 139.733525,35.616558,0 139.733285,35.616538,0 139.733115,35.616522,0 139.732751,35.616489,0 139.732575,35.616467,0 139.732434,35.616454,0 139.732363,35.616445,0 139.732270,35.616430,0 139.732090,35.616396,0 139.732010,35.616386,0 139.731872,35.616354,0 139.731837,35.616345,0 139.731699,35.616304,0 139.731545,35.616262,0 139.731478,35.616236,0 139.731359,35.616199,0 139.731309,35.616183,0 139.731309,35.616183,0 139.730993,35.616052,0 139.730817,35.616310,0 139.730624,35.616556,0 139.730364,35.616872,0 139.730116,35.617157,0 139.730012,35.617254,0 139.729893,35.617345,0 139.729768,35.617435,0 139.729662,35.617519,0 139.729528,35.617609,0 139.729417,35.617685,0 139.729287,35.617752,0 139.729235,35.617782,0 139.729206,35.617801,0 139.729163,35.617835,0 139.728851,35.618210,0 139.728460,35.618725,0 139.728286,35.618974,0 139.728198,35.619092,0 139.728110,35.619203,0 139.728012,35.619340,0 139.727908,35.619479,0 139.727719,35.619731,0 139.727553,35.619941,0 139.727528,35.619994,0 139.727339,35.620491,0 139.727294,35.620583,0 139.727166,35.620813,0 139.727032,35.620999,0 139.726926,35.621151,0 139.726507,35.621894,0 139.726297,35.622260,0 139.726220,35.622374,0 139.726054,35.622629,0 139.725843,35.622908,0 139.725590,35.623253,0 139.725351,35.623613,0 139.725281,35.623733,0 139.725211,35.623847,0 139.724854,35.624328,0 139.725125,35.624305,0</coordinates>
          </LinearRing>
        </outerBoundaryIs>
      </Polygon>
    </Placemark>
    <Placemark>
      <name>御殿山町会</name>
      <description>町会・自治会名: 御殿山町会
公式町会名: 御殿山町会
地域区分: 品川第一地域
住所区域: 北品川4丁目 1番～10番 / 北品川5丁目 10番（4号～） / 北品川5丁目 11番～20番 / 北品川6丁目 6番～7番
町会長: 和田 好史
連絡先: 03-3447-3502
町会の紹介: 御殿山は、江戸時代より何枚も浮世絵に描かれた桜の名所でした。今でも、春にはあちらこちらに桜咲いて、緑が多い町です。当町会では防犯部・交通部・婦人部・青年部を中心に安心安全な町づくり、お花見・バス旅行等を行っています。また敬老会（さくら会）や祭礼等をサポートしています。皆様のご参加をお持ちしています。
出典: https://www2.wagmap.jp/shinagawa/OpenDataDetail?lid=2100&amp;mids=110
https://www.city.shinagawa.tokyo.jp/PC/chiiki/chiiki-tyokai/hpg000011172.html
https://www.shinagawa-choukaijichikai.jp/association/
https://pc.tamemap.net/1310901/activities?utf8=%E2%9C%93&amp;area=&amp;category=%E7%94%BA%E4%BC%9A%E3%83%BB%E8%87%AA%E6%B2%BB%E4%BC%9A&amp;word=
https://www.shinagawa-choukaijichikai.jp/shinagawaarea/332/</description>
      <styleUrl>#area-0</styleUrl>
      <ExtendedData>
        <Data name="町会・自治会名">
          <value>御殿山町会</value>
        </Data>
        <Data name="公式町会名">
          <value>御殿山町会</value>
        </Data>
        <Data name="地域区分">
          <value>品川第一地域</value>
        </Data>
        <Data name="住所区域">
          <value>北品川4丁目 1番～10番 / 北品川5丁目 10番（4号～） / 北品川5丁目 11番～20番 / 北品川6丁目 6番～7番</value>
        </Data>
        <Data name="町会長">
          <value>和田 好史</value>
        </Data>
        <Data name="代表者">
          <value />
        </Data>
        <Data name="連絡先">
          <value>03-3447-3502</value>
        </Data>
        <Data name="電話">
          <value />
        </Data>
        <Data name="メール">
          <value />
        </Data>
        <Data name="町会の紹介">
          <value>御殿山は、江戸時代より何枚も浮世絵に描かれた桜の名所でした。今でも、春にはあちらこちらに桜咲いて、緑が多い町です。当町会では防犯部・交通部・婦人部・青年部を中心に安心安全な町づくり、お花見・バス旅行等を行っています。また敬老会（さくら会）や祭礼等をサポートしています。皆様のご参加をお持ちしています。</value>
        </Data>
        <Data name="活動実績">
          <value />
        </Data>
        <Data name="ホームページ">
          <value />
        </Data>
        <Data name="SNS">
          <value />
        </Data>
        <Data name="出典">
          <value>https://www2.wagmap.jp/shinagawa/OpenDataDetail?lid=2100&amp;mids=110
https://www.city.shinagawa.tokyo.jp/PC/chiiki/chiiki-tyokai/hpg000011172.html
https://www.shinagawa-choukaijichikai.jp/association/
https://pc.tamemap.net/1310901/activities?utf8=%E2%9C%93&amp;area=&amp;category=%E7%94%BA%E4%BC%9A%E3%83%BB%E8%87%AA%E6%B2%BB%E4%BC%9A&amp;word=
https://www.shinagawa-choukaijichikai.jp/shinagawaarea/332/</value>
        </Data>
      </ExtendedData>
      <Polygon>
        <tessellate>1</tessellate>
        <altitudeMode>clampToGround</altitudeMode>
        <outerBoundaryIs>
          <LinearRing>
            <coordinates>139.733790,35.625978,0 139.734006,35.625631,0 139.734475,35.624884,0 139.734585,35.624705,0 139.734620,35.624651,0 139.734659,35.624601,0 139.734723,35.624517,0 139.734783,35.624398,0 139.734809,35.624335,0 139.734825,35.624289,0 139.734935,35.623995,0 139.734988,35.623846,0 139.735009,35.623748,0 139.735106,35.623475,0 139.735155,35.623372,0 139.735264,35.623135,0 139.735801,35.623000,0 139.735818,35.623000,0 139.735847,35.622997,0 139.735872,35.622994,0 139.735907,35.622995,0 139.735965,35.622992,0 139.736031,35.622990,0 139.736054,35.622992,0 139.736085,35.622990,0 139.736108,35.622994,0 139.736177,35.623012,0 139.737390,35.623392,0 139.737350,35.623829,0 139.737919,35.623991,0 139.737817,35.624594,0 139.737840,35.624604,0 139.738376,35.624877,0 139.738623,35.624710,0 139.738797,35.624592,0 139.738910,35.624598,0 139.738899,35.624383,0 139.738881,35.624349,0 139.738750,35.623816,0 139.738600,35.623254,0 139.738538,35.623015,0 139.738501,35.622756,0 139.738485,35.622689,0 139.738572,35.622585,0 139.738438,35.622090,0 139.738340,35.621715,0 139.738258,35.621399,0 139.738165,35.621040,0 139.738097,35.620770,0 139.738065,35.620614,0 139.738063,35.620526,0 139.738057,35.620472,0 139.738024,35.620345,0 139.737988,35.620213,0 139.737975,35.620166,0 139.737936,35.620041,0 139.737903,35.619955,0 139.737622,35.619403,0 139.737063,35.618611,0 139.736963,35.618478,0 139.736645,35.618131,0 139.736499,35.617993,0 139.736345,35.617847,0 139.736234,35.617752,0 139.736136,35.617672,0 139.736042,35.617592,0 139.735998,35.617553,0 139.735917,35.617491,0 139.735783,35.617394,0 139.735611,35.617284,0 139.735340,35.617123,0 139.734951,35.616903,0 139.734847,35.617084,0 139.734652,35.617412,0 139.734353,35.617912,0 139.734290,35.618021,0 139.734229,35.618107,0 139.734313,35.618130,0 139.734348,35.618127,0 139.734372,35.618122,0 139.734456,35.618109,0 139.734515,35.618109,0 139.734556,35.618116,0 139.734605,35.618125,0 139.734734,35.618169,0 139.735056,35.618297,0 139.735063,35.618303,0 139.735070,35.618313,0 139.735083,35.618345,0 139.735162,35.618539,0 139.735297,35.618815,0 139.735351,35.618894,0 139.735568,35.619233,0 139.735579,35.619274,0 139.735232,35.619441,0 139.735051,35.619510,0 139.734907,35.619549,0 139.734887,35.619547,0 139.734661,35.619714,0 139.733989,35.619615,0 139.733885,35.619763,0 139.733870,35.619788,0 139.733827,35.619792,0 139.733818,35.619830,0 139.733785,35.619826,0 139.733778,35.619891,0 139.733568,35.620165,0 139.733516,35.620149,0 139.733478,35.620181,0 139.733414,35.620289,0 139.733304,35.620564,0 139.733327,35.620603,0 139.733327,35.620618,0 139.733279,35.620681,0 139.733213,35.620856,0 139.733179,35.620857,0 139.732939,35.621263,0 139.732893,35.621462,0 139.732660,35.621417,0 139.732456,35.622133,0 139.732110,35.622093,0 139.732102,35.622126,0 139.732077,35.622211,0 139.732074,35.622243,0 139.732077,35.622263,0 139.732131,35.622646,0 139.732136,35.622680,0 139.732165,35.622899,0 139.732152,35.622940,0 139.732825,35.623613,0 139.732747,35.623852,0 139.732906,35.624428,0 139.732938,35.624496,0 139.732988,35.624704,0 139.733011,35.625409,0 139.732719,35.626014,0 139.733790,35.625978,0</coordinates>
          </LinearRing>
        </outerBoundaryIs>
      </Polygon>
    </Placemark>
    <Placemark>
      <name>大森駅前住宅自治会</name>
      <description>町会・自治会名: 大森駅前住宅自治会
公式町会名: 大森駅前住宅自治会
地域区分: 大井第一地域
住所区域: 南大井6丁目 18番
町会の紹介: 住民の親睦を兼ねて団地祭や盆踊り、お餅つき等、住民同志の交流で楽しい行事があります。秋空の許、連合大運動会に一人でも多く参加して頂きたい。年末の夜警もお子さんやお孫さん連れで参加され、「火の用心」と叫ぶのも親子の意思の疎通です。
出典: https://www2.wagmap.jp/shinagawa/OpenDataDetail?lid=2100&amp;mids=110
https://www.city.shinagawa.tokyo.jp/PC/chiiki/chiiki-tyokai/hpg000011177.html
https://www.shinagawa-choukaijichikai.jp/association/
https://pc.tamemap.net/1310901/activities?utf8=%E2%9C%93&amp;area=&amp;category=%E7%94%BA%E4%BC%9A%E3%83%BB%E8%87%AA%E6%B2%BB%E4%BC%9A&amp;word=
https://www.shinagawa-choukaijichikai.jp/oiarea/460/</description>
      <styleUrl>#area-1</styleUrl>
      <ExtendedData>
        <Data name="町会・自治会名">
          <value>大森駅前住宅自治会</value>
        </Data>
        <Data name="公式町会名">
          <value>大森駅前住宅自治会</value>
        </Data>
        <Data name="地域区分">
          <value>大井第一地域</value>
        </Data>
        <Data name="住所区域">
          <value>南大井6丁目 18番</value>
        </Data>
        <Data name="町会長">
          <value />
        </Data>
        <Data name="代表者">
          <value />
        </Data>
        <Data name="連絡先">
          <value />
        </Data>
        <Data name="電話">
          <value />
        </Data>
        <Data name="メール">
          <value />
        </Data>
        <Data name="町会の紹介">
          <value>住民の親睦を兼ねて団地祭や盆踊り、お餅つき等、住民同志の交流で楽しい行事があります。秋空の許、連合大運動会に一人でも多く参加して頂きたい。年末の夜警もお子さんやお孫さん連れで参加され、「火の用心」と叫ぶのも親子の意思の疎通です。</value>
        </Data>
        <Data name="活動実績">
          <value />
        </Data>
        <Data name="ホームページ">
          <value />
        </Data>
        <Data name="SNS">
          <value />
        </Data>
        <Data name="出典">
          <value>https://www2.wagmap.jp/shinagawa/OpenDataDetail?lid=2100&amp;mids=110
https://www.city.shinagawa.tokyo.jp/PC/chiiki/chiiki-tyokai/hpg000011177.html
https://www.shinagawa-choukaijichikai.jp/association/
https://pc.tamemap.net/1310901/activities?utf8=%E2%9C%93&amp;area=&amp;category=%E7%94%BA%E4%BC%9A%E3%83%BB%E8%87%AA%E6%B2%BB%E4%BC%9A&amp;word=
https://www.shinagawa-choukaijichikai.jp/oiarea/460/</value>
        </Data>
      </ExtendedData>
      <Polygon>
        <tessellate>1</tessellate>
        <altitudeMode>clampToGround</altitudeMode>
        <outerBoundaryIs>
          <LinearRing>
            <coordinates>139.731454,35.591040,0 139.731606,35.590950,0 139.731800,35.590858,0 139.732025,35.590778,0 139.732043,35.590729,0 139.731839,35.590461,0 139.731678,35.590230,0 139.731618,35.590133,0 139.731456,35.589874,0 139.731375,35.589708,0 139.731327,35.589686,0 139.730289,35.589894,0 139.730261,35.589940,0 139.730974,35.591231,0 139.731078,35.591256,0 139.731454,35.591040,0</coordinates>
          </LinearRing>
        </outerBoundaryIs>
      </Polygon>
    </Placemark>
    <Placemark>
      <name>大井坂下町会</name>
      <description>町会・自治会名: 大井坂下町会
公式町会名: 大井坂下町会
地域区分: 大井第一地域
住所区域: 南大井6丁目 15番～17番 / 南大井6丁目 19番～28番
町会の紹介: 当町会は駅前再開発で多くの方が転居されました。跡地にはオフィスビルやマンションが立ち並び、明るく緑多い地域です。各種行事は人数も少なく、平均年齢は高くなってまいりました。町会活動への住民参加を切に希望しています。
出典: https://www2.wagmap.jp/shinagawa/OpenDataDetail?lid=2100&amp;mids=110
https://www.city.shinagawa.tokyo.jp/PC/chiiki/chiiki-tyokai/hpg000011177.html
https://www.shinagawa-choukaijichikai.jp/association/
https://pc.tamemap.net/1310901/activities?utf8=%E2%9C%93&amp;area=&amp;category=%E7%94%BA%E4%BC%9A%E3%83%BB%E8%87%AA%E6%B2%BB%E4%BC%9A&amp;word=
https://www.shinagawa-choukaijichikai.jp/oiarea/450/</description>
      <styleUrl>#area-0</styleUrl>
      <ExtendedData>
        <Data name="町会・自治会名">
          <value>大井坂下町会</value>
        </Data>
        <Data name="公式町会名">
          <value>大井坂下町会</value>
        </Data>
        <Data name="地域区分">
          <value>大井第一地域</value>
        </Data>
        <Data name="住所区域">
          <value>南大井6丁目 15番～17番 / 南大井6丁目 19番～28番</value>
        </Data>
        <Data name="町会長">
          <value />
        </Data>
        <Data name="代表者">
          <value />
        </Data>
        <Data name="連絡先">
          <value />
        </Data>
        <Data name="電話">
          <value />
        </Data>
        <Data name="メール">
          <value />
        </Data>
        <Data name="町会の紹介">
          <value>当町会は駅前再開発で多くの方が転居されました。跡地にはオフィスビルやマンションが立ち並び、明るく緑多い地域です。各種行事は人数も少なく、平均年齢は高くなってまいりました。町会活動への住民参加を切に希望しています。</value>
        </Data>
        <Data name="活動実績">
          <value />
        </Data>
        <Data name="ホームページ">
          <value />
        </Data>
        <Data name="SNS">
          <value />
        </Data>
        <Data name="出典">
          <value>https://www2.wagmap.jp/shinagawa/OpenDataDetail?lid=2100&amp;mids=110
https://www.city.shinagawa.tokyo.jp/PC/chiiki/chiiki-tyokai/hpg000011177.html
https://www.shinagawa-choukaijichikai.jp/association/
https://pc.tamemap.net/1310901/activities?utf8=%E2%9C%93&amp;area=&amp;category=%E7%94%BA%E4%BC%9A%E3%83%BB%E8%87%AA%E6%B2%BB%E4%BC%9A&amp;word=
https://www.shinagawa-choukaijichikai.jp/oiarea/450/</value>
        </Data>
      </ExtendedData>
      <Polygon>
        <tessellate>1</tessellate>
        <altitudeMode>clampToGround</altitudeMode>
        <outerBoundaryIs>
          <LinearRing>
            <coordinates>139.730677,35.591604,0 139.730935,35.591453,0 139.731105,35.591355,0 139.731694,35.591013,0 139.731785,35.590968,0 139.731935,35.590904,0 139.732074,35.590861,0 139.732173,35.590825,0 139.733232,35.590546,0 139.733063,35.589996,0 139.732793,35.589062,0 139.732512,35.588145,0 139.732266,35.587326,0 139.732101,35.587321,0 139.731453,35.587303,0 139.729911,35.587246,0 139.729867,35.587364,0 139.729448,35.588165,0 139.729416,35.588283,0 139.729398,35.588459,0 139.729407,35.588562,0 139.729452,35.588680,0 139.729497,35.588772,0 139.729870,35.589456,0 139.729149,35.589609,0 139.729351,35.590074,0 139.729370,35.590138,0 139.729405,35.590261,0 139.729488,35.590524,0 139.729609,35.590801,0 139.729655,35.590893,0 139.729808,35.591166,0 139.730152,35.591766,0 139.730189,35.591826,0 139.730677,35.591604,0</coordinates>
          </LinearRing>
        </outerBoundaryIs>
        <innerBoundaryIs>
          <LinearRing>
            <coordinates>139.730974,35.591231,0 139.730261,35.589940,0 139.730289,35.589894,0 139.731327,35.589686,0 139.731375,35.589708,0 139.731456,35.589874,0 139.731618,35.590133,0 139.731678,35.590230,0 139.731839,35.590461,0 139.732043,35.590729,0 139.732025,35.590778,0 139.731800,35.590858,0 139.731606,35.590950,0 139.731454,35.591040,0 139.731078,35.591256,0 139.730974,35.591231,0</coordinates>
          </LinearRing>
        </innerBoundaryIs>
      </Polygon>
    </Placemark>
    <Placemark>
      <name>大井庚塚町会</name>
      <description>町会・自治会名: 大井庚塚町会
公式町会名: 大井庚塚町会
地域区分: 大井第三地域
住所区域: 大井7丁目 1番、4番（19～21号）、27番、 29～30番を除く全域
連絡先: 03-3772-3513（町会事務所）
町会の紹介: 大井庚塚町会は、旧東京都品川区大井庚塚町に居住する住民による町会で、現在の品川区大井７丁目の一部です。７丁目には隣接する大井鹿島町会、出石町会が含まれています。この出石町会は戦前に庚塚町会から別れた兄弟町会です。大井庚塚町会は地域の全てが住居である住宅地で、町会としての結束の強い町会です。町会活動としては、防犯・防災、交通安全、募金活動等行政と連携して安心・安全な町会を作り、鹿嶋神社の大祭、子供祭り、路地マラソン等楽しい町会を作ることを目指して活動をしています。それぞれの事業に多くの町民が参加し、町会が町民相互のコミュニケーションの場となっています。
出典: https://www2.wagmap.jp/shinagawa/OpenDataDetail?lid=2100&amp;mids=110
https://www.city.shinagawa.tokyo.jp/PC/chiiki/chiiki-tyokai/hpg000011179.html
https://www.shinagawa-choukaijichikai.jp/association/
https://pc.tamemap.net/1310901/activities?utf8=%E2%9C%93&amp;area=&amp;category=%E7%94%BA%E4%BC%9A%E3%83%BB%E8%87%AA%E6%B2%BB%E4%BC%9A&amp;word=
https://www.shinagawa-choukaijichikai.jp/oiarea/470/</description>
      <styleUrl>#area-3</styleUrl>
      <ExtendedData>
        <Data name="町会・自治会名">
          <value>大井庚塚町会</value>
        </Data>
        <Data name="公式町会名">
          <value>大井庚塚町会</value>
        </Data>
        <Data name="地域区分">
          <value>大井第三地域</value>
        </Data>
        <Data name="住所区域">
          <value>大井7丁目 1番、4番（19～21号）、27番、 29～30番を除く全域</value>
        </Data>
        <Data name="町会長">
          <value />
        </Data>
        <Data name="代表者">
          <value />
        </Data>
        <Data name="連絡先">
          <value>03-3772-3513（町会事務所）</value>
        </Data>
        <Data name="電話">
          <value />
        </Data>
        <Data name="メール">
          <value />
        </Data>
        <Data name="町会の紹介">
          <value>大井庚塚町会は、旧東京都品川区大井庚塚町に居住する住民による町会で、現在の品川区大井７丁目の一部です。７丁目には隣接する大井鹿島町会、出石町会が含まれています。この出石町会は戦前に庚塚町会から別れた兄弟町会です。大井庚塚町会は地域の全てが住居である住宅地で、町会としての結束の強い町会です。町会活動としては、防犯・防災、交通安全、募金活動等行政と連携して安心・安全な町会を作り、鹿嶋神社の大祭、子供祭り、路地マラソン等楽しい町会を作ることを目指して活動をしています。それぞれの事業に多くの町民が参加し、町会が町民相互のコミュニケーションの場となっています。</value>
        </Data>
        <Data name="活動実績">
          <value />
        </Data>
        <Data name="ホームページ">
          <value />
        </Data>
        <Data name="SNS">
          <value />
        </Data>
        <Data name="出典">
          <value>https://www2.wagmap.jp/shinagawa/OpenDataDetail?lid=2100&amp;mids=110
https://www.city.shinagawa.tokyo.jp/PC/chiiki/chiiki-tyokai/hpg000011179.html
https://www.shinagawa-choukaijichikai.jp/association/
https://pc.tamemap.net/1310901/activities?utf8=%E2%9C%93&amp;area=&amp;category=%E7%94%BA%E4%BC%9A%E3%83%BB%E8%87%AA%E6%B2%BB%E4%BC%9A&amp;word=
https://www.shinagawa-choukaijichikai.jp/oiarea/470/</value>
        </Data>
      </ExtendedData>
      <Polygon>
        <tessellate>1</tessellate>
        <altitudeMode>clampToGround</altitudeMode>
        <outerBoundaryIs>
          <LinearRing>
            <coordinates>139.725813,35.597593,0 139.725933,35.597552,0 139.726045,35.597513,0 139.726114,35.597522,0 139.726517,35.597442,0 139.726932,35.597438,0 139.727042,35.597429,0 139.727473,35.597305,0 139.727626,35.597242,0 139.728134,35.596918,0 139.728178,35.596895,0 139.728341,35.596873,0 139.728473,35.596864,0 139.728849,35.596784,0 139.729248,35.596686,0 139.729318,35.596674,0 139.729752,35.596704,0 139.729642,35.596357,0 139.729565,35.596242,0 139.729518,35.596171,0 139.729431,35.595953,0 139.729446,35.595949,0 139.729362,35.595799,0 139.729295,35.595732,0 139.729244,35.595648,0 139.729220,35.595604,0 139.729182,35.595534,0 139.729122,35.595422,0 139.729104,35.595387,0 139.729064,35.595289,0 139.729054,35.595263,0 139.728963,35.595020,0 139.728953,35.594988,0 139.728889,35.594731,0 139.728886,35.594700,0 139.728878,35.594652,0 139.728863,35.594548,0 139.728860,35.594522,0 139.728887,35.594427,0 139.728968,35.594250,0 139.729104,35.594152,0 139.729111,35.594142,0 139.729072,35.594084,0 139.728990,35.594071,0 139.728929,35.594061,0 139.728878,35.594050,0 139.728869,35.594028,0 139.728841,35.593972,0 139.728816,35.594004,0 139.728740,35.594089,0 139.728626,35.594142,0 139.728686,35.594243,0 139.728507,35.594292,0 139.728349,35.594347,0 139.728295,35.594241,0 139.728236,35.594255,0 139.728204,35.594274,0 139.728163,35.594347,0 139.728046,35.594554,0 139.727501,35.594369,0 139.727432,35.594347,0 139.726993,35.594206,0 139.726815,35.594166,0 139.726662,35.594148,0 139.726615,35.594313,0 139.726521,35.594311,0 139.726007,35.594348,0 139.724817,35.594347,0 139.724790,35.594344,0 139.724714,35.594338,0 139.724668,35.594344,0 139.724668,35.594345,0 139.724623,35.594351,0 139.724563,35.594376,0 139.724348,35.594603,0 139.724338,35.594631,0 139.724348,35.594656,0 139.724428,35.594777,0 139.724434,35.594816,0 139.724418,35.595058,0 139.724446,35.595164,0 139.724493,35.595345,0 139.724531,35.595448,0 139.724615,35.595646,0 139.724755,35.595957,0 139.724864,35.596189,0 139.725021,35.596548,0 139.725033,35.596593,0 139.725043,35.596623,0 139.725045,35.596645,0 139.725041,35.596673,0 139.725027,35.596739,0 139.725130,35.596723,0 139.725250,35.596865,0 139.725266,35.596902,0 139.725462,35.597366,0 139.725472,35.597389,0 139.725626,35.597666,0 139.725813,35.597593,0</coordinates>
          </LinearRing>
        </outerBoundaryIs>
      </Polygon>
    </Placemark>
    <Placemark>
      <name>上大崎長者丸町会</name>
      <description>町会・自治会名: 上大崎長者丸町会
公式町会名: 上大崎長者丸町会
地域区分: 大崎第一地域
住所区域: 上大崎2丁目 1番～9番 / 上大崎2丁目 10番 （除 34号、43号、45号、 ＜34号［UR都市機構シティコート目黒］、 43号［ホーチキ別館］、45号［目黒プラザ］＞）
町会の紹介: 私達の町会は品川区の北の端、港区、目黒区、渋谷区に接する地域です。安全で安心して暮らせる町を目指して活動しています。区の避難所が遠いため、町内のお寺と協定して独自の避難所を設けて食料の備蓄など災害に備えています。一人一人の生活を大切にしながら住み良い開かれた町にしたいと頑張っています。
出典: https://www2.wagmap.jp/shinagawa/OpenDataDetail?lid=2100&amp;mids=110
https://www.city.shinagawa.tokyo.jp/PC/chiiki/chiiki-tyokai/chiiki-tyokai-oosaki1/index.html
https://www.shinagawa-choukaijichikai.jp/association/
https://pc.tamemap.net/1310901/activities?utf8=%E2%9C%93&amp;area=&amp;category=%E7%94%BA%E4%BC%9A%E3%83%BB%E8%87%AA%E6%B2%BB%E4%BC%9A&amp;word=
https://www.shinagawa-choukaijichikai.jp/osakiarea/390/</description>
      <styleUrl>#area-0</styleUrl>
      <ExtendedData>
        <Data name="町会・自治会名">
          <value>上大崎長者丸町会</value>
        </Data>
        <Data name="公式町会名">
          <value>上大崎長者丸町会</value>
        </Data>
        <Data name="地域区分">
          <value>大崎第一地域</value>
        </Data>
        <Data name="住所区域">
          <value>上大崎2丁目 1番～9番 / 上大崎2丁目 10番 （除 34号、43号、45号、 ＜34号［UR都市機構シティコート目黒］、 43号［ホーチキ別館］、45号［目黒プラザ］＞）</value>
        </Data>
        <Data name="町会長">
          <value />
        </Data>
        <Data name="代表者">
          <value />
        </Data>
        <Data name="連絡先">
          <value />
        </Data>
        <Data name="電話">
          <value />
        </Data>
        <Data name="メール">
          <value />
        </Data>
        <Data name="町会の紹介">
          <value>私達の町会は品川区の北の端、港区、目黒区、渋谷区に接する地域です。安全で安心して暮らせる町を目指して活動しています。区の避難所が遠いため、町内のお寺と協定して独自の避難所を設けて食料の備蓄など災害に備えています。一人一人の生活を大切にしながら住み良い開かれた町にしたいと頑張っています。</value>
        </Data>
        <Data name="活動実績">
          <value />
        </Data>
        <Data name="ホームページ">
          <value />
        </Data>
        <Data name="SNS">
          <value />
        </Data>
        <Data name="出典">
          <value>https://www2.wagmap.jp/shinagawa/OpenDataDetail?lid=2100&amp;mids=110
https://www.city.shinagawa.tokyo.jp/PC/chiiki/chiiki-tyokai/chiiki-tyokai-oosaki1/index.html
https://www.shinagawa-choukaijichikai.jp/association/
https://pc.tamemap.net/1310901/activities?utf8=%E2%9C%93&amp;area=&amp;category=%E7%94%BA%E4%BC%9A%E3%83%BB%E8%87%AA%E6%B2%BB%E4%BC%9A&amp;word=
https://www.shinagawa-choukaijichikai.jp/osakiarea/390/</value>
        </Data>
      </ExtendedData>
      <Polygon>
        <tessellate>1</tessellate>
        <altitudeMode>clampToGround</altitudeMode>
        <outerBoundaryIs>
          <LinearRing>
            <coordinates>139.719067,35.641576,0 139.719293,35.641567,0 139.719305,35.641544,0 139.719298,35.641374,0 139.719314,35.641344,0 139.719465,35.641285,0 139.719428,35.641155,0 139.717964,35.640776,0 139.717961,35.640537,0 139.717924,35.640347,0 139.717247,35.639911,0 139.717004,35.640083,0 139.716773,35.639941,0 139.716956,35.639740,0 139.716968,35.639706,0 139.716990,35.638957,0 139.716983,35.638881,0 139.716964,35.638866,0 139.716643,35.638742,0 139.717051,35.638160,0 139.717272,35.638198,0 139.717293,35.638106,0 139.717570,35.637118,0 139.717849,35.636201,0 139.717900,35.635977,0 139.717292,35.635423,0 139.716927,35.635026,0 139.716699,35.635198,0 139.716675,35.635247,0 139.716526,35.635227,0 139.716406,35.635319,0 139.716150,35.635666,0 139.715681,35.635568,0 139.715330,35.635945,0 139.715159,35.636524,0 139.715110,35.636732,0 139.715062,35.637046,0 139.715042,35.637267,0 139.715022,35.637307,0 139.715005,35.637388,0 139.714959,35.637705,0 139.714924,35.637843,0 139.714690,35.638408,0 139.714638,35.638503,0 139.714556,35.638694,0 139.714485,35.638813,0 139.714678,35.639072,0 139.714732,35.639151,0 139.714848,35.639441,0 139.714884,35.639549,0 139.715041,35.639830,0 139.715098,35.639959,0 139.715253,35.640370,0 139.715355,35.640601,0 139.715663,35.640654,0 139.715648,35.640703,0 139.716442,35.640967,0 139.716541,35.641052,0 139.716645,35.641092,0 139.716974,35.641188,0 139.717430,35.641302,0 139.717749,35.641322,0 139.717743,35.641590,0 139.719067,35.641576,0</coordinates>
          </LinearRing>
        </outerBoundaryIs>
      </Polygon>
    </Placemark>
    <Placemark>
      <name>北品川二丁目町会</name>
      <description>町会・自治会名: 北品川二丁目町会
公式町会名: 北品川二丁目町会
地域区分: 品川第一地域
住所区域: 北品川2丁目 1番 / 北品川2丁目 2番（18号～） / 北品川2丁目 3番（4号～17号） / 北品川2丁目 4番～19番 / 北品川2丁目 20番（1号～11号、14号～） / 北品川2丁目 22番（1～9号、10号の一部） / 北品川2丁目 23番～29番 / 北品川2丁目 30番（9～27号、28号）
町会長: 加藤 丈幸
連絡先: 03-3471-3968
町会の紹介: 北品川二丁目町会は旧東海道品川宿の本宿です。品川宿の伝統と文化を保持しながら新しい試みを取り入れ、品川神社祭礼の神輿・山車の渡御、宿場まつりの花魁道中、北二大山講の大山参り、夏の盆踊り大会などの風物詩、ラジオ体操、リサイクル活動などさまざまな活動をしています。下町人情と気風を残すわが町を訪れてみてはいかがですか。
出典: https://www2.wagmap.jp/shinagawa/OpenDataDetail?lid=2100&amp;mids=110
https://www.city.shinagawa.tokyo.jp/PC/chiiki/chiiki-tyokai/hpg000011172.html
https://www.shinagawa-choukaijichikai.jp/association/
https://pc.tamemap.net/1310901/activities?utf8=%E2%9C%93&amp;area=&amp;category=%E7%94%BA%E4%BC%9A%E3%83%BB%E8%87%AA%E6%B2%BB%E4%BC%9A&amp;word=
https://www.shinagawa-choukaijichikai.jp/shinagawaarea/73/</description>
      <styleUrl>#area-0</styleUrl>
      <ExtendedData>
        <Data name="町会・自治会名">
          <value>北品川二丁目町会</value>
        </Data>
        <Data name="公式町会名">
          <value>北品川二丁目町会</value>
        </Data>
        <Data name="地域区分">
          <value>品川第一地域</value>
        </Data>
        <Data name="住所区域">
          <value>北品川2丁目 1番 / 北品川2丁目 2番（18号～） / 北品川2丁目 3番（4号～17号） / 北品川2丁目 4番～19番 / 北品川2丁目 20番（1号～11号、14号～） / 北品川2丁目 22番（1～9号、10号の一部） / 北品川2丁目 23番～29番 / 北品川2丁目 30番（9～27号、28号）</value>
        </Data>
        <Data name="町会長">
          <value>加藤 丈幸</value>
        </Data>
        <Data name="代表者">
          <value />
        </Data>
        <Data name="連絡先">
          <value>03-3471-3968</value>
        </Data>
        <Data name="電話">
          <value />
        </Data>
        <Data name="メール">
          <value />
        </Data>
        <Data name="町会の紹介">
          <value>北品川二丁目町会は旧東海道品川宿の本宿です。品川宿の伝統と文化を保持しながら新しい試みを取り入れ、品川神社祭礼の神輿・山車の渡御、宿場まつりの花魁道中、北二大山講の大山参り、夏の盆踊り大会などの風物詩、ラジオ体操、リサイクル活動などさまざまな活動をしています。下町人情と気風を残すわが町を訪れてみてはいかがですか。</value>
        </Data>
        <Data name="活動実績">
          <value />
        </Data>
        <Data name="ホームページ">
          <value />
        </Data>
        <Data name="SNS">
          <value />
        </Data>
        <Data name="出典">
          <value>https://www2.wagmap.jp/shinagawa/OpenDataDetail?lid=2100&amp;mids=110
https://www.city.shinagawa.tokyo.jp/PC/chiiki/chiiki-tyokai/hpg000011172.html
https://www.shinagawa-choukaijichikai.jp/association/
https://pc.tamemap.net/1310901/activities?utf8=%E2%9C%93&amp;area=&amp;category=%E7%94%BA%E4%BC%9A%E3%83%BB%E8%87%AA%E6%B2%BB%E4%BC%9A&amp;word=
https://www.shinagawa-choukaijichikai.jp/shinagawaarea/73/</value>
        </Data>
      </ExtendedData>
      <Polygon>
        <tessellate>1</tessellate>
        <altitudeMode>clampToGround</altitudeMode>
        <outerBoundaryIs>
          <LinearRing>
            <coordinates>139.743374,35.619972,0 139.743650,35.619799,0 139.743828,35.619703,0 139.743976,35.619627,0 139.744232,35.619501,0 139.744461,35.619358,0 139.744767,35.619168,0 139.744872,35.619111,0 139.745004,35.619007,0 139.745139,35.618889,0 139.745274,35.618730,0 139.745325,35.618642,0 139.745375,35.618479,0 139.745391,35.618312,0 139.745388,35.618025,0 139.745384,35.617658,0 139.745407,35.617366,0 139.745429,35.617151,0 139.745159,35.617091,0 139.745025,35.617057,0 139.744514,35.616931,0 139.744168,35.616850,0 139.744085,35.617121,0 139.743819,35.617193,0 139.743559,35.617285,0 139.743306,35.617400,0 139.743246,35.617436,0 139.743020,35.617588,0 139.743000,35.617607,0 139.742983,35.617622,0 139.742966,35.617629,0 139.742949,35.617631,0 139.742932,35.617630,0 139.742918,35.617627,0 139.742765,35.617552,0 139.742719,35.617555,0 139.742607,35.617516,0 139.742446,35.617425,0 139.742352,35.617361,0 139.741781,35.616924,0 139.741717,35.616918,0 139.741595,35.616910,0 139.741359,35.616900,0 139.741025,35.616885,0 139.740926,35.617905,0 139.740876,35.618263,0 139.740819,35.618688,0 139.740744,35.619048,0 139.740639,35.619332,0 139.740570,35.619480,0 139.740505,35.619610,0 139.740432,35.619739,0 139.740653,35.619816,0 139.740752,35.619625,0 139.740803,35.619506,0 139.740937,35.619152,0 139.741033,35.619173,0 139.741010,35.619351,0 139.741103,35.619369,0 139.741291,35.619333,0 139.741254,35.619243,0 139.741258,35.619182,0 139.741347,35.619182,0 139.741998,35.619175,0 139.742195,35.619158,0 139.742156,35.619328,0 139.742131,35.619421,0 139.742230,35.619459,0 139.742242,35.619471,0 139.742515,35.619623,0 139.742552,35.619593,0 139.743195,35.620094,0 139.743374,35.619972,0</coordinates>
          </LinearRing>
        </outerBoundaryIs>
      </Polygon>
    </Placemark>
    <Placemark>
      <name>都営天王洲団地自治会</name>
      <description>町会・自治会名: 都営天王洲団地自治会
公式町会名: 都営天王洲団地自治会
地域区分: 品川第一地域
住所区域: 東品川2丁目 6番（11号～13号）
町会長: 角谷 誠
町会の紹介: 昭和47年9月設立、3棟376世帯の都営団地の自治会です。モノレール・りんかい線の天王洲アイル駅や、高層ビルが建ち並ぶ前から、天王洲を見守ってきました。天王洲公園に隣接し、運河沿いの桜をはじめ、紫陽花や四季折々の草花が咲き誇ります。超高齢化が進む中で、明るく朗らかに、お互い見守りあい、安心して住みよい、行事を工夫して交流を図っています。
出典: https://www2.wagmap.jp/shinagawa/OpenDataDetail?lid=2100&amp;mids=110
https://www.city.shinagawa.tokyo.jp/PC/chiiki/chiiki-tyokai/hpg000011172.html
https://www.shinagawa-choukaijichikai.jp/association/
https://pc.tamemap.net/1310901/activities?utf8=%E2%9C%93&amp;area=&amp;category=%E7%94%BA%E4%BC%9A%E3%83%BB%E8%87%AA%E6%B2%BB%E4%BC%9A&amp;word=
https://www.shinagawa-choukaijichikai.jp/shinagawaarea/341/</description>
      <styleUrl>#area-0</styleUrl>
      <ExtendedData>
        <Data name="町会・自治会名">
          <value>都営天王洲団地自治会</value>
        </Data>
        <Data name="公式町会名">
          <value>都営天王洲団地自治会</value>
        </Data>
        <Data name="地域区分">
          <value>品川第一地域</value>
        </Data>
        <Data name="住所区域">
          <value>東品川2丁目 6番（11号～13号）</value>
        </Data>
        <Data name="町会長">
          <value>角谷 誠</value>
        </Data>
        <Data name="代表者">
          <value />
        </Data>
        <Data name="連絡先">
          <value />
        </Data>
        <Data name="電話">
          <value />
        </Data>
        <Data name="メール">
          <value />
        </Data>
        <Data name="町会の紹介">
          <value>昭和47年9月設立、3棟376世帯の都営団地の自治会です。モノレール・りんかい線の天王洲アイル駅や、高層ビルが建ち並ぶ前から、天王洲を見守ってきました。天王洲公園に隣接し、運河沿いの桜をはじめ、紫陽花や四季折々の草花が咲き誇ります。超高齢化が進む中で、明るく朗らかに、お互い見守りあい、安心して住みよい、行事を工夫して交流を図っています。</value>
        </Data>
        <Data name="活動実績">
          <value />
        </Data>
        <Data name="ホームページ">
          <value />
        </Data>
        <Data name="SNS">
          <value />
        </Data>
        <Data name="出典">
          <value>https://www2.wagmap.jp/shinagawa/OpenDataDetail?lid=2100&amp;mids=110
https://www.city.shinagawa.tokyo.jp/PC/chiiki/chiiki-tyokai/hpg000011172.html
https://www.shinagawa-choukaijichikai.jp/association/
https://pc.tamemap.net/1310901/activities?utf8=%E2%9C%93&amp;area=&amp;category=%E7%94%BA%E4%BC%9A%E3%83%BB%E8%87%AA%E6%B2%BB%E4%BC%9A&amp;word=
https://www.shinagawa-choukaijichikai.jp/shinagawaarea/341/</value>
        </Data>
      </ExtendedData>
      <Polygon>
        <tessellate>1</tessellate>
        <altitudeMode>clampToGround</altitudeMode>
        <outerBoundaryIs>
          <LinearRing>
            <coordinates>139.749095,35.620415,0 139.749235,35.620197,0 139.749254,35.620156,0 139.749224,35.620146,0 139.749238,35.620117,0 139.748806,35.619982,0 139.748571,35.619913,0 139.748620,35.619792,0 139.748492,35.619753,0 139.748206,35.620375,0 139.748336,35.620414,0 139.748357,35.620370,0 139.748499,35.620357,0 139.748561,35.620376,0 139.748575,35.620346,0 139.748924,35.620452,0 139.748902,35.620499,0 139.749037,35.620541,0 139.749095,35.620415,0</coordinates>
          </LinearRing>
        </outerBoundaryIs>
      </Polygon>
    </Placemark>
    <Placemark>
      <name>洌崎町会</name>
      <description>町会・自治会名: 洌崎町会
公式町会名: 洌崎町会
地域区分: 品川第一地域
住所区域: 東品川1丁目 28番（7号～32号） / 東品川1丁目 29番（12号～26号） / 東品川1丁目 30番～39番 / 東品川3丁目 1番（15～21号）
町会長: 髙橋 宏幸
町会の紹介: 当町会は、寄木神社を中心に北品川商店街と天王洲にはさまれた下町情緒あふれた町会です。町会の自慢は「カッパ祭」。中神輿に御神面をつけての海中渡御は都内で唯一です。小さな町会ですが、会員同士の参加と協力のもと納涼祭、資源の回収など親睦を第一に町会活動を行っています。
出典: https://www2.wagmap.jp/shinagawa/OpenDataDetail?lid=2100&amp;mids=110
https://www.city.shinagawa.tokyo.jp/PC/chiiki/chiiki-tyokai/hpg000011172.html
https://www.shinagawa-choukaijichikai.jp/association/
https://pc.tamemap.net/1310901/activities?utf8=%E2%9C%93&amp;area=&amp;category=%E7%94%BA%E4%BC%9A%E3%83%BB%E8%87%AA%E6%B2%BB%E4%BC%9A&amp;word=
https://www.shinagawa-choukaijichikai.jp/shinagawaarea/334/</description>
      <styleUrl>#area-3</styleUrl>
      <ExtendedData>
        <Data name="町会・自治会名">
          <value>洌崎町会</value>
        </Data>
        <Data name="公式町会名">
          <value>洌崎町会</value>
        </Data>
        <Data name="地域区分">
          <value>品川第一地域</value>
        </Data>
        <Data name="住所区域">
          <value>東品川1丁目 28番（7号～32号） / 東品川1丁目 29番（12号～26号） / 東品川1丁目 30番～39番 / 東品川3丁目 1番（15～21号）</value>
        </Data>
        <Data name="町会長">
          <value>髙橋 宏幸</value>
        </Data>
        <Data name="代表者">
          <value />
        </Data>
        <Data name="連絡先">
          <value />
        </Data>
        <Data name="電話">
          <value />
        </Data>
        <Data name="メール">
          <value />
        </Data>
        <Data name="町会の紹介">
          <value>当町会は、寄木神社を中心に北品川商店街と天王洲にはさまれた下町情緒あふれた町会です。町会の自慢は「カッパ祭」。中神輿に御神面をつけての海中渡御は都内で唯一です。小さな町会ですが、会員同士の参加と協力のもと納涼祭、資源の回収など親睦を第一に町会活動を行っています。</value>
        </Data>
        <Data name="活動実績">
          <value />
        </Data>
        <Data name="ホームページ">
          <value />
        </Data>
        <Data name="SNS">
          <value />
        </Data>
        <Data name="出典">
          <value>https://www2.wagmap.jp/shinagawa/OpenDataDetail?lid=2100&amp;mids=110
https://www.city.shinagawa.tokyo.jp/PC/chiiki/chiiki-tyokai/hpg000011172.html
https://www.shinagawa-choukaijichikai.jp/association/
https://pc.tamemap.net/1310901/activities?utf8=%E2%9C%93&amp;area=&amp;category=%E7%94%BA%E4%BC%9A%E3%83%BB%E8%87%AA%E6%B2%BB%E4%BC%9A&amp;word=
https://www.shinagawa-choukaijichikai.jp/shinagawaarea/334/</value>
        </Data>
      </ExtendedData>
      <Polygon>
        <tessellate>1</tessellate>
        <altitudeMode>clampToGround</altitudeMode>
        <outerBoundaryIs>
          <LinearRing>
            <coordinates>139.747870,35.619714,0 139.748652,35.617957,0 139.747513,35.617674,0 139.746868,35.617502,0 139.746359,35.617374,0 139.746428,35.617190,0 139.746306,35.617161,0 139.746006,35.616539,0 139.745808,35.616617,0 139.745617,35.616755,0 139.745522,35.616890,0 139.745429,35.617151,0 139.745407,35.617366,0 139.745384,35.617658,0 139.745388,35.618025,0 139.745391,35.618312,0 139.745375,35.618479,0 139.745325,35.618642,0 139.745274,35.618730,0 139.745139,35.618889,0 139.745004,35.619007,0 139.744872,35.619111,0 139.744767,35.619168,0 139.744461,35.619358,0 139.744232,35.619501,0 139.743976,35.619627,0 139.743828,35.619703,0 139.744016,35.619920,0 139.743933,35.619975,0 139.744200,35.620280,0 139.744497,35.620616,0 139.744880,35.620368,0 139.744924,35.620343,0 139.745379,35.620082,0 139.745726,35.620185,0 139.745898,35.620231,0 139.746102,35.620443,0 139.746164,35.620489,0 139.746242,35.620528,0 139.746364,35.620571,0 139.746485,35.620608,0 139.746654,35.620664,0 139.746909,35.620723,0 139.747362,35.620858,0 139.747870,35.619714,0</coordinates>
          </LinearRing>
        </outerBoundaryIs>
      </Polygon>
    </Placemark>
    <Placemark>
      <name>都営東品川7棟自治会</name>
      <description>町会・自治会名: 都営東品川7棟自治会
公式町会名: 都営東品川7棟自治会
地域区分: 品川第一地域
住所区域: 東品川1丁目 8番（7号）
町会の紹介: 当自治会は、台場小学校の隣で日中は子供達の元気な姿と声で元気をもらっています。又、敷地内には緑が多くあり環境にもめぐまれています。最近は高齢者の世帯が多くなりましたが、助け合い交流を盛んに行っています。約80世帯と小さい自治会ですが、常に活動は大いなる希望に満ちて頑張っています。
出典: https://www2.wagmap.jp/shinagawa/OpenDataDetail?lid=2100&amp;mids=110
https://www.city.shinagawa.tokyo.jp/PC/chiiki/chiiki-tyokai/hpg000011172.html
https://www.shinagawa-choukaijichikai.jp/association/
https://pc.tamemap.net/1310901/activities?utf8=%E2%9C%93&amp;area=&amp;category=%E7%94%BA%E4%BC%9A%E3%83%BB%E8%87%AA%E6%B2%BB%E4%BC%9A&amp;word=
https://www.shinagawa-choukaijichikai.jp/shinagawaarea/342/</description>
      <styleUrl>#area-0</styleUrl>
      <ExtendedData>
        <Data name="町会・自治会名">
          <value>都営東品川7棟自治会</value>
        </Data>
        <Data name="公式町会名">
          <value>都営東品川7棟自治会</value>
        </Data>
        <Data name="地域区分">
          <value>品川第一地域</value>
        </Data>
        <Data name="住所区域">
          <value>東品川1丁目 8番（7号）</value>
        </Data>
        <Data name="町会長">
          <value />
        </Data>
        <Data name="代表者">
          <value />
        </Data>
        <Data name="連絡先">
          <value />
        </Data>
        <Data name="電話">
          <value />
        </Data>
        <Data name="メール">
          <value />
        </Data>
        <Data name="町会の紹介">
          <value>当自治会は、台場小学校の隣で日中は子供達の元気な姿と声で元気をもらっています。又、敷地内には緑が多くあり環境にもめぐまれています。最近は高齢者の世帯が多くなりましたが、助け合い交流を盛んに行っています。約80世帯と小さい自治会ですが、常に活動は大いなる希望に満ちて頑張っています。</value>
        </Data>
        <Data name="活動実績">
          <value />
        </Data>
        <Data name="ホームページ">
          <value />
        </Data>
        <Data name="SNS">
          <value />
        </Data>
        <Data name="出典">
          <value>https://www2.wagmap.jp/shinagawa/OpenDataDetail?lid=2100&amp;mids=110
https://www.city.shinagawa.tokyo.jp/PC/chiiki/chiiki-tyokai/hpg000011172.html
https://www.shinagawa-choukaijichikai.jp/association/
https://pc.tamemap.net/1310901/activities?utf8=%E2%9C%93&amp;area=&amp;category=%E7%94%BA%E4%BC%9A%E3%83%BB%E8%87%AA%E6%B2%BB%E4%BC%9A&amp;word=
https://www.shinagawa-choukaijichikai.jp/shinagawaarea/342/</value>
        </Data>
      </ExtendedData>
      <Polygon>
        <tessellate>1</tessellate>
        <altitudeMode>clampToGround</altitudeMode>
        <outerBoundaryIs>
          <LinearRing>
            <coordinates>139.744185,35.621660,0 139.744041,35.621648,0 139.744052,35.621575,0 139.743415,35.621508,0 139.743344,35.621589,0 139.743291,35.621629,0 139.743287,35.621758,0 139.744164,35.621808,0 139.744185,35.621660,0</coordinates>
          </LinearRing>
        </outerBoundaryIs>
      </Polygon>
    </Placemark>
    <Placemark>
      <name>都営東品川第4アパート自治会</name>
      <description>町会・自治会名: 都営東品川第4アパート自治会
公式町会名: 都営東品川第4ｱﾊﾟｰﾄ自治会
地域区分: 品川第一地域
住所区域: 東品川1丁目 2番（12号）
町会長: 上原 廣
連絡先: 070-6554-0113
町会の紹介: 私たちの住む第４アパートは前の公園には桜と花、後ろには運河が流れ、多種多彩な鳥たちがさえずり、魚たちが泳ぎ、また夜には屋形船の明かりが水面を照らすそんな恵まれた環境の中で毎月、清掃・草刈り・集会室で茶話会などで私たちは東品川第４アパートで楽しく暮らしています。
出典: https://www2.wagmap.jp/shinagawa/OpenDataDetail?lid=2100&amp;mids=110
https://www.city.shinagawa.tokyo.jp/PC/chiiki/chiiki-tyokai/hpg000011172.html
https://www.shinagawa-choukaijichikai.jp/association/
https://pc.tamemap.net/1310901/activities?utf8=%E2%9C%93&amp;area=&amp;category=%E7%94%BA%E4%BC%9A%E3%83%BB%E8%87%AA%E6%B2%BB%E4%BC%9A&amp;word=
https://www.shinagawa-choukaijichikai.jp/shinagawaarea/340/</description>
      <styleUrl>#area-0</styleUrl>
      <ExtendedData>
        <Data name="町会・自治会名">
          <value>都営東品川第4アパート自治会</value>
        </Data>
        <Data name="公式町会名">
          <value>都営東品川第4ｱﾊﾟｰﾄ自治会</value>
        </Data>
        <Data name="地域区分">
          <value>品川第一地域</value>
        </Data>
        <Data name="住所区域">
          <value>東品川1丁目 2番（12号）</value>
        </Data>
        <Data name="町会長">
          <value>上原 廣</value>
        </Data>
        <Data name="代表者">
          <value />
        </Data>
        <Data name="連絡先">
          <value>070-6554-0113</value>
        </Data>
        <Data name="電話">
          <value />
        </Data>
        <Data name="メール">
          <value />
        </Data>
        <Data name="町会の紹介">
          <value>私たちの住む第４アパートは前の公園には桜と花、後ろには運河が流れ、多種多彩な鳥たちがさえずり、魚たちが泳ぎ、また夜には屋形船の明かりが水面を照らすそんな恵まれた環境の中で毎月、清掃・草刈り・集会室で茶話会などで私たちは東品川第４アパートで楽しく暮らしています。</value>
        </Data>
        <Data name="活動実績">
          <value />
        </Data>
        <Data name="ホームページ">
          <value />
        </Data>
        <Data name="SNS">
          <value />
        </Data>
        <Data name="出典">
          <value>https://www2.wagmap.jp/shinagawa/OpenDataDetail?lid=2100&amp;mids=110
https://www.city.shinagawa.tokyo.jp/PC/chiiki/chiiki-tyokai/hpg000011172.html
https://www.shinagawa-choukaijichikai.jp/association/
https://pc.tamemap.net/1310901/activities?utf8=%E2%9C%93&amp;area=&amp;category=%E7%94%BA%E4%BC%9A%E3%83%BB%E8%87%AA%E6%B2%BB%E4%BC%9A&amp;word=
https://www.shinagawa-choukaijichikai.jp/shinagawaarea/340/</value>
        </Data>
      </ExtendedData>
      <Polygon>
        <tessellate>1</tessellate>
        <altitudeMode>clampToGround</altitudeMode>
        <outerBoundaryIs>
          <LinearRing>
            <coordinates>139.744212,35.623075,0 139.744202,35.623036,0 139.744170,35.622912,0 139.743734,35.623004,0 139.743702,35.623008,0 139.743646,35.622810,0 139.743620,35.622799,0 139.743379,35.622830,0 139.743458,35.623205,0 139.744212,35.623075,0</coordinates>
          </LinearRing>
        </outerBoundaryIs>
      </Polygon>
    </Placemark>
    <Placemark>
      <name>東品川一･三町会</name>
      <description>町会・自治会名: 東品川一･三町会
公式町会名: 東品川一・三町会
地域区分: 品川第一地域
住所区域: 東品川1丁目 1番 / 東品川1丁目 2番（12号を除く） / 東品川1丁目 3番～7番 / 東品川1丁目 8番（7号を除く） / 東品川1丁目 9番～27番 / 東品川1丁目 28番（1～6号、33号） / 東品川1丁目 29番（1～11号、27号～）
町会長: 戸川 五郎
連絡先: 03-3471-3273
町会の紹介: 当町会は、海岸沿いに位置し、昔は漁師町と呼ばれていました。現在も、船宿があり、釣り船や屋形船等で東京湾を賑わしている状況です。防火・防犯・交通・婦人部等の活動により、安全安心の町づくりに努めております。
出典: https://www2.wagmap.jp/shinagawa/OpenDataDetail?lid=2100&amp;mids=110
https://www.city.shinagawa.tokyo.jp/PC/chiiki/chiiki-tyokai/hpg000011172.html
https://www.shinagawa-choukaijichikai.jp/association/
https://pc.tamemap.net/1310901/activities?utf8=%E2%9C%93&amp;area=&amp;category=%E7%94%BA%E4%BC%9A%E3%83%BB%E8%87%AA%E6%B2%BB%E4%BC%9A&amp;word=
https://www.shinagawa-choukaijichikai.jp/shinagawaarea/335/</description>
      <styleUrl>#area-2</styleUrl>
      <ExtendedData>
        <Data name="町会・自治会名">
          <value>東品川一･三町会</value>
        </Data>
        <Data name="公式町会名">
          <value>東品川一・三町会</value>
        </Data>
        <Data name="地域区分">
          <value>品川第一地域</value>
        </Data>
        <Data name="住所区域">
          <value>東品川1丁目 1番 / 東品川1丁目 2番（12号を除く） / 東品川1丁目 3番～7番 / 東品川1丁目 8番（7号を除く） / 東品川1丁目 9番～27番 / 東品川1丁目 28番（1～6号、33号） / 東品川1丁目 29番（1～11号、27号～）</value>
        </Data>
        <Data name="町会長">
          <value>戸川 五郎</value>
        </Data>
        <Data name="代表者">
          <value />
        </Data>
        <Data name="連絡先">
          <value>03-3471-3273</value>
        </Data>
        <Data name="電話">
          <value />
        </Data>
        <Data name="メール">
          <value />
        </Data>
        <Data name="町会の紹介">
          <value>当町会は、海岸沿いに位置し、昔は漁師町と呼ばれていました。現在も、船宿があり、釣り船や屋形船等で東京湾を賑わしている状況です。防火・防犯・交通・婦人部等の活動により、安全安心の町づくりに努めております。</value>
        </Data>
        <Data name="活動実績">
          <value />
        </Data>
        <Data name="ホームページ">
          <value />
        </Data>
        <Data name="SNS">
          <value />
        </Data>
        <Data name="出典">
          <value>https://www2.wagmap.jp/shinagawa/OpenDataDetail?lid=2100&amp;mids=110
https://www.city.shinagawa.tokyo.jp/PC/chiiki/chiiki-tyokai/hpg000011172.html
https://www.shinagawa-choukaijichikai.jp/association/
https://pc.tamemap.net/1310901/activities?utf8=%E2%9C%93&amp;area=&amp;category=%E7%94%BA%E4%BC%9A%E3%83%BB%E8%87%AA%E6%B2%BB%E4%BC%9A&amp;word=
https://www.shinagawa-choukaijichikai.jp/shinagawaarea/335/</value>
        </Data>
      </ExtendedData>
      <Polygon>
        <tessellate>1</tessellate>
        <altitudeMode>clampToGround</altitudeMode>
        <outerBoundaryIs>
          <LinearRing>
            <coordinates>139.744217,35.623423,0 139.745018,35.623313,0 139.746328,35.623131,0 139.747115,35.621406,0 139.747273,35.621058,0 139.747362,35.620858,0 139.746909,35.620723,0 139.746654,35.620664,0 139.746485,35.620608,0 139.746364,35.620571,0 139.746242,35.620528,0 139.746164,35.620489,0 139.746102,35.620443,0 139.745898,35.620231,0 139.745726,35.620185,0 139.745379,35.620082,0 139.744924,35.620343,0 139.744880,35.620368,0 139.744497,35.620616,0 139.744200,35.620280,0 139.743933,35.619975,0 139.744016,35.619920,0 139.743828,35.619703,0 139.743650,35.619799,0 139.743374,35.619972,0 139.743195,35.620094,0 139.742974,35.620264,0 139.742576,35.620627,0 139.741850,35.621340,0 139.741603,35.621569,0 139.741396,35.621775,0 139.741264,35.621905,0 139.741383,35.621974,0 139.741294,35.622112,0 139.741273,35.622171,0 139.741228,35.622277,0 139.741779,35.622569,0 139.743524,35.623524,0 139.744217,35.623423,0</coordinates>
          </LinearRing>
        </outerBoundaryIs>
        <innerBoundaryIs>
          <LinearRing>
            <coordinates>139.743287,35.621758,0 139.743291,35.621629,0 139.743344,35.621589,0 139.743415,35.621508,0 139.744052,35.621575,0 139.744041,35.621648,0 139.744185,35.621660,0 139.744164,35.621808,0 139.743287,35.621758,0</coordinates>
          </LinearRing>
        </innerBoundaryIs>
        <innerBoundaryIs>
          <LinearRing>
            <coordinates>139.743379,35.622830,0 139.743620,35.622799,0 139.743646,35.622810,0 139.743702,35.623008,0 139.743734,35.623004,0 139.744170,35.622912,0 139.744202,35.623036,0 139.744212,35.623075,0 139.743458,35.623205,0 139.743379,35.622830,0</coordinates>
          </LinearRing>
        </innerBoundaryIs>
      </Polygon>
    </Placemark>
    <Placemark>
      <name>都営北品川アパート自治会</name>
      <description>町会・自治会名: 都営北品川アパート自治会
公式町会名: 都営北品川ｱﾊﾟｰﾄ自治会
地域区分: 品川第一地域
住所区域: 北品川1丁目 5番（1号）
町会の紹介: 自治会設立から50年が過ぎ、当時は遠く富士山や隅田川の花火を眺める事ができました。会員の高齢化が進む中、集会室ではカラオケ・麻雀・将棋等で交流を深め、又、防災に力を入れており1年を通して地区の夜回りや、1年に1度の防災バス旅行を開催しています。近隣の町会・自治会との交流を深め、安心・安全な地域となるよう活動しています。
出典: https://www2.wagmap.jp/shinagawa/OpenDataDetail?lid=2100&amp;mids=110
https://www.city.shinagawa.tokyo.jp/PC/chiiki/chiiki-tyokai/hpg000011172.html
https://www.shinagawa-choukaijichikai.jp/association/
https://pc.tamemap.net/1310901/activities?utf8=%E2%9C%93&amp;area=&amp;category=%E7%94%BA%E4%BC%9A%E3%83%BB%E8%87%AA%E6%B2%BB%E4%BC%9A&amp;word=
https://www.shinagawa-choukaijichikai.jp/shinagawaarea/338/</description>
      <styleUrl>#area-2</styleUrl>
      <ExtendedData>
        <Data name="町会・自治会名">
          <value>都営北品川アパート自治会</value>
        </Data>
        <Data name="公式町会名">
          <value>都営北品川ｱﾊﾟｰﾄ自治会</value>
        </Data>
        <Data name="地域区分">
          <value>品川第一地域</value>
        </Data>
        <Data name="住所区域">
          <value>北品川1丁目 5番（1号）</value>
        </Data>
        <Data name="町会長">
          <value />
        </Data>
        <Data name="代表者">
          <value />
        </Data>
        <Data name="連絡先">
          <value />
        </Data>
        <Data name="電話">
          <value />
        </Data>
        <Data name="メール">
          <value />
        </Data>
        <Data name="町会の紹介">
          <value>自治会設立から50年が過ぎ、当時は遠く富士山や隅田川の花火を眺める事ができました。会員の高齢化が進む中、集会室ではカラオケ・麻雀・将棋等で交流を深め、又、防災に力を入れており1年を通して地区の夜回りや、1年に1度の防災バス旅行を開催しています。近隣の町会・自治会との交流を深め、安心・安全な地域となるよう活動しています。</value>
        </Data>
        <Data name="活動実績">
          <value />
        </Data>
        <Data name="ホームページ">
          <value />
        </Data>
        <Data name="SNS">
          <value />
        </Data>
        <Data name="出典">
          <value>https://www2.wagmap.jp/shinagawa/OpenDataDetail?lid=2100&amp;mids=110
https://www.city.shinagawa.tokyo.jp/PC/chiiki/chiiki-tyokai/hpg000011172.html
https://www.shinagawa-choukaijichikai.jp/association/
https://pc.tamemap.net/1310901/activities?utf8=%E2%9C%93&amp;area=&amp;category=%E7%94%BA%E4%BC%9A%E3%83%BB%E8%87%AA%E6%B2%BB%E4%BC%9A&amp;word=
https://www.shinagawa-choukaijichikai.jp/shinagawaarea/338/</value>
        </Data>
      </ExtendedData>
      <Polygon>
        <tessellate>1</tessellate>
        <altitudeMode>clampToGround</altitudeMode>
        <outerBoundaryIs>
          <LinearRing>
            <coordinates>139.740716,35.623010,0 139.740542,35.622909,0 139.740495,35.622961,0 139.740322,35.623160,0 139.740291,35.623181,0 139.740228,35.623253,0 139.740149,35.623335,0 139.740112,35.623377,0 139.740073,35.623419,0 139.740004,35.623498,0 139.739898,35.623619,0 139.739670,35.623879,0 139.739650,35.623902,0 139.739813,35.623991,0 139.740716,35.623010,0</coordinates>
          </LinearRing>
        </outerBoundaryIs>
      </Polygon>
    </Placemark>
    <Placemark>
      <name>都営北品川第2アパート自治会</name>
      <description>町会・自治会名: 都営北品川第2アパート自治会
公式町会名: 都営北品川第2ｱﾊﾟｰﾄ自治会
地域区分: 品川第一地域
住所区域: 北品川1丁目 7番（1号～2号）
町会長: 齋藤 慧
連絡先: 03-3472-9765
町会の紹介: 50年を迎える当自治会は、2棟で260戸強の所帯です。区の北東の端、インターシティ(港区)の前に位置しています。会員の高齢化が進む中で、幹事役員さんの懸命な努力で、会員の安全と安心な生活環境を目指し、また、地域の行事にも積極的に参加し、日夜頑張っています。
出典: https://www2.wagmap.jp/shinagawa/OpenDataDetail?lid=2100&amp;mids=110
https://www.city.shinagawa.tokyo.jp/PC/chiiki/chiiki-tyokai/hpg000011172.html
https://www.shinagawa-choukaijichikai.jp/association/
https://pc.tamemap.net/1310901/activities?utf8=%E2%9C%93&amp;area=&amp;category=%E7%94%BA%E4%BC%9A%E3%83%BB%E8%87%AA%E6%B2%BB%E4%BC%9A&amp;word=
https://www.shinagawa-choukaijichikai.jp/shinagawaarea/339/</description>
      <styleUrl>#area-1</styleUrl>
      <ExtendedData>
        <Data name="町会・自治会名">
          <value>都営北品川第2アパート自治会</value>
        </Data>
        <Data name="公式町会名">
          <value>都営北品川第2ｱﾊﾟｰﾄ自治会</value>
        </Data>
        <Data name="地域区分">
          <value>品川第一地域</value>
        </Data>
        <Data name="住所区域">
          <value>北品川1丁目 7番（1号～2号）</value>
        </Data>
        <Data name="町会長">
          <value>齋藤 慧</value>
        </Data>
        <Data name="代表者">
          <value />
        </Data>
        <Data name="連絡先">
          <value>03-3472-9765</value>
        </Data>
        <Data name="電話">
          <value />
        </Data>
        <Data name="メール">
          <value />
        </Data>
        <Data name="町会の紹介">
          <value>50年を迎える当自治会は、2棟で260戸強の所帯です。区の北東の端、インターシティ(港区)の前に位置しています。会員の高齢化が進む中で、幹事役員さんの懸命な努力で、会員の安全と安心な生活環境を目指し、また、地域の行事にも積極的に参加し、日夜頑張っています。</value>
        </Data>
        <Data name="活動実績">
          <value />
        </Data>
        <Data name="ホームページ">
          <value />
        </Data>
        <Data name="SNS">
          <value />
        </Data>
        <Data name="出典">
          <value>https://www2.wagmap.jp/shinagawa/OpenDataDetail?lid=2100&amp;mids=110
https://www.city.shinagawa.tokyo.jp/PC/chiiki/chiiki-tyokai/hpg000011172.html
https://www.shinagawa-choukaijichikai.jp/association/
https://pc.tamemap.net/1310901/activities?utf8=%E2%9C%93&amp;area=&amp;category=%E7%94%BA%E4%BC%9A%E3%83%BB%E8%87%AA%E6%B2%BB%E4%BC%9A&amp;word=
https://www.shinagawa-choukaijichikai.jp/shinagawaarea/339/</value>
        </Data>
      </ExtendedData>
      <Polygon>
        <tessellate>1</tessellate>
        <altitudeMode>clampToGround</altitudeMode>
        <outerBoundaryIs>
          <LinearRing>
            <coordinates>139.741619,35.624062,0 139.741326,35.623994,0 139.741252,35.624228,0 139.740558,35.624064,0 139.740516,35.624193,0 139.740787,35.624255,0 139.741494,35.624420,0 139.741619,35.624062,0</coordinates>
          </LinearRing>
        </outerBoundaryIs>
      </Polygon>
    </Placemark>
    <Placemark>
      <name>北品川一丁目町会</name>
      <description>町会・自治会名: 北品川一丁目町会
公式町会名: 北品川一丁目町会
地域区分: 品川第一地域
住所区域: 北品川1丁目 1番～4番 / 北品川1丁目 22番～30番 / 北品川2丁目 2番（1号～17号） / 北品川2丁目 3番（1～3号、18号～）
町会長: 大塚 好雄
連絡先: 03-3471-1285
町会の紹介: 土蔵相模跡が残る旧東海道沿いに位置し、下町人情と宿場気質が残る町会です。北一さくらまつりでも、老若男女が楽しみ、近隣との交流もあって、防犯・防火活動も充実、共助姿勢豊かな、安全で住みよい町会です。また、旧東海道を訪れる人が気持ち良く街歩きが出来るようにと毎月会員で清掃活動を行っています。江戸の風が漂うわが町を散策にいらしてください。
出典: https://www2.wagmap.jp/shinagawa/OpenDataDetail?lid=2100&amp;mids=110
https://www.city.shinagawa.tokyo.jp/PC/chiiki/chiiki-tyokai/hpg000011172.html
https://www.shinagawa-choukaijichikai.jp/association/
https://pc.tamemap.net/1310901/activities?utf8=%E2%9C%93&amp;area=&amp;category=%E7%94%BA%E4%BC%9A%E3%83%BB%E8%87%AA%E6%B2%BB%E4%BC%9A&amp;word=
https://www.shinagawa-choukaijichikai.jp/shinagawaarea/328/</description>
      <styleUrl>#area-1</styleUrl>
      <ExtendedData>
        <Data name="町会・自治会名">
          <value>北品川一丁目町会</value>
        </Data>
        <Data name="公式町会名">
          <value>北品川一丁目町会</value>
        </Data>
        <Data name="地域区分">
          <value>品川第一地域</value>
        </Data>
        <Data name="住所区域">
          <value>北品川1丁目 1番～4番 / 北品川1丁目 22番～30番 / 北品川2丁目 2番（1号～17号） / 北品川2丁目 3番（1～3号、18号～）</value>
        </Data>
        <Data name="町会長">
          <value>大塚 好雄</value>
        </Data>
        <Data name="代表者">
          <value />
        </Data>
        <Data name="連絡先">
          <value>03-3471-1285</value>
        </Data>
        <Data name="電話">
          <value />
        </Data>
        <Data name="メール">
          <value />
        </Data>
        <Data name="町会の紹介">
          <value>土蔵相模跡が残る旧東海道沿いに位置し、下町人情と宿場気質が残る町会です。北一さくらまつりでも、老若男女が楽しみ、近隣との交流もあって、防犯・防火活動も充実、共助姿勢豊かな、安全で住みよい町会です。また、旧東海道を訪れる人が気持ち良く街歩きが出来るようにと毎月会員で清掃活動を行っています。江戸の風が漂うわが町を散策にいらしてください。</value>
        </Data>
        <Data name="活動実績">
          <value />
        </Data>
        <Data name="ホームページ">
          <value />
        </Data>
        <Data name="SNS">
          <value />
        </Data>
        <Data name="出典">
          <value>https://www2.wagmap.jp/shinagawa/OpenDataDetail?lid=2100&amp;mids=110
https://www.city.shinagawa.tokyo.jp/PC/chiiki/chiiki-tyokai/hpg000011172.html
https://www.shinagawa-choukaijichikai.jp/association/
https://pc.tamemap.net/1310901/activities?utf8=%E2%9C%93&amp;area=&amp;category=%E7%94%BA%E4%BC%9A%E3%83%BB%E8%87%AA%E6%B2%BB%E4%BC%9A&amp;word=
https://www.shinagawa-choukaijichikai.jp/shinagawaarea/328/</value>
        </Data>
      </ExtendedData>
      <Polygon>
        <tessellate>1</tessellate>
        <altitudeMode>clampToGround</altitudeMode>
        <outerBoundaryIs>
          <LinearRing>
            <coordinates>139.739142,35.624439,0 139.739292,35.624328,0 139.739406,35.624199,0 139.739435,35.624158,0 139.739490,35.624084,0 139.739520,35.624050,0 139.739596,35.623964,0 139.739618,35.623939,0 139.739650,35.623902,0 139.739670,35.623879,0 139.739898,35.623619,0 139.740004,35.623498,0 139.740073,35.623419,0 139.740112,35.623377,0 139.740149,35.623335,0 139.740228,35.623253,0 139.740291,35.623181,0 139.740322,35.623160,0 139.740495,35.622961,0 139.740494,35.622673,0 139.740766,35.622370,0 139.741115,35.622006,0 139.741383,35.621974,0 139.741264,35.621905,0 139.741396,35.621775,0 139.741603,35.621569,0 139.741850,35.621340,0 139.742576,35.620627,0 139.742974,35.620264,0 139.743195,35.620094,0 139.742552,35.619593,0 139.742515,35.619623,0 139.742242,35.619471,0 139.742230,35.619459,0 139.742131,35.619421,0 139.742156,35.619328,0 139.742195,35.619158,0 139.741998,35.619175,0 139.741347,35.619182,0 139.741258,35.619182,0 139.741254,35.619243,0 139.741291,35.619333,0 139.741103,35.619369,0 139.741010,35.619351,0 139.741033,35.619173,0 139.740937,35.619152,0 139.740803,35.619506,0 139.740752,35.619625,0 139.740653,35.619816,0 139.740432,35.619739,0 139.740021,35.620377,0 139.739598,35.621033,0 139.739237,35.621581,0 139.738688,35.622405,0 139.738572,35.622585,0 139.738485,35.622689,0 139.738501,35.622756,0 139.738538,35.623015,0 139.738600,35.623254,0 139.738750,35.623816,0 139.738881,35.624349,0 139.738899,35.624383,0 139.738910,35.624598,0 139.739011,35.624602,0 139.739142,35.624439,0</coordinates>
          </LinearRing>
        </outerBoundaryIs>
      </Polygon>
    </Placemark>
    <Placemark>
      <name>八ッ山町会</name>
      <description>町会・自治会名: 八ッ山町会
公式町会名: 八ツ山町会
地域区分: 品川第一地域
住所区域: 北品川1丁目 6番 / 北品川1丁目 8番～21番
町会長: 伊東 堅
町会の紹介: 品川インターシティと隣接し、法人ビルと一般民家が混在する町会です。品川浦には船着場が残り映画の舞台にもなりました。町会ではフラワーグループによる美化活動、町内法人も参加する春のお花見会などを通じ、普段交流の少ないマンション住民や地域法人との交流を図るなど、開かれた町会活動を行っています。
出典: https://www2.wagmap.jp/shinagawa/OpenDataDetail?lid=2100&amp;mids=110
https://www.city.shinagawa.tokyo.jp/PC/chiiki/chiiki-tyokai/hpg000011172.html
https://www.shinagawa-choukaijichikai.jp/association/
https://pc.tamemap.net/1310901/activities?utf8=%E2%9C%93&amp;area=&amp;category=%E7%94%BA%E4%BC%9A%E3%83%BB%E8%87%AA%E6%B2%BB%E4%BC%9A&amp;word=
https://www.shinagawa-choukaijichikai.jp/shinagawaarea/329/</description>
      <styleUrl>#area-0</styleUrl>
      <ExtendedData>
        <Data name="町会・自治会名">
          <value>八ッ山町会</value>
        </Data>
        <Data name="公式町会名">
          <value>八ツ山町会</value>
        </Data>
        <Data name="地域区分">
          <value>品川第一地域</value>
        </Data>
        <Data name="住所区域">
          <value>北品川1丁目 6番 / 北品川1丁目 8番～21番</value>
        </Data>
        <Data name="町会長">
          <value>伊東 堅</value>
        </Data>
        <Data name="代表者">
          <value />
        </Data>
        <Data name="連絡先">
          <value />
        </Data>
        <Data name="電話">
          <value />
        </Data>
        <Data name="メール">
          <value />
        </Data>
        <Data name="町会の紹介">
          <value>品川インターシティと隣接し、法人ビルと一般民家が混在する町会です。品川浦には船着場が残り映画の舞台にもなりました。町会ではフラワーグループによる美化活動、町内法人も参加する春のお花見会などを通じ、普段交流の少ないマンション住民や地域法人との交流を図るなど、開かれた町会活動を行っています。</value>
        </Data>
        <Data name="活動実績">
          <value />
        </Data>
        <Data name="ホームページ">
          <value />
        </Data>
        <Data name="SNS">
          <value />
        </Data>
        <Data name="出典">
          <value>https://www2.wagmap.jp/shinagawa/OpenDataDetail?lid=2100&amp;mids=110
https://www.city.shinagawa.tokyo.jp/PC/chiiki/chiiki-tyokai/hpg000011172.html
https://www.shinagawa-choukaijichikai.jp/association/
https://pc.tamemap.net/1310901/activities?utf8=%E2%9C%93&amp;area=&amp;category=%E7%94%BA%E4%BC%9A%E3%83%BB%E8%87%AA%E6%B2%BB%E4%BC%9A&amp;word=
https://www.shinagawa-choukaijichikai.jp/shinagawaarea/329/</value>
        </Data>
      </ExtendedData>
      <Polygon>
        <tessellate>1</tessellate>
        <altitudeMode>clampToGround</altitudeMode>
        <outerBoundaryIs>
          <LinearRing>
            <coordinates>139.743625,35.624608,0 139.743786,35.624273,0 139.744217,35.623423,0 139.743524,35.623524,0 139.741779,35.622569,0 139.741228,35.622277,0 139.741273,35.622171,0 139.741294,35.622112,0 139.741383,35.621974,0 139.741115,35.622006,0 139.740766,35.622370,0 139.740494,35.622673,0 139.740495,35.622961,0 139.740542,35.622909,0 139.740716,35.623010,0 139.739813,35.623991,0 139.739650,35.623902,0 139.739618,35.623939,0 139.739596,35.623964,0 139.739520,35.624050,0 139.739490,35.624084,0 139.739435,35.624158,0 139.739406,35.624199,0 139.739292,35.624328,0 139.739142,35.624439,0 139.739011,35.624602,0 139.739318,35.624617,0 139.739705,35.624669,0 139.741191,35.624871,0 139.743238,35.625376,0 139.743625,35.624608,0</coordinates>
          </LinearRing>
        </outerBoundaryIs>
        <innerBoundaryIs>
          <LinearRing>
            <coordinates>139.740787,35.624255,0 139.740516,35.624193,0 139.740558,35.624064,0 139.741252,35.624228,0 139.741326,35.623994,0 139.741619,35.624062,0 139.741494,35.624420,0 139.740787,35.624255,0</coordinates>
          </LinearRing>
        </innerBoundaryIs>
      </Polygon>
    </Placemark>
    <Placemark>
      <name>天王洲会</name>
      <description>町会・自治会名: 天王洲会
公式町会名: 天王洲会
地域区分: 品川第一地域
住所区域: 東品川2丁目 1番～5番 / 東品川2丁目 6番（11～13号除く） / 東品川5丁目 1番～10番
出典: https://www2.wagmap.jp/shinagawa/OpenDataDetail?lid=2100&amp;mids=110
https://www.city.shinagawa.tokyo.jp/PC/chiiki/chiiki-tyokai/hpg000011172.html
https://www.shinagawa-choukaijichikai.jp/association/
https://pc.tamemap.net/1310901/activities?utf8=%E2%9C%93&amp;area=&amp;category=%E7%94%BA%E4%BC%9A%E3%83%BB%E8%87%AA%E6%B2%BB%E4%BC%9A&amp;word=
https://www.shinagawa-choukaijichikai.jp/shinagawaarea/337/</description>
      <styleUrl>#area-1</styleUrl>
      <ExtendedData>
        <Data name="町会・自治会名">
          <value>天王洲会</value>
        </Data>
        <Data name="公式町会名">
          <value>天王洲会</value>
        </Data>
        <Data name="地域区分">
          <value>品川第一地域</value>
        </Data>
        <Data name="住所区域">
          <value>東品川2丁目 1番～5番 / 東品川2丁目 6番（11～13号除く） / 東品川5丁目 1番～10番</value>
        </Data>
        <Data name="町会長">
          <value />
        </Data>
        <Data name="代表者">
          <value />
        </Data>
        <Data name="連絡先">
          <value />
        </Data>
        <Data name="電話">
          <value />
        </Data>
        <Data name="メール">
          <value />
        </Data>
        <Data name="町会の紹介">
          <value />
        </Data>
        <Data name="活動実績">
          <value />
        </Data>
        <Data name="ホームページ">
          <value />
        </Data>
        <Data name="SNS">
          <value />
        </Data>
        <Data name="出典">
          <value>https://www2.wagmap.jp/shinagawa/OpenDataDetail?lid=2100&amp;mids=110
https://www.city.shinagawa.tokyo.jp/PC/chiiki/chiiki-tyokai/hpg000011172.html
https://www.shinagawa-choukaijichikai.jp/association/
https://pc.tamemap.net/1310901/activities?utf8=%E2%9C%93&amp;area=&amp;category=%E7%94%BA%E4%BC%9A%E3%83%BB%E8%87%AA%E6%B2%BB%E4%BC%9A&amp;word=
https://www.shinagawa-choukaijichikai.jp/shinagawaarea/337/</value>
        </Data>
      </ExtendedData>
      <Polygon>
        <tessellate>1</tessellate>
        <altitudeMode>clampToGround</altitudeMode>
        <outerBoundaryIs>
          <LinearRing>
            <coordinates>139.759963,35.618373,0 139.757981,35.618374,0 139.757418,35.618365,0 139.755706,35.618369,0 139.754847,35.618359,0 139.754033,35.618369,0 139.753742,35.618382,0 139.753238,35.618359,0 139.752943,35.618363,0 139.752552,35.618368,0 139.752299,35.619001,0 139.749845,35.618305,0 139.748652,35.617957,0 139.747870,35.619714,0 139.747362,35.620858,0 139.747273,35.621058,0 139.747115,35.621406,0 139.746328,35.623131,0 139.748719,35.624225,0 139.749535,35.624613,0 139.750189,35.624924,0 139.751864,35.625480,0 139.752724,35.625471,0 139.752678,35.624073,0 139.753315,35.624082,0 139.753959,35.624097,0 139.755098,35.624132,0 139.757251,35.624180,0 139.757610,35.624191,0 139.757602,35.624618,0 139.757470,35.627842,0 139.759416,35.627906,0 139.759744,35.627916,0 139.759963,35.618373,0</coordinates>
          </LinearRing>
        </outerBoundaryIs>
        <innerBoundaryIs>
          <LinearRing>
            <coordinates>139.748620,35.619792,0 139.748571,35.619913,0 139.748806,35.619982,0 139.749238,35.620117,0 139.749224,35.620146,0 139.749254,35.620156,0 139.749235,35.620197,0 139.749095,35.620415,0 139.749037,35.620541,0 139.748902,35.620499,0 139.748924,35.620452,0 139.748575,35.620346,0 139.748561,35.620376,0 139.748499,35.620357,0 139.748357,35.620370,0 139.748336,35.620414,0 139.748206,35.620375,0 139.748492,35.619753,0 139.748620,35.619792,0</coordinates>
          </LinearRing>
        </innerBoundaryIs>
      </Polygon>
    </Placemark>
    <Placemark>
      <name>出石町会</name>
      <description>町会・自治会名: 出石町会
公式町会名: 出石町会
地域区分: 大井第三地域
住所区域: 西大井3丁目 全域 / 大井7丁目 1番
連絡先: 090-2913-1827
町会の紹介: 町会名の出石（いずるいし）は非常に歴史が旧く、『元禄検地』に名称の記録が遺されています。現在は住宅街で占められ、車の行き来が少なく学校も近いので子育てに適しています。大きな特徴は、防災活動に力を入れている事、ホームページをはじめ回覧・掲示板等の広報活動が行き届いている事です。また、春は防災広場の『桜まつり』に家族団欒で楽しめ、秋は町会の『神輿・子ども神輿』を担ぎ、更に85年前に作製の大きな『山車』を皆で曳いて町会内を練り歩く楽しみが有ります。会員が共助を理解し合って、心豊かな暮らしを営める町会です。
出典: https://www2.wagmap.jp/shinagawa/OpenDataDetail?lid=2100&amp;mids=110
https://www.city.shinagawa.tokyo.jp/PC/chiiki/chiiki-tyokai/hpg000011179.html
https://www.shinagawa-choukaijichikai.jp/association/
https://pc.tamemap.net/1310901/activities?utf8=%E2%9C%93&amp;area=&amp;category=%E7%94%BA%E4%BC%9A%E3%83%BB%E8%87%AA%E6%B2%BB%E4%BC%9A&amp;word=
https://www.shinagawa-choukaijichikai.jp/oiarea/471/</description>
      <styleUrl>#area-1</styleUrl>
      <ExtendedData>
        <Data name="町会・自治会名">
          <value>出石町会</value>
        </Data>
        <Data name="公式町会名">
          <value>出石町会</value>
        </Data>
        <Data name="地域区分">
          <value>大井第三地域</value>
        </Data>
        <Data name="住所区域">
          <value>西大井3丁目 全域 / 大井7丁目 1番</value>
        </Data>
        <Data name="町会長">
          <value />
        </Data>
        <Data name="代表者">
          <value />
        </Data>
        <Data name="連絡先">
          <value>090-2913-1827</value>
        </Data>
        <Data name="電話">
          <value />
        </Data>
        <Data name="メール">
          <value />
        </Data>
        <Data name="町会の紹介">
          <value>町会名の出石（いずるいし）は非常に歴史が旧く、『元禄検地』に名称の記録が遺されています。現在は住宅街で占められ、車の行き来が少なく学校も近いので子育てに適しています。大きな特徴は、防災活動に力を入れている事、ホームページをはじめ回覧・掲示板等の広報活動が行き届いている事です。また、春は防災広場の『桜まつり』に家族団欒で楽しめ、秋は町会の『神輿・子ども神輿』を担ぎ、更に85年前に作製の大きな『山車』を皆で曳いて町会内を練り歩く楽しみが有ります。会員が共助を理解し合って、心豊かな暮らしを営める町会です。</value>
        </Data>
        <Data name="活動実績">
          <value />
        </Data>
        <Data name="ホームページ">
          <value />
        </Data>
        <Data name="SNS">
          <value />
        </Data>
        <Data name="出典">
          <value>https://www2.wagmap.jp/shinagawa/OpenDataDetail?lid=2100&amp;mids=110
https://www.city.shinagawa.tokyo.jp/PC/chiiki/chiiki-tyokai/hpg000011179.html
https://www.shinagawa-choukaijichikai.jp/association/
https://pc.tamemap.net/1310901/activities?utf8=%E2%9C%93&amp;area=&amp;category=%E7%94%BA%E4%BC%9A%E3%83%BB%E8%87%AA%E6%B2%BB%E4%BC%9A&amp;word=
https://www.shinagawa-choukaijichikai.jp/oiarea/471/</value>
        </Data>
      </ExtendedData>
      <Polygon>
        <tessellate>1</tessellate>
        <altitudeMode>clampToGround</altitudeMode>
        <outerBoundaryIs>
          <LinearRing>
            <coordinates>139.723833,35.598021,0 139.723876,35.598008,0 139.723901,35.597998,0 139.723934,35.597980,0 139.723977,35.597949,0 139.724115,35.597831,0 139.724151,35.597809,0 139.724190,35.597790,0 139.724236,35.597770,0 139.724264,35.597761,0 139.724300,35.597752,0 139.724348,35.597751,0 139.724481,35.597755,0 139.724512,35.597755,0 139.724579,35.597750,0 139.724676,35.597739,0 139.724744,35.597728,0 139.724761,35.597728,0 139.724810,35.597737,0 139.725052,35.597790,0 139.725102,35.597798,0 139.725111,35.597803,0 139.725154,35.597800,0 139.725199,35.597798,0 139.725246,35.597789,0 139.725355,35.597761,0 139.725423,35.597740,0 139.725540,35.597700,0 139.725626,35.597666,0 139.725472,35.597389,0 139.725462,35.597366,0 139.725266,35.596902,0 139.725250,35.596865,0 139.725130,35.596723,0 139.725027,35.596739,0 139.725041,35.596673,0 139.725045,35.596645,0 139.725043,35.596623,0 139.725033,35.596593,0 139.725021,35.596548,0 139.724864,35.596189,0 139.724755,35.595957,0 139.724615,35.595646,0 139.724531,35.595448,0 139.724493,35.595345,0 139.724446,35.595164,0 139.724418,35.595058,0 139.724434,35.594816,0 139.724428,35.594777,0 139.724348,35.594656,0 139.724338,35.594631,0 139.724348,35.594603,0 139.724563,35.594376,0 139.724490,35.594367,0 139.724242,35.594374,0 139.723977,35.594318,0 139.723908,35.594321,0 139.723845,35.594329,0 139.723797,35.594344,0 139.723679,35.594380,0 139.723624,35.594399,0 139.722975,35.594407,0 139.722728,35.594410,0 139.722504,35.594454,0 139.722165,35.594489,0 139.722010,35.594503,0 139.721797,35.594489,0 139.721633,35.594451,0 139.721461,35.594452,0 139.721288,35.594430,0 139.720971,35.594426,0 139.721102,35.594800,0 139.721205,35.594970,0 139.721532,35.595470,0 139.721972,35.596076,0 139.722065,35.596269,0 139.722284,35.596696,0 139.722345,35.596782,0 139.722416,35.596856,0 139.722695,35.597149,0 139.722821,35.597473,0 139.722910,35.597633,0 139.722966,35.597770,0 139.722970,35.597797,0 139.722952,35.597995,0 139.723297,35.598007,0 139.723416,35.598012,0 139.723702,35.598024,0 139.723788,35.598027,0 139.723833,35.598021,0</coordinates>
          </LinearRing>
        </outerBoundaryIs>
      </Polygon>
    </Placemark>
    <Placemark>
      <name>大井鹿島町会</name>
      <description>町会・自治会名: 大井鹿島町会
公式町会名: 大井鹿島町会
地域区分: 大井第三地域
住所区域: 大井6丁目 全域 / 大井7丁目 4番（19～21号） / 大井7丁目 27番 / 大井7丁目 29番～30番
町会の紹介: 赤ちゃんからお年寄りまで、ご近所に知り合いがいて、お互いの顔が見える穏やかで豊かな地域づくりを目指し、地域の方々の親睦（バスハイクや町会まつり等）を図る各種行事は勿論、防災体制の整備・強化や安全対策の実施等を通じて「安心と安全」で住みよいまちづくりに積極的に取り組んでいます。今後も地域の皆様と共に明るく住みやすい地域づくりを目指し、町会活動の充実に努めて参ります。
出典: https://www2.wagmap.jp/shinagawa/OpenDataDetail?lid=2100&amp;mids=110
https://www.city.shinagawa.tokyo.jp/PC/chiiki/chiiki-tyokai/hpg000011179.html
https://www.shinagawa-choukaijichikai.jp/association/
https://pc.tamemap.net/1310901/activities?utf8=%E2%9C%93&amp;area=&amp;category=%E7%94%BA%E4%BC%9A%E3%83%BB%E8%87%AA%E6%B2%BB%E4%BC%9A&amp;word=
https://www.shinagawa-choukaijichikai.jp/oiarea/469/</description>
      <styleUrl>#area-2</styleUrl>
      <ExtendedData>
        <Data name="町会・自治会名">
          <value>大井鹿島町会</value>
        </Data>
        <Data name="公式町会名">
          <value>大井鹿島町会</value>
        </Data>
        <Data name="地域区分">
          <value>大井第三地域</value>
        </Data>
        <Data name="住所区域">
          <value>大井6丁目 全域 / 大井7丁目 4番（19～21号） / 大井7丁目 27番 / 大井7丁目 29番～30番</value>
        </Data>
        <Data name="町会長">
          <value />
        </Data>
        <Data name="代表者">
          <value />
        </Data>
        <Data name="連絡先">
          <value />
        </Data>
        <Data name="電話">
          <value />
        </Data>
        <Data name="メール">
          <value />
        </Data>
        <Data name="町会の紹介">
          <value>赤ちゃんからお年寄りまで、ご近所に知り合いがいて、お互いの顔が見える穏やかで豊かな地域づくりを目指し、地域の方々の親睦（バスハイクや町会まつり等）を図る各種行事は勿論、防災体制の整備・強化や安全対策の実施等を通じて「安心と安全」で住みよいまちづくりに積極的に取り組んでいます。今後も地域の皆様と共に明るく住みやすい地域づくりを目指し、町会活動の充実に努めて参ります。</value>
        </Data>
        <Data name="活動実績">
          <value />
        </Data>
        <Data name="ホームページ">
          <value />
        </Data>
        <Data name="SNS">
          <value />
        </Data>
        <Data name="出典">
          <value>https://www2.wagmap.jp/shinagawa/OpenDataDetail?lid=2100&amp;mids=110
https://www.city.shinagawa.tokyo.jp/PC/chiiki/chiiki-tyokai/hpg000011179.html
https://www.shinagawa-choukaijichikai.jp/association/
https://pc.tamemap.net/1310901/activities?utf8=%E2%9C%93&amp;area=&amp;category=%E7%94%BA%E4%BC%9A%E3%83%BB%E8%87%AA%E6%B2%BB%E4%BC%9A&amp;word=
https://www.shinagawa-choukaijichikai.jp/oiarea/469/</value>
        </Data>
      </ExtendedData>
      <Polygon>
        <tessellate>1</tessellate>
        <altitudeMode>clampToGround</altitudeMode>
        <outerBoundaryIs>
          <LinearRing>
            <coordinates>139.730746,35.599073,0 139.730793,35.599068,0 139.730850,35.599058,0 139.730940,35.599035,0 139.731011,35.599010,0 139.731209,35.598933,0 139.731391,35.598865,0 139.731438,35.598843,0 139.731554,35.598782,0 139.731648,35.598724,0 139.731737,35.598668,0 139.731904,35.598555,0 139.732027,35.598473,0 139.732175,35.598399,0 139.732237,35.598370,0 139.732448,35.598293,0 139.732738,35.598192,0 139.732968,35.598133,0 139.733389,35.598025,0 139.733832,35.597908,0 139.733804,35.597825,0 139.733741,35.597665,0 139.733693,35.597558,0 139.733631,35.597409,0 139.733573,35.597286,0 139.733462,35.597061,0 139.733387,35.596932,0 139.733224,35.596647,0 139.732884,35.596112,0 139.732727,35.595876,0 139.732630,35.595720,0 139.732513,35.595546,0 139.731747,35.594350,0 139.731597,35.594116,0 139.731209,35.593510,0 139.731206,35.593469,0 139.731196,35.593433,0 139.730354,35.592092,0 139.730124,35.592188,0 139.730088,35.592243,0 139.730033,35.592317,0 139.729970,35.592342,0 139.729835,35.592368,0 139.729731,35.592397,0 139.729681,35.592442,0 139.729646,35.592500,0 139.729604,35.592555,0 139.729450,35.592596,0 139.729309,35.592660,0 139.729145,35.592717,0 139.729108,35.592872,0 139.729079,35.593054,0 139.728979,35.593352,0 139.728970,35.593462,0 139.728992,35.593481,0 139.728988,35.593580,0 139.728966,35.593694,0 139.728929,35.593860,0 139.728841,35.593972,0 139.728869,35.594028,0 139.728878,35.594050,0 139.728929,35.594061,0 139.728990,35.594071,0 139.729072,35.594084,0 139.729111,35.594142,0 139.729104,35.594152,0 139.728968,35.594250,0 139.728887,35.594427,0 139.728860,35.594522,0 139.728863,35.594548,0 139.728878,35.594652,0 139.728886,35.594700,0 139.728889,35.594731,0 139.728953,35.594988,0 139.728963,35.595020,0 139.729054,35.595263,0 139.729064,35.595289,0 139.729104,35.595387,0 139.729122,35.595422,0 139.729182,35.595534,0 139.729220,35.595604,0 139.729244,35.595648,0 139.729295,35.595732,0 139.729362,35.595799,0 139.729446,35.595949,0 139.729431,35.595953,0 139.729518,35.596171,0 139.729565,35.596242,0 139.729642,35.596357,0 139.729752,35.596704,0 139.729768,35.596807,0 139.729795,35.596896,0 139.729826,35.596981,0 139.729853,35.597054,0 139.729896,35.597129,0 139.729997,35.597293,0 139.730228,35.597664,0 139.730569,35.598241,0 139.730600,35.598334,0 139.730619,35.598448,0 139.730623,35.598545,0 139.730615,35.599085,0 139.730746,35.599073,0</coordinates>
          </LinearRing>
        </outerBoundaryIs>
      </Polygon>
    </Placemark>
    <Placemark>
      <name>西大井四丁目町会</name>
      <description>町会・自治会名: 西大井四丁目町会
公式町会名: 西大井四丁目町会
地域区分: 大井第三地域
住所区域: 西大井2丁目 7番～8番 / 西大井4丁目 全域
連絡先: 03-3776-2194
町会の紹介: 防犯､防災､福祉部など､各部がー体となって年間の計画を立てて活動しています｡特に会員のみなさんが普段の創作活勤を発表する展覧会には､素晴らしい作品でー杯ですよ｡ぜひ､おいでください｡とてもいい行事になっています｡各会員の皆様から住んでよかったと思われる安心､安全なまちを目指しています。
出典: https://www2.wagmap.jp/shinagawa/OpenDataDetail?lid=2100&amp;mids=110
https://www.city.shinagawa.tokyo.jp/PC/chiiki/chiiki-tyokai/hpg000011179.html
https://www.shinagawa-choukaijichikai.jp/association/
https://pc.tamemap.net/1310901/activities?utf8=%E2%9C%93&amp;area=&amp;category=%E7%94%BA%E4%BC%9A%E3%83%BB%E8%87%AA%E6%B2%BB%E4%BC%9A&amp;word=
https://www.shinagawa-choukaijichikai.jp/oiarea/483/</description>
      <styleUrl>#area-0</styleUrl>
      <ExtendedData>
        <Data name="町会・自治会名">
          <value>西大井四丁目町会</value>
        </Data>
        <Data name="公式町会名">
          <value>西大井四丁目町会</value>
        </Data>
        <Data name="地域区分">
          <value>大井第三地域</value>
        </Data>
        <Data name="住所区域">
          <value>西大井2丁目 7番～8番 / 西大井4丁目 全域</value>
        </Data>
        <Data name="町会長">
          <value />
        </Data>
        <Data name="代表者">
          <value />
        </Data>
        <Data name="連絡先">
          <value>03-3776-2194</value>
        </Data>
        <Data name="電話">
          <value />
        </Data>
        <Data name="メール">
          <value />
        </Data>
        <Data name="町会の紹介">
          <value>防犯､防災､福祉部など､各部がー体となって年間の計画を立てて活動しています｡特に会員のみなさんが普段の創作活勤を発表する展覧会には､素晴らしい作品でー杯ですよ｡ぜひ､おいでください｡とてもいい行事になっています｡各会員の皆様から住んでよかったと思われる安心､安全なまちを目指しています。</value>
        </Data>
        <Data name="活動実績">
          <value />
        </Data>
        <Data name="ホームページ">
          <value />
        </Data>
        <Data name="SNS">
          <value />
        </Data>
        <Data name="出典">
          <value>https://www2.wagmap.jp/shinagawa/OpenDataDetail?lid=2100&amp;mids=110
https://www.city.shinagawa.tokyo.jp/PC/chiiki/chiiki-tyokai/hpg000011179.html
https://www.shinagawa-choukaijichikai.jp/association/
https://pc.tamemap.net/1310901/activities?utf8=%E2%9C%93&amp;area=&amp;category=%E7%94%BA%E4%BC%9A%E3%83%BB%E8%87%AA%E6%B2%BB%E4%BC%9A&amp;word=
https://www.shinagawa-choukaijichikai.jp/oiarea/483/</value>
        </Data>
      </ExtendedData>
      <Polygon>
        <tessellate>1</tessellate>
        <altitudeMode>clampToGround</altitudeMode>
        <outerBoundaryIs>
          <LinearRing>
            <coordinates>139.720540,35.599096,0 139.720569,35.598917,0 139.720606,35.598854,0 139.720618,35.598838,0 139.720631,35.598816,0 139.720644,35.598791,0 139.720724,35.598578,0 139.720754,35.598535,0 139.720837,35.598427,0 139.720988,35.598024,0 139.721166,35.598062,0 139.721187,35.597794,0 139.721484,35.597794,0 139.721793,35.597802,0 139.722053,35.597826,0 139.722435,35.597877,0 139.722575,35.597911,0 139.722952,35.597995,0 139.722970,35.597797,0 139.722966,35.597770,0 139.722910,35.597633,0 139.722821,35.597473,0 139.722695,35.597149,0 139.722416,35.596856,0 139.722345,35.596782,0 139.722284,35.596696,0 139.722065,35.596269,0 139.721972,35.596076,0 139.721532,35.595470,0 139.721205,35.594970,0 139.721102,35.594800,0 139.720971,35.594426,0 139.720904,35.594250,0 139.720587,35.593537,0 139.720501,35.593401,0 139.720272,35.593099,0 139.720255,35.593058,0 139.720255,35.592996,0 139.720255,35.592956,0 139.720264,35.592907,0 139.720282,35.592852,0 139.720305,35.592764,0 139.720305,35.592719,0 139.720282,35.592617,0 139.720246,35.592580,0 139.720142,35.592535,0 139.720048,35.592506,0 139.719936,35.592454,0 139.719704,35.592328,0 139.719226,35.592041,0 139.719149,35.592038,0 139.719011,35.592187,0 139.718928,35.592229,0 139.718954,35.592441,0 139.719257,35.592575,0 139.718279,35.594013,0 139.718204,35.594136,0 139.718160,35.594712,0 139.717977,35.594714,0 139.717707,35.594705,0 139.717856,35.594880,0 139.717921,35.595031,0 139.717903,35.595174,0 139.717733,35.595354,0 139.718086,35.595611,0 139.718082,35.595660,0 139.718386,35.595910,0 139.718605,35.596094,0 139.718765,35.596217,0 139.718896,35.596313,0 139.719053,35.596439,0 139.719332,35.596702,0 139.719540,35.597057,0 139.719688,35.597424,0 139.719759,35.597545,0 139.719951,35.597933,0 139.719974,35.597978,0 139.720137,35.598332,0 139.720361,35.598810,0 139.720507,35.599140,0 139.720540,35.599096,0</coordinates>
          </LinearRing>
        </outerBoundaryIs>
      </Polygon>
    </Placemark>
    <Placemark>
      <name>西大井五丁目伊藤町会</name>
      <description>町会・自治会名: 西大井五丁目伊藤町会
公式町会名: 西大井五丁目伊藤町会
地域区分: 大井第三地域
住所区域: 西大井5丁目 全域
町会の紹介: 西大井五丁目伊藤町会は、明治の元勲 伊藤博文公の墓前に位置するところから名付けられました。町内には、小学校、中学校、郵便局、“大井の大仏”と崇められるお寺もあり、住民の数は4,300人を超えています。 伊藤町会館は、１・２階とも畳敷きと今時珍しく、お年寄りも子ども達もリラックスして集会などに利用しています。会館は富士見ケ丘児童遊園に隣接しており、秋のお祭り、春のイベント等、大人も子どもも楽しい一日をすごすことが出来ます。
出典: https://www2.wagmap.jp/shinagawa/OpenDataDetail?lid=2100&amp;mids=110
https://www.city.shinagawa.tokyo.jp/PC/chiiki/chiiki-tyokai/hpg000011179.html
https://www.shinagawa-choukaijichikai.jp/association/
https://pc.tamemap.net/1310901/activities?utf8=%E2%9C%93&amp;area=&amp;category=%E7%94%BA%E4%BC%9A%E3%83%BB%E8%87%AA%E6%B2%BB%E4%BC%9A&amp;word=
https://www.shinagawa-choukaijichikai.jp/oiarea/473/</description>
      <styleUrl>#area-1</styleUrl>
      <ExtendedData>
        <Data name="町会・自治会名">
          <value>西大井五丁目伊藤町会</value>
        </Data>
        <Data name="公式町会名">
          <value>西大井五丁目伊藤町会</value>
        </Data>
        <Data name="地域区分">
          <value>大井第三地域</value>
        </Data>
        <Data name="住所区域">
          <value>西大井5丁目 全域</value>
        </Data>
        <Data name="町会長">
          <value />
        </Data>
        <Data name="代表者">
          <value />
        </Data>
        <Data name="連絡先">
          <value />
        </Data>
        <Data name="電話">
          <value />
        </Data>
        <Data name="メール">
          <value />
        </Data>
        <Data name="町会の紹介">
          <value>西大井五丁目伊藤町会は、明治の元勲 伊藤博文公の墓前に位置するところから名付けられました。町内には、小学校、中学校、郵便局、“大井の大仏”と崇められるお寺もあり、住民の数は4,300人を超えています。 伊藤町会館は、１・２階とも畳敷きと今時珍しく、お年寄りも子ども達もリラックスして集会などに利用しています。会館は富士見ケ丘児童遊園に隣接しており、秋のお祭り、春のイベント等、大人も子どもも楽しい一日をすごすことが出来ます。</value>
        </Data>
        <Data name="活動実績">
          <value />
        </Data>
        <Data name="ホームページ">
          <value />
        </Data>
        <Data name="SNS">
          <value />
        </Data>
        <Data name="出典">
          <value>https://www2.wagmap.jp/shinagawa/OpenDataDetail?lid=2100&amp;mids=110
https://www.city.shinagawa.tokyo.jp/PC/chiiki/chiiki-tyokai/hpg000011179.html
https://www.shinagawa-choukaijichikai.jp/association/
https://pc.tamemap.net/1310901/activities?utf8=%E2%9C%93&amp;area=&amp;category=%E7%94%BA%E4%BC%9A%E3%83%BB%E8%87%AA%E6%B2%BB%E4%BC%9A&amp;word=
https://www.shinagawa-choukaijichikai.jp/oiarea/473/</value>
        </Data>
      </ExtendedData>
      <Polygon>
        <tessellate>1</tessellate>
        <altitudeMode>clampToGround</altitudeMode>
        <outerBoundaryIs>
          <LinearRing>
            <coordinates>139.720917,35.600073,0 139.720802,35.599812,0 139.720605,35.599362,0 139.720507,35.599140,0 139.720361,35.598810,0 139.720137,35.598332,0 139.719974,35.597978,0 139.719951,35.597933,0 139.719759,35.597545,0 139.719688,35.597424,0 139.719540,35.597057,0 139.719332,35.596702,0 139.719053,35.596439,0 139.718896,35.596313,0 139.718765,35.596217,0 139.718605,35.596094,0 139.718386,35.595910,0 139.718082,35.595660,0 139.718086,35.595611,0 139.717733,35.595354,0 139.717576,35.595551,0 139.717424,35.595738,0 139.717264,35.595852,0 139.717309,35.595975,0 139.717399,35.596196,0 139.717553,35.596489,0 139.716765,35.596817,0 139.715832,35.596894,0 139.715248,35.597070,0 139.714968,35.597153,0 139.714783,35.597237,0 139.714504,35.597407,0 139.714477,35.597436,0 139.714449,35.597517,0 139.714528,35.597921,0 139.714493,35.597978,0 139.714487,35.598015,0 139.714464,35.598139,0 139.714339,35.598282,0 139.714308,35.598365,0 139.714294,35.598411,0 139.714282,35.598438,0 139.714192,35.598606,0 139.714087,35.598800,0 139.714063,35.598846,0 139.714055,35.598873,0 139.714033,35.598996,0 139.714016,35.599122,0 139.714016,35.599137,0 139.714117,35.599174,0 139.714157,35.599222,0 139.714168,35.599232,0 139.714184,35.599242,0 139.714201,35.599241,0 139.714268,35.599228,0 139.714418,35.599197,0 139.714601,35.599162,0 139.714740,35.599284,0 139.714813,35.599360,0 139.714872,35.599436,0 139.714909,35.599507,0 139.714929,35.599550,0 139.714939,35.599604,0 139.714912,35.599836,0 139.714696,35.599933,0 139.714666,35.599962,0 139.714665,35.599963,0 139.714818,35.599919,0 139.714974,35.599892,0 139.715086,35.599866,0 139.715392,35.599765,0 139.715721,35.599652,0 139.715875,35.599605,0 139.715964,35.599588,0 139.716066,35.599583,0 139.716402,35.599576,0 139.716527,35.599576,0 139.716945,35.599590,0 139.717001,35.599598,0 139.717583,35.599677,0 139.717960,35.599733,0 139.718232,35.599777,0 139.718907,35.599955,0 139.719074,35.599996,0 139.719148,35.600006,0 139.719732,35.600072,0 139.720328,35.600154,0 139.720986,35.600245,0 139.720917,35.600073,0</coordinates>
          </LinearRing>
        </outerBoundaryIs>
      </Polygon>
    </Placemark>
    <Placemark>
      <name>西大井二丁目町会</name>
      <description>町会・自治会名: 西大井二丁目町会
公式町会名: 西大井二丁目町会
地域区分: 大井第三地域
住所区域: 西大井2丁目 7番、8番を除く全域
町会の紹介: 当町会は西大井二丁目７番、８番を除く全地域を範囲とし、総務・防犯・衛生・交通・防災防火・青少年・文化・婦人の各部で構成され、年間計画を立て活動しており、コミュニティ活動、バス旅行、お祭りなどを通して地域の方々と交流し、防犯パトロール、防災訓練活動、民生委員、警察署、消防署と連携して、高齢者・気になるお宅をまわる「見守り訪問」などの活動を行い、町の安全安心に取組み、住み良い町をめざしています。
出典: https://www2.wagmap.jp/shinagawa/OpenDataDetail?lid=2100&amp;mids=110
https://www.city.shinagawa.tokyo.jp/PC/chiiki/chiiki-tyokai/hpg000011179.html
https://www.shinagawa-choukaijichikai.jp/association/
https://pc.tamemap.net/1310901/activities?utf8=%E2%9C%93&amp;area=&amp;category=%E7%94%BA%E4%BC%9A%E3%83%BB%E8%87%AA%E6%B2%BB%E4%BC%9A&amp;word=
https://www.shinagawa-choukaijichikai.jp/oiarea/472/</description>
      <styleUrl>#area-2</styleUrl>
      <ExtendedData>
        <Data name="町会・自治会名">
          <value>西大井二丁目町会</value>
        </Data>
        <Data name="公式町会名">
          <value>西大井二丁目町会</value>
        </Data>
        <Data name="地域区分">
          <value>大井第三地域</value>
        </Data>
        <Data name="住所区域">
          <value>西大井2丁目 7番、8番を除く全域</value>
        </Data>
        <Data name="町会長">
          <value />
        </Data>
        <Data name="代表者">
          <value />
        </Data>
        <Data name="連絡先">
          <value />
        </Data>
        <Data name="電話">
          <value />
        </Data>
        <Data name="メール">
          <value />
        </Data>
        <Data name="町会の紹介">
          <value>当町会は西大井二丁目７番、８番を除く全地域を範囲とし、総務・防犯・衛生・交通・防災防火・青少年・文化・婦人の各部で構成され、年間計画を立て活動しており、コミュニティ活動、バス旅行、お祭りなどを通して地域の方々と交流し、防犯パトロール、防災訓練活動、民生委員、警察署、消防署と連携して、高齢者・気になるお宅をまわる「見守り訪問」などの活動を行い、町の安全安心に取組み、住み良い町をめざしています。</value>
        </Data>
        <Data name="活動実績">
          <value />
        </Data>
        <Data name="ホームページ">
          <value />
        </Data>
        <Data name="SNS">
          <value />
        </Data>
        <Data name="出典">
          <value>https://www2.wagmap.jp/shinagawa/OpenDataDetail?lid=2100&amp;mids=110
https://www.city.shinagawa.tokyo.jp/PC/chiiki/chiiki-tyokai/hpg000011179.html
https://www.shinagawa-choukaijichikai.jp/association/
https://pc.tamemap.net/1310901/activities?utf8=%E2%9C%93&amp;area=&amp;category=%E7%94%BA%E4%BC%9A%E3%83%BB%E8%87%AA%E6%B2%BB%E4%BC%9A&amp;word=
https://www.shinagawa-choukaijichikai.jp/oiarea/472/</value>
        </Data>
      </ExtendedData>
      <Polygon>
        <tessellate>1</tessellate>
        <altitudeMode>clampToGround</altitudeMode>
        <outerBoundaryIs>
          <LinearRing>
            <coordinates>139.725184,35.600523,0 139.725447,35.600510,0 139.725804,35.600485,0 139.725783,35.600059,0 139.725780,35.599991,0 139.725740,35.599734,0 139.725719,35.599643,0 139.725666,35.599491,0 139.725501,35.599115,0 139.725415,35.598797,0 139.725271,35.598316,0 139.725111,35.597803,0 139.725102,35.597798,0 139.725052,35.597790,0 139.724810,35.597737,0 139.724761,35.597728,0 139.724744,35.597728,0 139.724676,35.597739,0 139.724579,35.597750,0 139.724512,35.597755,0 139.724481,35.597755,0 139.724348,35.597751,0 139.724300,35.597752,0 139.724264,35.597761,0 139.724236,35.597770,0 139.724190,35.597790,0 139.724151,35.597809,0 139.724115,35.597831,0 139.723977,35.597949,0 139.723934,35.597980,0 139.723901,35.597998,0 139.723876,35.598008,0 139.723833,35.598021,0 139.723788,35.598027,0 139.723702,35.598024,0 139.723416,35.598012,0 139.723297,35.598007,0 139.722952,35.597995,0 139.722575,35.597911,0 139.722435,35.597877,0 139.722053,35.597826,0 139.721793,35.597802,0 139.721484,35.597794,0 139.721187,35.597794,0 139.721166,35.598062,0 139.720988,35.598024,0 139.720837,35.598427,0 139.720754,35.598535,0 139.720724,35.598578,0 139.720644,35.598791,0 139.720631,35.598816,0 139.720618,35.598838,0 139.720606,35.598854,0 139.720569,35.598917,0 139.720540,35.599096,0 139.720507,35.599140,0 139.720605,35.599362,0 139.720802,35.599812,0 139.720917,35.600073,0 139.720986,35.600245,0 139.721252,35.600288,0 139.721331,35.600307,0 139.721390,35.600316,0 139.721415,35.600315,0 139.721556,35.600288,0 139.721919,35.600222,0 139.722007,35.600204,0 139.722165,35.600184,0 139.722915,35.600127,0 139.722932,35.600123,0 139.722967,35.600108,0 139.723183,35.600018,0 139.723282,35.599964,0 139.723418,35.600091,0 139.723596,35.600288,0 139.723686,35.600277,0 139.723761,35.600276,0 139.723867,35.600285,0 139.724092,35.600341,0 139.724341,35.600403,0 139.724495,35.600436,0 139.724661,35.600457,0 139.724961,35.600507,0 139.725028,35.600518,0 139.725110,35.600524,0 139.725184,35.600523,0</coordinates>
          </LinearRing>
        </outerBoundaryIs>
      </Polygon>
    </Placemark>
    <Placemark>
      <name>大井滝王子町会</name>
      <description>町会・自治会名: 大井滝王子町会
公式町会名: 大井滝王子町会
地域区分: 大井第二地域
住所区域: 大井5丁目 全域
出典: https://www2.wagmap.jp/shinagawa/OpenDataDetail?lid=2100&amp;mids=110
https://www.city.shinagawa.tokyo.jp/PC/chiiki/chiiki-tyokai/chiiki-tyokai-ooi2/index.html
https://www.shinagawa-choukaijichikai.jp/association/
https://pc.tamemap.net/1310901/activities?utf8=%E2%9C%93&amp;area=&amp;category=%E7%94%BA%E4%BC%9A%E3%83%BB%E8%87%AA%E6%B2%BB%E4%BC%9A&amp;word=
https://www.shinagawa-choukaijichikai.jp/oiarea/467/</description>
      <styleUrl>#area-0</styleUrl>
      <ExtendedData>
        <Data name="町会・自治会名">
          <value>大井滝王子町会</value>
        </Data>
        <Data name="公式町会名">
          <value>大井滝王子町会</value>
        </Data>
        <Data name="地域区分">
          <value>大井第二地域</value>
        </Data>
        <Data name="住所区域">
          <value>大井5丁目 全域</value>
        </Data>
        <Data name="町会長">
          <value />
        </Data>
        <Data name="代表者">
          <value />
        </Data>
        <Data name="連絡先">
          <value />
        </Data>
        <Data name="電話">
          <value />
        </Data>
        <Data name="メール">
          <value />
        </Data>
        <Data name="町会の紹介">
          <value />
        </Data>
        <Data name="活動実績">
          <value />
        </Data>
        <Data name="ホームページ">
          <value />
        </Data>
        <Data name="SNS">
          <value />
        </Data>
        <Data name="出典">
          <value>https://www2.wagmap.jp/shinagawa/OpenDataDetail?lid=2100&amp;mids=110
https://www.city.shinagawa.tokyo.jp/PC/chiiki/chiiki-tyokai/chiiki-tyokai-ooi2/index.html
https://www.shinagawa-choukaijichikai.jp/association/
https://pc.tamemap.net/1310901/activities?utf8=%E2%9C%93&amp;area=&amp;category=%E7%94%BA%E4%BC%9A%E3%83%BB%E8%87%AA%E6%B2%BB%E4%BC%9A&amp;word=
https://www.shinagawa-choukaijichikai.jp/oiarea/467/</value>
        </Data>
      </ExtendedData>
      <Polygon>
        <tessellate>1</tessellate>
        <altitudeMode>clampToGround</altitudeMode>
        <outerBoundaryIs>
          <LinearRing>
            <coordinates>139.727414,35.600564,0 139.727473,35.600560,0 139.727524,35.600548,0 139.727647,35.600489,0 139.727784,35.600405,0 139.727816,35.600386,0 139.727845,35.600379,0 139.728046,35.600361,0 139.728428,35.600320,0 139.728654,35.600294,0 139.728898,35.600230,0 139.728972,35.600215,0 139.729146,35.600201,0 139.729184,35.600194,0 139.729250,35.600172,0 139.729356,35.600136,0 139.729438,35.600113,0 139.729514,35.600098,0 139.729598,35.600082,0 139.729642,35.600077,0 139.729669,35.600076,0 139.729773,35.600078,0 139.729993,35.600085,0 139.730605,35.600100,0 139.730616,35.599640,0 139.730620,35.599306,0 139.730615,35.599085,0 139.730623,35.598545,0 139.730619,35.598448,0 139.730600,35.598334,0 139.730569,35.598241,0 139.730228,35.597664,0 139.729997,35.597293,0 139.729896,35.597129,0 139.729853,35.597054,0 139.729826,35.596981,0 139.729795,35.596896,0 139.729768,35.596807,0 139.729752,35.596704,0 139.729318,35.596674,0 139.729248,35.596686,0 139.728849,35.596784,0 139.728473,35.596864,0 139.728341,35.596873,0 139.728178,35.596895,0 139.728134,35.596918,0 139.727626,35.597242,0 139.727473,35.597305,0 139.727042,35.597429,0 139.726932,35.597438,0 139.726517,35.597442,0 139.726114,35.597522,0 139.726045,35.597513,0 139.725933,35.597552,0 139.725813,35.597593,0 139.725626,35.597666,0 139.725540,35.597700,0 139.725423,35.597740,0 139.725355,35.597761,0 139.725246,35.597789,0 139.725199,35.597798,0 139.725154,35.597800,0 139.725111,35.597803,0 139.725271,35.598316,0 139.725415,35.598797,0 139.725501,35.599115,0 139.725666,35.599491,0 139.725719,35.599643,0 139.725740,35.599734,0 139.725780,35.599991,0 139.725783,35.600059,0 139.725804,35.600485,0 139.726094,35.600470,0 139.726278,35.600467,0 139.726447,35.600466,0 139.726735,35.600495,0 139.726813,35.600512,0 139.726828,35.600524,0 139.726876,35.600537,0 139.726926,35.600544,0 139.727142,35.600563,0 139.727205,35.600565,0 139.727414,35.600564,0</coordinates>
          </LinearRing>
        </outerBoundaryIs>
      </Polygon>
    </Placemark>
    <Placemark>
      <name>西大井六丁目町会</name>
      <description>町会・自治会名: 西大井六丁目町会
公式町会名: 西大井六丁目町会
地域区分: 大井第三地域
住所区域: 西大井6丁目 1番を除く全域
町会の紹介: 当町会は事業主が多く町会の役員になって戴いております｡防犯部、防災部､交通部､青少年部､婦人部､その他各部で活動しております。また､昨年より若い人（中学生､小学生の父兄）を十数名各部の役員になって戴きました｡当町会の消火隊にも入って戴き町会の行事､特にお祭りや防災訓練､その他非常にスムーズにいき助かります。今後も若い人を町会の役員に入って戴き､ますます元気な住み良い町にしたいです。
出典: https://www2.wagmap.jp/shinagawa/OpenDataDetail?lid=2100&amp;mids=110
https://www.city.shinagawa.tokyo.jp/PC/chiiki/chiiki-tyokai/hpg000011179.html
https://www.shinagawa-choukaijichikai.jp/association/
https://pc.tamemap.net/1310901/activities?utf8=%E2%9C%93&amp;area=&amp;category=%E7%94%BA%E4%BC%9A%E3%83%BB%E8%87%AA%E6%B2%BB%E4%BC%9A&amp;word=
https://www.shinagawa-choukaijichikai.jp/oiarea/475/</description>
      <styleUrl>#area-2</styleUrl>
      <ExtendedData>
        <Data name="町会・自治会名">
          <value>西大井六丁目町会</value>
        </Data>
        <Data name="公式町会名">
          <value>西大井六丁目町会</value>
        </Data>
        <Data name="地域区分">
          <value>大井第三地域</value>
        </Data>
        <Data name="住所区域">
          <value>西大井6丁目 1番を除く全域</value>
        </Data>
        <Data name="町会長">
          <value />
        </Data>
        <Data name="代表者">
          <value />
        </Data>
        <Data name="連絡先">
          <value />
        </Data>
        <Data name="電話">
          <value />
        </Data>
        <Data name="メール">
          <value />
        </Data>
        <Data name="町会の紹介">
          <value>当町会は事業主が多く町会の役員になって戴いております｡防犯部、防災部､交通部､青少年部､婦人部､その他各部で活動しております。また､昨年より若い人（中学生､小学生の父兄）を十数名各部の役員になって戴きました｡当町会の消火隊にも入って戴き町会の行事､特にお祭りや防災訓練､その他非常にスムーズにいき助かります。今後も若い人を町会の役員に入って戴き､ますます元気な住み良い町にしたいです。</value>
        </Data>
        <Data name="活動実績">
          <value />
        </Data>
        <Data name="ホームページ">
          <value />
        </Data>
        <Data name="SNS">
          <value />
        </Data>
        <Data name="出典">
          <value>https://www2.wagmap.jp/shinagawa/OpenDataDetail?lid=2100&amp;mids=110
https://www.city.shinagawa.tokyo.jp/PC/chiiki/chiiki-tyokai/hpg000011179.html
https://www.shinagawa-choukaijichikai.jp/association/
https://pc.tamemap.net/1310901/activities?utf8=%E2%9C%93&amp;area=&amp;category=%E7%94%BA%E4%BC%9A%E3%83%BB%E8%87%AA%E6%B2%BB%E4%BC%9A&amp;word=
https://www.shinagawa-choukaijichikai.jp/oiarea/475/</value>
        </Data>
      </ExtendedData>
      <Polygon>
        <tessellate>1</tessellate>
        <altitudeMode>clampToGround</altitudeMode>
        <outerBoundaryIs>
          <LinearRing>
            <coordinates>139.721498,35.601302,0 139.721263,35.600685,0 139.721177,35.600521,0 139.721065,35.600415,0 139.720986,35.600245,0 139.720328,35.600154,0 139.719732,35.600072,0 139.719148,35.600006,0 139.719074,35.599996,0 139.718907,35.599955,0 139.718232,35.599777,0 139.717960,35.599733,0 139.717583,35.599677,0 139.717001,35.599598,0 139.716945,35.599590,0 139.716527,35.599576,0 139.716402,35.599576,0 139.716066,35.599583,0 139.715964,35.599588,0 139.715875,35.599605,0 139.715721,35.599652,0 139.715392,35.599765,0 139.715086,35.599866,0 139.714974,35.599892,0 139.714818,35.599919,0 139.714665,35.599963,0 139.714652,35.599986,0 139.714755,35.600136,0 139.714830,35.600279,0 139.714870,35.600369,0 139.714911,35.600539,0 139.714926,35.600590,0 139.714915,35.600678,0 139.714917,35.600760,0 139.714967,35.600884,0 139.714976,35.600918,0 139.715089,35.601308,0 139.715155,35.601307,0 139.715395,35.601312,0 139.715709,35.601327,0 139.716382,35.601366,0 139.716656,35.601378,0 139.717378,35.601415,0 139.718025,35.601446,0 139.718732,35.601486,0 139.718994,35.601494,0 139.719130,35.601502,0 139.719451,35.601537,0 139.719492,35.601546,0 139.719986,35.601693,0 139.720704,35.601973,0 139.720851,35.602007,0 139.721553,35.602105,0 139.721726,35.602130,0 139.721895,35.602155,0 139.721498,35.601302,0</coordinates>
          </LinearRing>
        </outerBoundaryIs>
      </Polygon>
    </Placemark>
    <Placemark>
      <name>大井三丁目町会</name>
      <description>町会・自治会名: 大井三丁目町会
公式町会名: 大井三丁目町会
地域区分: 大井第二地域
住所区域: 大井3丁目 全域
町会の紹介: 大井三丁目は、大井町の高台にあり、坂もなく水害の心配もない住みやすい町です。住居の形態はマンション・戸建てと様々ですが、町会行事を通しての住民の交流は増えています。春の花見会や秋のお祭りなどには若い人からお年寄りまで多くの方が準備の段階から参加しています。また、町内清掃、防犯パトロール、防災訓練など生活する上で必須な活動にも積極的に取り組んでいます。今住んでいる人、かつて住んだことのある人が「三丁目に住んで良かった」と言える町を目指しています。
出典: https://www2.wagmap.jp/shinagawa/OpenDataDetail?lid=2100&amp;mids=110
https://www.city.shinagawa.tokyo.jp/PC/chiiki/chiiki-tyokai/chiiki-tyokai-ooi2/index.html
https://www.shinagawa-choukaijichikai.jp/association/
https://pc.tamemap.net/1310901/activities?utf8=%E2%9C%93&amp;area=&amp;category=%E7%94%BA%E4%BC%9A%E3%83%BB%E8%87%AA%E6%B2%BB%E4%BC%9A&amp;word=
https://www.shinagawa-choukaijichikai.jp/oiarea/465/</description>
      <styleUrl>#area-2</styleUrl>
      <ExtendedData>
        <Data name="町会・自治会名">
          <value>大井三丁目町会</value>
        </Data>
        <Data name="公式町会名">
          <value>大井三丁目町会</value>
        </Data>
        <Data name="地域区分">
          <value>大井第二地域</value>
        </Data>
        <Data name="住所区域">
          <value>大井3丁目 全域</value>
        </Data>
        <Data name="町会長">
          <value />
        </Data>
        <Data name="代表者">
          <value />
        </Data>
        <Data name="連絡先">
          <value />
        </Data>
        <Data name="電話">
          <value />
        </Data>
        <Data name="メール">
          <value />
        </Data>
        <Data name="町会の紹介">
          <value>大井三丁目は、大井町の高台にあり、坂もなく水害の心配もない住みやすい町です。住居の形態はマンション・戸建てと様々ですが、町会行事を通しての住民の交流は増えています。春の花見会や秋のお祭りなどには若い人からお年寄りまで多くの方が準備の段階から参加しています。また、町内清掃、防犯パトロール、防災訓練など生活する上で必須な活動にも積極的に取り組んでいます。今住んでいる人、かつて住んだことのある人が「三丁目に住んで良かった」と言える町を目指しています。</value>
        </Data>
        <Data name="活動実績">
          <value />
        </Data>
        <Data name="ホームページ">
          <value />
        </Data>
        <Data name="SNS">
          <value />
        </Data>
        <Data name="出典">
          <value>https://www2.wagmap.jp/shinagawa/OpenDataDetail?lid=2100&amp;mids=110
https://www.city.shinagawa.tokyo.jp/PC/chiiki/chiiki-tyokai/chiiki-tyokai-ooi2/index.html
https://www.shinagawa-choukaijichikai.jp/association/
https://pc.tamemap.net/1310901/activities?utf8=%E2%9C%93&amp;area=&amp;category=%E7%94%BA%E4%BC%9A%E3%83%BB%E8%87%AA%E6%B2%BB%E4%BC%9A&amp;word=
https://www.shinagawa-choukaijichikai.jp/oiarea/465/</value>
        </Data>
      </ExtendedData>
      <Polygon>
        <tessellate>1</tessellate>
        <altitudeMode>clampToGround</altitudeMode>
        <outerBoundaryIs>
          <LinearRing>
            <coordinates>139.730986,35.603860,0 139.731157,35.603851,0 139.731251,35.603842,0 139.731524,35.603802,0 139.731842,35.603746,0 139.732284,35.603651,0 139.732618,35.603538,0 139.732461,35.603297,0 139.732343,35.603165,0 139.732229,35.603013,0 139.731999,35.602711,0 139.731625,35.602285,0 139.731462,35.602086,0 139.731399,35.601986,0 139.731333,35.601887,0 139.731185,35.601598,0 139.730947,35.601155,0 139.730813,35.600904,0 139.730742,35.600769,0 139.730696,35.600672,0 139.730665,35.600590,0 139.730636,35.600497,0 139.730623,35.600428,0 139.730612,35.600356,0 139.730608,35.600290,0 139.730605,35.600100,0 139.729993,35.600085,0 139.729773,35.600078,0 139.729669,35.600076,0 139.729642,35.600077,0 139.729598,35.600082,0 139.729514,35.600098,0 139.729438,35.600113,0 139.729356,35.600136,0 139.729250,35.600172,0 139.729184,35.600194,0 139.729146,35.600201,0 139.728972,35.600215,0 139.728898,35.600230,0 139.728654,35.600294,0 139.728428,35.600320,0 139.728046,35.600361,0 139.727845,35.600379,0 139.727816,35.600386,0 139.727784,35.600405,0 139.727647,35.600489,0 139.727524,35.600548,0 139.727473,35.600560,0 139.727414,35.600564,0 139.727205,35.600565,0 139.727142,35.600563,0 139.726926,35.600544,0 139.726876,35.600537,0 139.726828,35.600524,0 139.726834,35.600795,0 139.726846,35.600933,0 139.726862,35.601019,0 139.726899,35.601155,0 139.726933,35.601275,0 139.726951,35.601577,0 139.726988,35.602170,0 139.726802,35.602587,0 139.726660,35.602870,0 139.726847,35.602936,0 139.727010,35.602986,0 139.727100,35.603006,0 139.727181,35.603023,0 139.727316,35.603052,0 139.727444,35.603077,0 139.727570,35.603097,0 139.728121,35.603171,0 139.728300,35.603203,0 139.728462,35.603248,0 139.728606,35.603306,0 139.728712,35.603341,0 139.728980,35.603466,0 139.729289,35.603622,0 139.729505,35.603714,0 139.729881,35.603789,0 139.730755,35.603862,0 139.730986,35.603860,0</coordinates>
          </LinearRing>
        </outerBoundaryIs>
      </Polygon>
    </Placemark>
    <Placemark>
      <name>二葉四丁目町会</name>
      <description>町会・自治会名: 二葉四丁目町会
公式町会名: 二葉四丁目町会
地域区分: 荏原第四地域
住所区域: 西大井6丁目 1番（7～30号） / 二葉4丁目 3番～26番
連絡先: 090-1050-8559
町会の紹介: 私たちの町は、下町風の風情を残しながら、二世帯住宅・マンション・アパートなどが建ち並び、確実に世相変化が進んでいます。老若男女が健全な生活を営める町・・・・を目指していければと思っております。安全・安心な町を基本理念に防犯・防災にも心掛けています。この機会に広く大勢の方々にも広く町会運営に携わって頂きますようお願い致します。
出典: https://www2.wagmap.jp/shinagawa/OpenDataDetail?lid=2100&amp;mids=110
https://www.city.shinagawa.tokyo.jp/PC/chiiki/chiiki-tyokai/hpg000011183.html
https://www.shinagawa-choukaijichikai.jp/association/
https://pc.tamemap.net/1310901/activities?utf8=%E2%9C%93&amp;area=&amp;category=%E7%94%BA%E4%BC%9A%E3%83%BB%E8%87%AA%E6%B2%BB%E4%BC%9A&amp;word=
https://www.shinagawa-choukaijichikai.jp/ebaraarea/551/</description>
      <styleUrl>#area-0</styleUrl>
      <ExtendedData>
        <Data name="町会・自治会名">
          <value>二葉四丁目町会</value>
        </Data>
        <Data name="公式町会名">
          <value>二葉四丁目町会</value>
        </Data>
        <Data name="地域区分">
          <value>荏原第四地域</value>
        </Data>
        <Data name="住所区域">
          <value>西大井6丁目 1番（7～30号） / 二葉4丁目 3番～26番</value>
        </Data>
        <Data name="町会長">
          <value />
        </Data>
        <Data name="代表者">
          <value />
        </Data>
        <Data name="連絡先">
          <value>090-1050-8559</value>
        </Data>
        <Data name="電話">
          <value />
        </Data>
        <Data name="メール">
          <value />
        </Data>
        <Data name="町会の紹介">
          <value>私たちの町は、下町風の風情を残しながら、二世帯住宅・マンション・アパートなどが建ち並び、確実に世相変化が進んでいます。老若男女が健全な生活を営める町・・・・を目指していければと思っております。安全・安心な町を基本理念に防犯・防災にも心掛けています。この機会に広く大勢の方々にも広く町会運営に携わって頂きますようお願い致します。</value>
        </Data>
        <Data name="活動実績">
          <value />
        </Data>
        <Data name="ホームページ">
          <value />
        </Data>
        <Data name="SNS">
          <value />
        </Data>
        <Data name="出典">
          <value>https://www2.wagmap.jp/shinagawa/OpenDataDetail?lid=2100&amp;mids=110
https://www.city.shinagawa.tokyo.jp/PC/chiiki/chiiki-tyokai/hpg000011183.html
https://www.shinagawa-choukaijichikai.jp/association/
https://pc.tamemap.net/1310901/activities?utf8=%E2%9C%93&amp;area=&amp;category=%E7%94%BA%E4%BC%9A%E3%83%BB%E8%87%AA%E6%B2%BB%E4%BC%9A&amp;word=
https://www.shinagawa-choukaijichikai.jp/ebaraarea/551/</value>
        </Data>
      </ExtendedData>
      <Polygon>
        <tessellate>1</tessellate>
        <altitudeMode>clampToGround</altitudeMode>
        <outerBoundaryIs>
          <LinearRing>
            <coordinates>139.718637,35.603522,0 139.718638,35.603487,0 139.718627,35.602959,0 139.718679,35.602159,0 139.718732,35.601486,0 139.718025,35.601446,0 139.717378,35.601415,0 139.716656,35.601378,0 139.716382,35.601366,0 139.715709,35.601327,0 139.715395,35.601312,0 139.715155,35.601307,0 139.715089,35.601308,0 139.714976,35.600918,0 139.714967,35.600884,0 139.714917,35.600760,0 139.714915,35.600678,0 139.714926,35.600590,0 139.714911,35.600539,0 139.714870,35.600369,0 139.714830,35.600279,0 139.714755,35.600136,0 139.714652,35.599986,0 139.714626,35.600034,0 139.714558,35.600086,0 139.714253,35.600210,0 139.713401,35.600525,0 139.713383,35.600530,0 139.713558,35.600962,0 139.713620,35.601115,0 139.713750,35.601276,0 139.713910,35.601602,0 139.713946,35.601670,0 139.713887,35.601690,0 139.714056,35.602137,0 139.714065,35.602145,0 139.714140,35.602372,0 139.714167,35.602436,0 139.714322,35.602950,0 139.714329,35.602978,0 139.714478,35.603513,0 139.714515,35.603510,0 139.714991,35.603444,0 139.715277,35.603406,0 139.715461,35.603384,0 139.715580,35.603375,0 139.715674,35.603373,0 139.715767,35.603380,0 139.716007,35.603403,0 139.716052,35.603405,0 139.716123,35.603398,0 139.716372,35.603367,0 139.716516,35.603351,0 139.716659,35.603353,0 139.716677,35.603356,0 139.716746,35.603384,0 139.716959,35.603462,0 139.717297,35.603570,0 139.717461,35.603619,0 139.717796,35.603707,0 139.717875,35.603729,0 139.718094,35.603803,0 139.718544,35.603949,0 139.718571,35.603958,0 139.718637,35.603522,0</coordinates>
          </LinearRing>
        </outerBoundaryIs>
      </Polygon>
    </Placemark>
    <Placemark>
      <name>中延六丁目町会</name>
      <description>町会・自治会名: 中延六丁目町会
公式町会名: 中延六丁目町会
地域区分: 荏原第四地域
住所区域: 西大井6丁目 1番（1～6号、31～36号） / 中延6丁目 2番～5番 / 中延6丁目 7番～11番 / 二葉4丁目 1番～2番 / 二葉4丁目 27番
町会の紹介: 当町会は、旧東中延4丁目町会を指し、現在の中延6丁目2・3・5～11番及び二葉4丁目1・2・27番、西大井6丁目1番までを含みます。以前は、中小町工場の多い活気ある地域でしたが、現在は、高層建物が多い都市的な一面を持つ町会へと変わりつつあります。反面、緑の多い、四季折々の花にも恵まれた町会にもなりました。これからもこの恵まれた環境の維持に努め、高齢者や子供達がますます快適に安心して暮らしていける町づくりを皆様と一緒に目指したいと願っています。
出典: https://www2.wagmap.jp/shinagawa/OpenDataDetail?lid=2100&amp;mids=110
https://www.city.shinagawa.tokyo.jp/PC/chiiki/chiiki-tyokai/hpg000011183.html
https://www.shinagawa-choukaijichikai.jp/association/
https://pc.tamemap.net/1310901/activities?utf8=%E2%9C%93&amp;area=&amp;category=%E7%94%BA%E4%BC%9A%E3%83%BB%E8%87%AA%E6%B2%BB%E4%BC%9A&amp;word=
https://www.shinagawa-choukaijichikai.jp/ebaraarea/543/</description>
      <styleUrl>#area-3</styleUrl>
      <ExtendedData>
        <Data name="町会・自治会名">
          <value>中延六丁目町会</value>
        </Data>
        <Data name="公式町会名">
          <value>中延六丁目町会</value>
        </Data>
        <Data name="地域区分">
          <value>荏原第四地域</value>
        </Data>
        <Data name="住所区域">
          <value>西大井6丁目 1番（1～6号、31～36号） / 中延6丁目 2番～5番 / 中延6丁目 7番～11番 / 二葉4丁目 1番～2番 / 二葉4丁目 27番</value>
        </Data>
        <Data name="町会長">
          <value />
        </Data>
        <Data name="代表者">
          <value />
        </Data>
        <Data name="連絡先">
          <value />
        </Data>
        <Data name="電話">
          <value />
        </Data>
        <Data name="メール">
          <value />
        </Data>
        <Data name="町会の紹介">
          <value>当町会は、旧東中延4丁目町会を指し、現在の中延6丁目2・3・5～11番及び二葉4丁目1・2・27番、西大井6丁目1番までを含みます。以前は、中小町工場の多い活気ある地域でしたが、現在は、高層建物が多い都市的な一面を持つ町会へと変わりつつあります。反面、緑の多い、四季折々の花にも恵まれた町会にもなりました。これからもこの恵まれた環境の維持に努め、高齢者や子供達がますます快適に安心して暮らしていける町づくりを皆様と一緒に目指したいと願っています。</value>
        </Data>
        <Data name="活動実績">
          <value />
        </Data>
        <Data name="ホームページ">
          <value />
        </Data>
        <Data name="SNS">
          <value />
        </Data>
        <Data name="出典">
          <value>https://www2.wagmap.jp/shinagawa/OpenDataDetail?lid=2100&amp;mids=110
https://www.city.shinagawa.tokyo.jp/PC/chiiki/chiiki-tyokai/hpg000011183.html
https://www.shinagawa-choukaijichikai.jp/association/
https://pc.tamemap.net/1310901/activities?utf8=%E2%9C%93&amp;area=&amp;category=%E7%94%BA%E4%BC%9A%E3%83%BB%E8%87%AA%E6%B2%BB%E4%BC%9A&amp;word=
https://www.shinagawa-choukaijichikai.jp/ebaraarea/543/</value>
        </Data>
      </ExtendedData>
      <Polygon>
        <tessellate>1</tessellate>
        <altitudeMode>clampToGround</altitudeMode>
        <outerBoundaryIs>
          <LinearRing>
            <coordinates>139.711192,35.603943,0 139.711871,35.603850,0 139.712745,35.603738,0 139.713209,35.603680,0 139.714009,35.603574,0 139.714433,35.603518,0 139.714478,35.603513,0 139.714329,35.602978,0 139.714322,35.602950,0 139.714167,35.602436,0 139.714140,35.602372,0 139.714065,35.602145,0 139.714056,35.602137,0 139.713887,35.601690,0 139.713946,35.601670,0 139.713910,35.601602,0 139.713750,35.601276,0 139.713620,35.601115,0 139.713558,35.600962,0 139.713383,35.600530,0 139.712850,35.600686,0 139.712619,35.600739,0 139.712324,35.600788,0 139.711927,35.600830,0 139.710868,35.600929,0 139.710305,35.600965,0 139.709933,35.600992,0 139.709925,35.601150,0 139.709921,35.601747,0 139.709910,35.602107,0 139.709908,35.602280,0 139.709919,35.602327,0 139.710979,35.602134,0 139.711164,35.602877,0 139.711155,35.602937,0 139.710956,35.603952,0 139.710956,35.603973,0 139.711192,35.603943,0</coordinates>
          </LinearRing>
        </outerBoundaryIs>
      </Polygon>
    </Placemark>
    <Placemark>
      <name>中延五丁目町会</name>
      <description>町会・自治会名: 中延五丁目町会
公式町会名: 中延五丁目町会
地域区分: 荏原第四地域
住所区域: 中延5丁目 1番～2番 / 中延5丁目 7番～12番
町会の紹介: 当町会は、僅か7街区の小さな町会です。事業は、町会清掃(毎月第3日曜日)、交通安全運動、祭礼、歳末警戒、敬老会(高齢者お祝い)町会バスレク、町会新年会、地域猫活動、町会防災訓練等です。「町会活動は楽しく」をスローガンに安心して暮らせる町会を目指し、活動しています。
出典: https://www2.wagmap.jp/shinagawa/OpenDataDetail?lid=2100&amp;mids=110
https://www.city.shinagawa.tokyo.jp/PC/chiiki/chiiki-tyokai/hpg000011183.html
https://www.shinagawa-choukaijichikai.jp/association/
https://pc.tamemap.net/1310901/activities?utf8=%E2%9C%93&amp;area=&amp;category=%E7%94%BA%E4%BC%9A%E3%83%BB%E8%87%AA%E6%B2%BB%E4%BC%9A&amp;word=
https://www.shinagawa-choukaijichikai.jp/ebaraarea/539/</description>
      <styleUrl>#area-0</styleUrl>
      <ExtendedData>
        <Data name="町会・自治会名">
          <value>中延五丁目町会</value>
        </Data>
        <Data name="公式町会名">
          <value>中延五丁目町会</value>
        </Data>
        <Data name="地域区分">
          <value>荏原第四地域</value>
        </Data>
        <Data name="住所区域">
          <value>中延5丁目 1番～2番 / 中延5丁目 7番～12番</value>
        </Data>
        <Data name="町会長">
          <value />
        </Data>
        <Data name="代表者">
          <value />
        </Data>
        <Data name="連絡先">
          <value />
        </Data>
        <Data name="電話">
          <value />
        </Data>
        <Data name="メール">
          <value />
        </Data>
        <Data name="町会の紹介">
          <value>当町会は、僅か7街区の小さな町会です。事業は、町会清掃(毎月第3日曜日)、交通安全運動、祭礼、歳末警戒、敬老会(高齢者お祝い)町会バスレク、町会新年会、地域猫活動、町会防災訓練等です。「町会活動は楽しく」をスローガンに安心して暮らせる町会を目指し、活動しています。</value>
        </Data>
        <Data name="活動実績">
          <value />
        </Data>
        <Data name="ホームページ">
          <value />
        </Data>
        <Data name="SNS">
          <value />
        </Data>
        <Data name="出典">
          <value>https://www2.wagmap.jp/shinagawa/OpenDataDetail?lid=2100&amp;mids=110
https://www.city.shinagawa.tokyo.jp/PC/chiiki/chiiki-tyokai/hpg000011183.html
https://www.shinagawa-choukaijichikai.jp/association/
https://pc.tamemap.net/1310901/activities?utf8=%E2%9C%93&amp;area=&amp;category=%E7%94%BA%E4%BC%9A%E3%83%BB%E8%87%AA%E6%B2%BB%E4%BC%9A&amp;word=
https://www.shinagawa-choukaijichikai.jp/ebaraarea/539/</value>
        </Data>
      </ExtendedData>
      <Polygon>
        <tessellate>1</tessellate>
        <altitudeMode>clampToGround</altitudeMode>
        <outerBoundaryIs>
          <LinearRing>
            <coordinates>139.706874,35.603970,0 139.707216,35.603930,0 139.707516,35.603901,0 139.707839,35.603898,0 139.707961,35.603898,0 139.708139,35.603909,0 139.708294,35.603921,0 139.708223,35.603787,0 139.708216,35.603768,0 139.708206,35.603716,0 139.708202,35.603648,0 139.708203,35.603441,0 139.708205,35.603380,0 139.708220,35.602265,0 139.708227,35.602241,0 139.708265,35.602153,0 139.708456,35.601844,0 139.708675,35.601511,0 139.708982,35.601085,0 139.708958,35.601079,0 139.708886,35.601075,0 139.708022,35.601130,0 139.707471,35.601165,0 139.706838,35.601208,0 139.706181,35.601244,0 139.705874,35.601280,0 139.705794,35.601310,0 139.706043,35.601774,0 139.706231,35.602134,0 139.706278,35.602305,0 139.706428,35.602886,0 139.706629,35.603672,0 139.706693,35.603915,0 139.706714,35.603997,0 139.706874,35.603970,0</coordinates>
          </LinearRing>
        </outerBoundaryIs>
      </Polygon>
    </Placemark>
    <Placemark>
      <name>二葉三丁目町会</name>
      <description>町会・自治会名: 二葉三丁目町会
公式町会名: 二葉三丁目町会
地域区分: 荏原第五地域
住所区域: 二葉3丁目 1番～16番 / 二葉3丁目 22番～30番
町会の紹介: JR西大井駅を降りるとすぐ、そこが当町会です。交通至便で買物にも便利な住みやすいところです。秋の例大祭、餅つき大会、日帰りバス旅行などの行事の他、年末年始のパトロールの実施や区内で唯一「子どもの日」に神輿の巡行があります。また、「自守防災」を合言葉に一人暮らしの高齢者や要支援者には、災害時の支援システムが構築されています。日頃の町会活動を通じて、安全安心で活気のある町づくりに日々取り組んでいます。
出典: https://www2.wagmap.jp/shinagawa/OpenDataDetail?lid=2100&amp;mids=110
https://www.city.shinagawa.tokyo.jp/PC/chiiki/chiiki-tyokai/hpg000011184.html
https://www.shinagawa-choukaijichikai.jp/association/
https://pc.tamemap.net/1310901/activities?utf8=%E2%9C%93&amp;area=&amp;category=%E7%94%BA%E4%BC%9A%E3%83%BB%E8%87%AA%E6%B2%BB%E4%BC%9A&amp;word=
https://www.shinagawa-choukaijichikai.jp/ebaraarea/561/</description>
      <styleUrl>#area-1</styleUrl>
      <ExtendedData>
        <Data name="町会・自治会名">
          <value>二葉三丁目町会</value>
        </Data>
        <Data name="公式町会名">
          <value>二葉三丁目町会</value>
        </Data>
        <Data name="地域区分">
          <value>荏原第五地域</value>
        </Data>
        <Data name="住所区域">
          <value>二葉3丁目 1番～16番 / 二葉3丁目 22番～30番</value>
        </Data>
        <Data name="町会長">
          <value />
        </Data>
        <Data name="代表者">
          <value />
        </Data>
        <Data name="連絡先">
          <value />
        </Data>
        <Data name="電話">
          <value />
        </Data>
        <Data name="メール">
          <value />
        </Data>
        <Data name="町会の紹介">
          <value>JR西大井駅を降りるとすぐ、そこが当町会です。交通至便で買物にも便利な住みやすいところです。秋の例大祭、餅つき大会、日帰りバス旅行などの行事の他、年末年始のパトロールの実施や区内で唯一「子どもの日」に神輿の巡行があります。また、「自守防災」を合言葉に一人暮らしの高齢者や要支援者には、災害時の支援システムが構築されています。日頃の町会活動を通じて、安全安心で活気のある町づくりに日々取り組んでいます。</value>
        </Data>
        <Data name="活動実績">
          <value />
        </Data>
        <Data name="ホームページ">
          <value />
        </Data>
        <Data name="SNS">
          <value />
        </Data>
        <Data name="出典">
          <value>https://www2.wagmap.jp/shinagawa/OpenDataDetail?lid=2100&amp;mids=110
https://www.city.shinagawa.tokyo.jp/PC/chiiki/chiiki-tyokai/hpg000011184.html
https://www.shinagawa-choukaijichikai.jp/association/
https://pc.tamemap.net/1310901/activities?utf8=%E2%9C%93&amp;area=&amp;category=%E7%94%BA%E4%BC%9A%E3%83%BB%E8%87%AA%E6%B2%BB%E4%BC%9A&amp;word=
https://www.shinagawa-choukaijichikai.jp/ebaraarea/561/</value>
        </Data>
      </ExtendedData>
      <Polygon>
        <tessellate>1</tessellate>
        <altitudeMode>clampToGround</altitudeMode>
        <outerBoundaryIs>
          <LinearRing>
            <coordinates>139.720803,35.604147,0 139.721051,35.604127,0 139.721277,35.604157,0 139.721279,35.604157,0 139.721610,35.603734,0 139.721656,35.603629,0 139.721735,35.603152,0 139.721912,35.602858,0 139.721884,35.602778,0 139.722000,35.602748,0 139.721726,35.602130,0 139.721553,35.602105,0 139.720851,35.602007,0 139.720704,35.601973,0 139.719986,35.601693,0 139.719492,35.601546,0 139.719451,35.601537,0 139.719130,35.601502,0 139.718994,35.601494,0 139.718732,35.601486,0 139.718679,35.602159,0 139.718627,35.602959,0 139.718638,35.603487,0 139.718637,35.603522,0 139.718571,35.603958,0 139.719279,35.604069,0 139.719726,35.604148,0 139.719993,35.604172,0 139.720803,35.604147,0</coordinates>
          </LinearRing>
        </outerBoundaryIs>
      </Polygon>
    </Placemark>
    <Placemark>
      <name>西大井一丁目町会</name>
      <description>町会・自治会名: 西大井一丁目町会
公式町会名: 西大井一丁目町会
地域区分: 大井第二地域
住所区域: 西大井1丁目 全域
出典: https://www2.wagmap.jp/shinagawa/OpenDataDetail?lid=2100&amp;mids=110
https://www.city.shinagawa.tokyo.jp/PC/chiiki/chiiki-tyokai/chiiki-tyokai-ooi2/index.html
https://www.shinagawa-choukaijichikai.jp/association/
https://pc.tamemap.net/1310901/activities?utf8=%E2%9C%93&amp;area=&amp;category=%E7%94%BA%E4%BC%9A%E3%83%BB%E8%87%AA%E6%B2%BB%E4%BC%9A&amp;word=
https://www.shinagawa-choukaijichikai.jp/oiarea/468/</description>
      <styleUrl>#area-1</styleUrl>
      <ExtendedData>
        <Data name="町会・自治会名">
          <value>西大井一丁目町会</value>
        </Data>
        <Data name="公式町会名">
          <value>西大井一丁目町会</value>
        </Data>
        <Data name="地域区分">
          <value>大井第二地域</value>
        </Data>
        <Data name="住所区域">
          <value>西大井1丁目 全域</value>
        </Data>
        <Data name="町会長">
          <value />
        </Data>
        <Data name="代表者">
          <value />
        </Data>
        <Data name="連絡先">
          <value />
        </Data>
        <Data name="電話">
          <value />
        </Data>
        <Data name="メール">
          <value />
        </Data>
        <Data name="町会の紹介">
          <value />
        </Data>
        <Data name="活動実績">
          <value />
        </Data>
        <Data name="ホームページ">
          <value />
        </Data>
        <Data name="SNS">
          <value />
        </Data>
        <Data name="出典">
          <value>https://www2.wagmap.jp/shinagawa/OpenDataDetail?lid=2100&amp;mids=110
https://www.city.shinagawa.tokyo.jp/PC/chiiki/chiiki-tyokai/chiiki-tyokai-ooi2/index.html
https://www.shinagawa-choukaijichikai.jp/association/
https://pc.tamemap.net/1310901/activities?utf8=%E2%9C%93&amp;area=&amp;category=%E7%94%BA%E4%BC%9A%E3%83%BB%E8%87%AA%E6%B2%BB%E4%BC%9A&amp;word=
https://www.shinagawa-choukaijichikai.jp/oiarea/468/</value>
        </Data>
      </ExtendedData>
      <Polygon>
        <tessellate>1</tessellate>
        <altitudeMode>clampToGround</altitudeMode>
        <outerBoundaryIs>
          <LinearRing>
            <coordinates>139.726305,35.604049,0 139.726341,35.604001,0 139.726455,35.603805,0 139.726589,35.603565,0 139.726810,35.603322,0 139.726890,35.603231,0 139.726928,35.603162,0 139.727010,35.602986,0 139.726847,35.602936,0 139.726660,35.602870,0 139.726802,35.602587,0 139.726988,35.602170,0 139.726951,35.601577,0 139.726933,35.601275,0 139.726899,35.601155,0 139.726862,35.601019,0 139.726846,35.600933,0 139.726834,35.600795,0 139.726828,35.600524,0 139.726813,35.600512,0 139.726735,35.600495,0 139.726447,35.600466,0 139.726278,35.600467,0 139.726094,35.600470,0 139.725804,35.600485,0 139.725447,35.600510,0 139.725184,35.600523,0 139.725110,35.600524,0 139.725028,35.600518,0 139.724961,35.600507,0 139.724661,35.600457,0 139.724495,35.600436,0 139.724341,35.600403,0 139.724092,35.600341,0 139.723867,35.600285,0 139.723761,35.600276,0 139.723686,35.600277,0 139.723596,35.600288,0 139.723418,35.600091,0 139.723282,35.599964,0 139.723183,35.600018,0 139.722967,35.600108,0 139.722932,35.600123,0 139.722915,35.600127,0 139.722165,35.600184,0 139.722007,35.600204,0 139.721919,35.600222,0 139.721556,35.600288,0 139.721415,35.600315,0 139.721390,35.600316,0 139.721331,35.600307,0 139.721252,35.600288,0 139.720986,35.600245,0 139.721065,35.600415,0 139.721177,35.600521,0 139.721263,35.600685,0 139.721498,35.601302,0 139.721895,35.602155,0 139.722173,35.602198,0 139.722197,35.602209,0 139.722230,35.602247,0 139.722242,35.602455,0 139.722447,35.602515,0 139.722389,35.602660,0 139.722964,35.602830,0 139.723102,35.602867,0 139.723174,35.602722,0 139.723330,35.602741,0 139.723399,35.602746,0 139.723455,35.602767,0 139.723520,35.602807,0 139.723747,35.602815,0 139.723817,35.602693,0 139.724249,35.602873,0 139.724425,35.602958,0 139.724629,35.603073,0 139.724952,35.603277,0 139.725289,35.603491,0 139.725628,35.603745,0 139.725841,35.603926,0 139.726034,35.604128,0 139.726143,35.604227,0 139.726305,35.604049,0</coordinates>
          </LinearRing>
        </outerBoundaryIs>
      </Polygon>
    </Placemark>
    <Placemark>
      <name>荏原町町会</name>
      <description>町会・自治会名: 荏原町町会
公式町会名: 荏原町町会
地域区分: 荏原第四地域
住所区域: 中延4丁目 19番 / 中延5丁目 3番～6番 / 中延5丁目 13番～15番 / 中延6丁目 1番 / 中延6丁目 6番
町会の紹介: 私達の町荏原町町会は品川区内でも賑やかな商店街がある町会で、中原街道と第二京浜国道を結ぶ三間通りの中の通称“弁天通り”と呼ぶ通りを挟んだ地域（中延五丁目、中延四丁目及び中延六丁目のそれぞれ一部）の在住者で組織しています。 町会の活動として、夏休みのラジオ体操、荏原町公園での独自の防災訓練、日帰りバス旅行、新年会等を行っており、地域の皆様とのコミュニケーションを取るのに役立てております。 明るい町を目指してこれからも役員、地域の皆様と一緒になって良い町、良い町会を作っていきたいと思っております。今後ともよろしくお願い致します。
出典: https://www2.wagmap.jp/shinagawa/OpenDataDetail?lid=2100&amp;mids=110
https://www.city.shinagawa.tokyo.jp/PC/chiiki/chiiki-tyokai/hpg000011183.html
https://www.shinagawa-choukaijichikai.jp/association/
https://pc.tamemap.net/1310901/activities?utf8=%E2%9C%93&amp;area=&amp;category=%E7%94%BA%E4%BC%9A%E3%83%BB%E8%87%AA%E6%B2%BB%E4%BC%9A&amp;word=
https://www.shinagawa-choukaijichikai.jp/ebaraarea/540/</description>
      <styleUrl>#area-2</styleUrl>
      <ExtendedData>
        <Data name="町会・自治会名">
          <value>荏原町町会</value>
        </Data>
        <Data name="公式町会名">
          <value>荏原町町会</value>
        </Data>
        <Data name="地域区分">
          <value>荏原第四地域</value>
        </Data>
        <Data name="住所区域">
          <value>中延4丁目 19番 / 中延5丁目 3番～6番 / 中延5丁目 13番～15番 / 中延6丁目 1番 / 中延6丁目 6番</value>
        </Data>
        <Data name="町会長">
          <value />
        </Data>
        <Data name="代表者">
          <value />
        </Data>
        <Data name="連絡先">
          <value />
        </Data>
        <Data name="電話">
          <value />
        </Data>
        <Data name="メール">
          <value />
        </Data>
        <Data name="町会の紹介">
          <value>私達の町荏原町町会は品川区内でも賑やかな商店街がある町会で、中原街道と第二京浜国道を結ぶ三間通りの中の通称“弁天通り”と呼ぶ通りを挟んだ地域（中延五丁目、中延四丁目及び中延六丁目のそれぞれ一部）の在住者で組織しています。 町会の活動として、夏休みのラジオ体操、荏原町公園での独自の防災訓練、日帰りバス旅行、新年会等を行っており、地域の皆様とのコミュニケーションを取るのに役立てております。 明るい町を目指してこれからも役員、地域の皆様と一緒になって良い町、良い町会を作っていきたいと思っております。今後ともよろしくお願い致します。</value>
        </Data>
        <Data name="活動実績">
          <value />
        </Data>
        <Data name="ホームページ">
          <value />
        </Data>
        <Data name="SNS">
          <value />
        </Data>
        <Data name="出典">
          <value>https://www2.wagmap.jp/shinagawa/OpenDataDetail?lid=2100&amp;mids=110
https://www.city.shinagawa.tokyo.jp/PC/chiiki/chiiki-tyokai/hpg000011183.html
https://www.shinagawa-choukaijichikai.jp/association/
https://pc.tamemap.net/1310901/activities?utf8=%E2%9C%93&amp;area=&amp;category=%E7%94%BA%E4%BC%9A%E3%83%BB%E8%87%AA%E6%B2%BB%E4%BC%9A&amp;word=
https://www.shinagawa-choukaijichikai.jp/ebaraarea/540/</value>
        </Data>
      </ExtendedData>
      <Polygon>
        <tessellate>1</tessellate>
        <altitudeMode>clampToGround</altitudeMode>
        <outerBoundaryIs>
          <LinearRing>
            <coordinates>139.710863,35.604490,0 139.710885,35.604323,0 139.710956,35.603997,0 139.710956,35.603973,0 139.710956,35.603952,0 139.711155,35.602937,0 139.711164,35.602877,0 139.710979,35.602134,0 139.709919,35.602327,0 139.709908,35.602280,0 139.709910,35.602107,0 139.709921,35.601747,0 139.709925,35.601150,0 139.709933,35.600992,0 139.709772,35.601003,0 139.709443,35.601041,0 139.709101,35.601101,0 139.709060,35.601102,0 139.709024,35.601097,0 139.708982,35.601085,0 139.708675,35.601511,0 139.708456,35.601844,0 139.708265,35.602153,0 139.708227,35.602241,0 139.708220,35.602265,0 139.708205,35.603380,0 139.708203,35.603441,0 139.708202,35.603648,0 139.708206,35.603716,0 139.708216,35.603768,0 139.708223,35.603787,0 139.708294,35.603921,0 139.708450,35.603940,0 139.708586,35.603960,0 139.708711,35.603980,0 139.709009,35.604044,0 139.709158,35.604079,0 139.709275,35.604111,0 139.709283,35.604147,0 139.709529,35.604219,0 139.709850,35.604327,0 139.709850,35.604244,0 139.710323,35.604414,0 139.710556,35.604509,0 139.710791,35.604614,0 139.710863,35.604490,0</coordinates>
          </LinearRing>
        </outerBoundaryIs>
      </Polygon>
    </Placemark>
    <Placemark>
      <name>旗の台四丁目町会</name>
      <description>町会・自治会名: 旗の台四丁目町会
公式町会名: 旗の台四丁目町会
地域区分: 荏原第四地域
住所区域: 旗の台4丁目 全域
連絡先: 090-5524-7010
町会の紹介: 旗の台4丁目町会は、東急大井町線荏原町駅から旗の台駅にかけての中央部分から南側大田区境にまたがる地域に存在しています。当町会は、清掃活動や祭り行事にも力を入れており、また、これからの高齢化社会に向けて、しっかりした対応が肝要と考えています。よろしくお願い申し上げます。
出典: https://www2.wagmap.jp/shinagawa/OpenDataDetail?lid=2100&amp;mids=110
https://www.city.shinagawa.tokyo.jp/PC/chiiki/chiiki-tyokai/hpg000011183.html
https://www.shinagawa-choukaijichikai.jp/association/
https://pc.tamemap.net/1310901/activities?utf8=%E2%9C%93&amp;area=&amp;category=%E7%94%BA%E4%BC%9A%E3%83%BB%E8%87%AA%E6%B2%BB%E4%BC%9A&amp;word=
https://www.shinagawa-choukaijichikai.jp/ebaraarea/547/</description>
      <styleUrl>#area-2</styleUrl>
      <ExtendedData>
        <Data name="町会・自治会名">
          <value>旗の台四丁目町会</value>
        </Data>
        <Data name="公式町会名">
          <value>旗の台四丁目町会</value>
        </Data>
        <Data name="地域区分">
          <value>荏原第四地域</value>
        </Data>
        <Data name="住所区域">
          <value>旗の台4丁目 全域</value>
        </Data>
        <Data name="町会長">
          <value />
        </Data>
        <Data name="代表者">
          <value />
        </Data>
        <Data name="連絡先">
          <value>090-5524-7010</value>
        </Data>
        <Data name="電話">
          <value />
        </Data>
        <Data name="メール">
          <value />
        </Data>
        <Data name="町会の紹介">
          <value>旗の台4丁目町会は、東急大井町線荏原町駅から旗の台駅にかけての中央部分から南側大田区境にまたがる地域に存在しています。当町会は、清掃活動や祭り行事にも力を入れており、また、これからの高齢化社会に向けて、しっかりした対応が肝要と考えています。よろしくお願い申し上げます。</value>
        </Data>
        <Data name="活動実績">
          <value />
        </Data>
        <Data name="ホームページ">
          <value />
        </Data>
        <Data name="SNS">
          <value />
        </Data>
        <Data name="出典">
          <value>https://www2.wagmap.jp/shinagawa/OpenDataDetail?lid=2100&amp;mids=110
https://www.city.shinagawa.tokyo.jp/PC/chiiki/chiiki-tyokai/hpg000011183.html
https://www.shinagawa-choukaijichikai.jp/association/
https://pc.tamemap.net/1310901/activities?utf8=%E2%9C%93&amp;area=&amp;category=%E7%94%BA%E4%BC%9A%E3%83%BB%E8%87%AA%E6%B2%BB%E4%BC%9A&amp;word=
https://www.shinagawa-choukaijichikai.jp/ebaraarea/547/</value>
        </Data>
      </ExtendedData>
      <Polygon>
        <tessellate>1</tessellate>
        <altitudeMode>clampToGround</altitudeMode>
        <outerBoundaryIs>
          <LinearRing>
            <coordinates>139.704070,35.604648,0 139.704478,35.604547,0 139.704975,35.604420,0 139.704947,35.604285,0 139.705513,35.604174,0 139.705930,35.604079,0 139.705969,35.604084,0 139.706281,35.604010,0 139.706693,35.603915,0 139.706629,35.603672,0 139.706428,35.602886,0 139.706278,35.602305,0 139.706231,35.602134,0 139.706043,35.601774,0 139.705794,35.601310,0 139.705788,35.601312,0 139.705360,35.601353,0 139.704657,35.601397,0 139.704008,35.601430,0 139.703962,35.601445,0 139.703845,35.601458,0 139.703156,35.601503,0 139.702624,35.601533,0 139.702691,35.602032,0 139.702802,35.602164,0 139.703093,35.602526,0 139.703341,35.602841,0 139.703569,35.603135,0 139.703690,35.603722,0 139.703781,35.604144,0 139.703781,35.604717,0 139.704070,35.604648,0</coordinates>
          </LinearRing>
        </outerBoundaryIs>
      </Polygon>
    </Placemark>
    <Placemark>
      <name>旗の台五丁目町会</name>
      <description>町会・自治会名: 旗の台五丁目町会
公式町会名: 旗の台五丁目町会
地域区分: 荏原第四地域
住所区域: 旗の台5丁目 6番～12番 / 旗の台5丁目 21番～28番
町会の紹介: みなさんこんにちは。荏原第四連合町会の南西端に位置する旗の台五丁目町会です。南は大田区に隣接し、西は東急池上線で区切られています。池上線が旗の台駅を出発して次の長原駅に向かうとき、環状七号線に至る左側の地域になります。町内のほぼ中央に荏原第五中学校があり、お隣の旗の台南公園と合わせて春にはサクラの花が大変きれいに咲き誇ります。会員世帯は800世帯ほど。役員の担い手が減っている悩みはありますが、町会として防災や高齢者を支える活動に力を入れ、これからも安心・安全な街づくりを、共に力を出し合って進めたいと考えています。ホームページもありますのでご覧いただければ幸いです。
出典: https://www2.wagmap.jp/shinagawa/OpenDataDetail?lid=2100&amp;mids=110
https://www.city.shinagawa.tokyo.jp/PC/chiiki/chiiki-tyokai/hpg000011183.html
https://www.shinagawa-choukaijichikai.jp/association/
https://pc.tamemap.net/1310901/activities?utf8=%E2%9C%93&amp;area=&amp;category=%E7%94%BA%E4%BC%9A%E3%83%BB%E8%87%AA%E6%B2%BB%E4%BC%9A&amp;word=
https://www.shinagawa-choukaijichikai.jp/ebaraarea/548/</description>
      <styleUrl>#area-0</styleUrl>
      <ExtendedData>
        <Data name="町会・自治会名">
          <value>旗の台五丁目町会</value>
        </Data>
        <Data name="公式町会名">
          <value>旗の台五丁目町会</value>
        </Data>
        <Data name="地域区分">
          <value>荏原第四地域</value>
        </Data>
        <Data name="住所区域">
          <value>旗の台5丁目 6番～12番 / 旗の台5丁目 21番～28番</value>
        </Data>
        <Data name="町会長">
          <value />
        </Data>
        <Data name="代表者">
          <value />
        </Data>
        <Data name="連絡先">
          <value />
        </Data>
        <Data name="電話">
          <value />
        </Data>
        <Data name="メール">
          <value />
        </Data>
        <Data name="町会の紹介">
          <value>みなさんこんにちは。荏原第四連合町会の南西端に位置する旗の台五丁目町会です。南は大田区に隣接し、西は東急池上線で区切られています。池上線が旗の台駅を出発して次の長原駅に向かうとき、環状七号線に至る左側の地域になります。町内のほぼ中央に荏原第五中学校があり、お隣の旗の台南公園と合わせて春にはサクラの花が大変きれいに咲き誇ります。会員世帯は800世帯ほど。役員の担い手が減っている悩みはありますが、町会として防災や高齢者を支える活動に力を入れ、これからも安心・安全な街づくりを、共に力を出し合って進めたいと考えています。ホームページもありますのでご覧いただければ幸いです。</value>
        </Data>
        <Data name="活動実績">
          <value />
        </Data>
        <Data name="ホームページ">
          <value />
        </Data>
        <Data name="SNS">
          <value />
        </Data>
        <Data name="出典">
          <value>https://www2.wagmap.jp/shinagawa/OpenDataDetail?lid=2100&amp;mids=110
https://www.city.shinagawa.tokyo.jp/PC/chiiki/chiiki-tyokai/hpg000011183.html
https://www.shinagawa-choukaijichikai.jp/association/
https://pc.tamemap.net/1310901/activities?utf8=%E2%9C%93&amp;area=&amp;category=%E7%94%BA%E4%BC%9A%E3%83%BB%E8%87%AA%E6%B2%BB%E4%BC%9A&amp;word=
https://www.shinagawa-choukaijichikai.jp/ebaraarea/548/</value>
        </Data>
      </ExtendedData>
      <Polygon>
        <tessellate>1</tessellate>
        <altitudeMode>clampToGround</altitudeMode>
        <outerBoundaryIs>
          <LinearRing>
            <coordinates>139.702926,35.604893,0 139.703020,35.604900,0 139.703147,35.604875,0 139.703513,35.604782,0 139.703781,35.604717,0 139.703781,35.604144,0 139.703690,35.603722,0 139.703569,35.603135,0 139.703341,35.602841,0 139.703093,35.602526,0 139.702802,35.602164,0 139.702691,35.602032,0 139.702624,35.601533,0 139.702540,35.601537,0 139.702114,35.601558,0 139.701384,35.601605,0 139.700892,35.601629,0 139.700762,35.601752,0 139.700522,35.601967,0 139.700238,35.602211,0 139.699984,35.602406,0 139.699783,35.602546,0 139.699481,35.602789,0 139.699252,35.602947,0 139.699236,35.602957,0 139.699367,35.603027,0 139.699513,35.603109,0 139.699791,35.603256,0 139.699979,35.603357,0 139.700108,35.603428,0 139.700127,35.603438,0 139.700442,35.603608,0 139.700563,35.603674,0 139.700712,35.603754,0 139.700851,35.603831,0 139.700882,35.603846,0 139.701019,35.603921,0 139.701621,35.604248,0 139.701947,35.604426,0 139.702051,35.604479,0 139.702551,35.604748,0 139.702573,35.604762,0 139.702840,35.604909,0 139.702926,35.604893,0</coordinates>
          </LinearRing>
        </outerBoundaryIs>
      </Polygon>
    </Placemark>
  </Document>
</kml>